task_id,membership,meta_folds
3,CC18,10
4,outside,10
5,outside,10
7,outside,10
9,outside,10
10,outside,10
11,CC18,10
12,CC18,10
14,CC18,10
15,CC18,10
16,CC18,10
18,CC18,10
22,CC18,10
23,CC18,10
24,outside,10
25,outside,10
27,outside,10
29,CC18,10
30,outside,10
35,outside,10
37,CC18,10
39,outside,10
40,outside,10
43,CC18,10
45,CC18,10
47,outside,10
48,outside,10
49,CC18,10
50,outside,10
53,CC18,10
59,outside,10
2074,CC18,10
2079,CC18,10
2867,outside,10
3021,CC18,10
3022,CC18,10
3485,outside,10
3512,outside,10
3540,outside,10
3543,outside,10
3549,CC18,10
3560,CC18,10
3561,outside,10
3567,outside,10
3602,outside,10
3620,outside,10
3647,outside,10
3711,outside,10
3731,outside,10
3739,outside,10
3748,outside,10
3779,outside,10
3797,outside,10
3896,outside,10
3902,CC18,10
3903,CC18,10
3904,CC18,10
3913,CC18,10
3917,CC18,10
3918,CC18,10
3950,outside,10
3953,outside,10
9946,CC18,10
9952,CC18,10
9957,CC18,10
9960,CC18,10
9964,CC18,10
9971,CC18,10
9978,CC18,10
9979,outside,10
9984,outside,10
10089,outside,10
10093,CC18,10
10101,CC18,10
14952,CC18,10
14954,CC18,10
14965,CC18,10
14967,outside,10
125920,CC18,10
125921,outside,10
145793,outside,10
145799,outside,10
145836,outside,10
145847,outside,10
145977,outside,10
145984,outside,10
146024,outside,10
146032,outside,10
146063,outside,10
146065,outside,10
146192,outside,10
146210,outside,10
146607,outside,10
146800,CC18,10
146817,CC18,10
146818,outside,10
146820,CC18,10
146821,CC18,10
167140,CC18,10
167141,CC18,10
167211,outside,10
168911,outside,10
190408,outside,10
360948,outside,10
