task_id,log_nr_inst,log_nr_attr,log_nr_class,numeric_fraction,majority_class_fraction,normalized_class_entropy,membership
3,7.846785497825781,3.6109179126442243,1.0986122886681096,0.0,0.5223004694835681,0.9985645878299628,CC18
4,3.828641396489095,2.833213344056216,1.0986122886681096,0.5,0.6444444444444445,0.9389320105807948,outside
5,5.8944028342648505,5.634789603169249,2.639057329615259,0.7383512544802867,0.5423014773776547,0.6476579087693513,outside
7,5.201255653704905,4.248495242049359,3.1354942159291497,0.0,0.25,0.7629482153711746,outside
9,5.10594547390058,3.258096538021482,1.9459101490553132,0.6,0.3251533742331288,0.8788341186141486,outside
10,4.77912349311153,2.9444389791664403,1.6094379124341003,0.16666666666666666,0.5508474576271186,0.6129285438152043,outside
11,6.2166061010848646,1.6094379124341003,1.3862943611198906,1.0,0.460999843999376,0.8312455207903895,CC18
12,7.3783837129967145,5.37989735354046,2.3978952727983707,1.0,0.1,1.0,CC18
14,7.3783837129967145,4.343805421853684,2.3978952727983707,1.0,0.1,1.0,CC18
15,6.327936783729195,2.302585092994046,1.0986122886681096,1.0,0.6547406082289803,0.9297628824948913,CC18
16,7.3783837129967145,4.174387269895637,2.3978952727983707,1.0,0.1,1.0,CC18
18,7.3783837129967145,1.9459101490553132,2.3978952727983707,1.0,0.1,1.0,CC18
22,7.3783837129967145,3.8712010109078907,2.3978952727983707,1.0,0.1,1.0,CC18
23,7.07326971745971,2.302585092994046,1.3862943611198906,0.2222222222222222,0.42681382311561544,0.9711682228938319,CC18
24,8.779634376002223,3.1354942159291497,1.0986122886681096,0.0,0.5180027700831025,0.9990646436691405,outside
25,5.68697535633982,3.295836866004329,1.0986122886681096,0.2692307692307692,0.6627137341423055,0.9221971621990568,outside
27,5.68697535633982,3.1354942159291497,1.0986122886681096,0.3181818181818182,0.6315807679003805,0.9494470351985043,outside
29,6.315358001522335,2.772588722239781,1.0986122886681096,0.4,0.5561594202898551,0.9908805934008594,CC18
30,8.384804003370492,2.3978952727983707,1.791759469228055,1.0,0.8976935373372916,0.27364399528214745,outside
35,5.681877639268151,3.5553480614894135,1.9459101490553132,0.029411764705882353,0.3061224489795918,0.9407902676453965,outside
37,6.421622267806518,2.1972245773362196,1.0986122886681096,1.0,0.6514657980456026,0.9327521564455292,CC18
39,5.117993812416755,4.110873864173311,1.0986122886681096,1.0,0.536144578313253,0.9962271482775464,outside
40,5.150397236471415,2.302585092994046,1.9459101490553132,1.0,0.353796169630643,0.8401480887266416,outside
43,8.211211361793023,4.060443010546419,1.0986122886681096,1.0,0.6058136375984787,0.9674480827073582,CC18
45,7.845024417241484,4.110873864173311,1.3862943611198906,0.0,0.5188087774294671,0.9338831397567222,CC18
47,4.804021044733257,1.791759469228055,1.3862943611198906,0.6,0.3471074380165289,0.9995664158708231,outside
48,5.497168225293202,2.639057329615259,1.0986122886681096,0.46153846153846156,0.5445115050924179,0.9942730898511385,outside
49,6.642486801367256,2.302585092994046,1.0986122886681096,0.0,0.652967888862034,0.9313893499422202,CC18
50,5.465948207931987,2.639057329615259,1.0986122886681096,0.46153846153846156,0.6404280747501087,0.9423261627229166,outside
53,6.518409552753856,2.9444389791664403,1.6094379124341003,1.0,0.257396449704142,0.9995464483981532,CC18
59,4.795790545596741,1.6094379124341003,1.3862943611198906,1.0,0.3333333333333333,1.0,outside
2074,8.545780648268149,3.6109179126442243,1.9459101490553132,1.0,0.2381415241057543,0.9606984985714621,CC18
2079,6.379274719977426,2.995732273553991,1.791759469228055,0.7368421052631579,0.29117087512971285,0.9740813303396798,CC18
2867,6.577861357721047,3.6635616461296463,1.791759469228055,0.15789473684210525,0.7614747756112659,0.5130491671030161,outside
3021,8.012680929706839,3.367295829986474,1.0986122886681096,0.21428571428571427,0.93870112657389,0.3325795281328227,CC18
3022,6.675823221634848,2.5649493574615367,2.4849066497880004,0.8333333333333334,0.0909090909090909,1.0000000000000002,CC18
3485,7.563200592358071,5.703782474656201,1.0986122886681096,0.9832775919732442,0.8208257474612615,0.6782672713139708,outside
3512,6.175867270105761,4.110873864173311,1.9459101490553132,1.0,0.1666666666666666,1.0,outside
3540,4.574710978503383,1.3862943611198906,1.0986122886681096,0.0,0.6458333333333334,0.937734293986804,outside
3543,5.993961427306569,1.791759469228055,1.0986122886681096,0.4,0.555,0.9912540071703688,outside
3549,6.513230110912307,4.2626798770413155,1.6094379124341003,1.0,0.3762083864006226,0.8941578628732995,CC18
3560,6.45833828334479,1.6094379124341003,1.9459101490553132,0.0,0.19450992357396296,0.9982006767020355,CC18
3561,6.289715570908998,2.302585092994046,1.0986122886681096,0.5555555555555556,0.6660470879801734,0.9189129220974293,outside
3567,5.993961427306569,3.091042453358316,2.772588722239781,0.9047619047619048,0.16,0.9331711571879532,outside
3602,4.499809670330265,1.3862943611198906,1.0986122886681096,1.0,0.5168539325842697,0.9991802351145688,outside
3620,4.394449154672439,1.791759469228055,1.0986122886681096,1.0,0.54375,0.994356530809702,outside
3647,4.574710978503383,1.0986122886681096,1.0986122886681096,1.0,0.53125,0.997180398894264,outside
3711,9.494014423030425,2.9444389791664403,1.0986122886681096,1.0,0.6909405828752165,0.8920847319130194,outside
3731,4.653960350157523,1.0986122886681096,1.0986122886681096,0.0,0.8076923076923077,0.7062740891876007,outside
3739,4.394449154672439,1.3862943611198906,1.0986122886681096,0.0,0.8125,0.6962122601251458,outside
3748,4.663439094112067,1.3862943611198906,1.0986122886681096,1.0,0.638095238095238,0.9442529341277702,outside
3779,4.394449154672439,1.791759469228055,1.0986122886681096,1.0,0.55625,0.9907369311381529,outside
3797,6.830334132013552,1.791759469228055,1.0986122886681096,0.2,0.7787995787995788,0.7623526442855462,outside
3896,8.202756381655638,3.8918202981106265,1.0986122886681096,1.0,0.7517808219178083,0.8084433684191019,outside
3902,7.062191632286556,3.6375861597263857,1.0986122886681096,1.0,0.8782161234991424,0.534466917994952,CC18
3903,7.132497551660044,3.6375861597263857,1.0986122886681096,1.0,0.8976818545163869,0.4763011624744728,CC18
3904,9.07211225269274,3.091042453358316,1.0986122886681096,1.0,0.8065571928346449,0.7086182382250608,CC18
3913,6.037870919922137,3.091042453358316,1.0986122886681096,1.0,0.7959180732337208,0.7300169410716656,CC18
3917,7.431299675155903,3.091042453358316,1.0986122886681096,1.0,0.8456297038687257,0.6206694189684339,CC18
3918,6.78897174299217,3.091042453358316,1.0986122886681096,1.0,0.9312288613303268,0.361320957228011,CC18
3950,8.571491964823617,5.123963979403259,1.0986122886681096,0.9940119760479041,0.8459643804471391,0.6198479737792183,outside
3953,10.167773047181512,2.70805020110221,1.0986122886681096,0.42857142857142855,0.7591846136128066,0.7963936111124366,outside
9946,6.1224928095143865,3.4339872044851463,1.0986122886681096,1.0,0.6263736263736264,0.9534158774525224,CC18
9952,8.372051805746567,1.791759469228055,1.0986122886681096,1.0,0.7065695229664206,0.8731114793885812,CC18
9957,6.739336627357174,3.7376696182833684,1.0986122886681096,1.0,0.6629149206482905,0.9220018544948413,CC18
9960,8.381488009250862,3.2188758248682006,1.6094379124341003,1.0,0.4041237325504597,0.8573506481788495,CC18
9964,7.151485463904735,5.54907608489522,2.3978952727983707,1.0,0.1019607843137254,0.9999660619067737,CC18
9971,6.148468295917647,2.3978952727983707,1.0986122886681096,0.9,0.7139784946236559,0.8635263573312277,CC18
9978,7.615051882646502,4.290459441148391,1.0986122886681096,1.0,0.9368680602789365,0.3397540820311764,CC18
9979,7.439265493940961,3.58351893845611,2.3978952727983707,1.0,0.2723529411764706,0.8771502808896109,outside
9984,4.394449154672439,2.302585092994046,1.0986122886681096,1.0,0.875,0.5435644431995964,outside
10089,4.574710978503383,1.9459101490553132,1.0986122886681096,0.16666666666666666,0.5833333333333334,0.9798687566511528,outside
10093,7.002155954403621,1.6094379124341003,1.0986122886681096,1.0,0.5555555555555556,0.9910760598382222,CC18
10101,6.395261598115449,1.6094379124341003,1.0986122886681096,1.0,0.7625418060200669,0.7907877320094978,CC18
14952,9.087607606593886,3.4339872044851463,1.0986122886681096,0.0,0.5569376908289042,0.9906255296441236,CC18
14954,6.07073772800249,3.6375861597263857,1.0986122886681096,0.4864864864864865,0.5787037037037037,0.9820525584558656,CC18
14965,10.495985324946144,2.833213344056216,1.0986122886681096,0.4375,0.8830213718930576,0.5206132096599873,CC18
14967,7.7131144501490105,3.5263605246161616,1.9459101490553132,0.9393939393939394,0.24323721314084235,0.9750438556504739,outside
125920,5.993961427306569,2.5649493574615367,1.0986122886681096,0.08333333333333333,0.58,0.9814538950336535,CC18
125921,5.993961427306569,2.0794415416798357,2.3978952727983707,1.0,0.115,0.9970400712112409,outside
145793,6.923628628138427,2.1972245773362196,1.6094379124341003,1.0,0.3448275862068966,0.9472388593015743,outside
145799,5.4359030295006,2.302585092994046,1.0986122886681096,0.0,0.7024055772619321,0.8783289683452777,outside
145836,6.395261598115449,1.6094379124341003,1.0986122886681096,1.0,0.7625418060200669,0.7907877320094978,outside
145847,6.878326468291325,4.61512051684126,1.0986122886681096,1.0,0.5010309278350515,0.9999969333700434,outside
145977,5.596568390349052,2.0794415416798357,2.1972245773362196,1.0,0.4259259259259259,0.7276453087557132,outside
145984,5.641907070938114,3.5553480614894135,1.0986122886681096,1.0,0.6417132689374683,0.9412477460342613,outside
146024,3.295836866004329,4.04305126783455,1.3862943611198906,0.0,0.4230769230769231,0.9829448863161558,outside
146032,5.605802066295998,2.8903717578961645,3.044522437723423,0.0,0.24861623616236161,0.8428436792820799,outside
146063,4.859812404361672,1.6094379124341003,1.3862943611198906,1.0,0.40625,0.9570367372899957,outside
146065,6.1779441140506,1.9459101490553132,1.0986122886681096,0.0,0.6576489951489952,0.9270492067544409,outside
146192,7.232010331664759,3.091042453358316,1.6094379124341003,0.0,0.7004341534008683,0.6031667061305199,outside
146210,4.2626798770413155,2.1972245773362196,1.0986122886681096,0.0,0.7253968253968254,0.8479561321116911,outside
146607,8.810310466357958,4.795790545596741,1.0986122886681096,0.49166666666666664,0.8352730528200537,0.6454989300901356,outside
146800,6.762729506931879,4.356708826689592,2.1972245773362196,1.0,0.1388888888888889,0.997675595772185,CC18
146817,7.348587530927593,3.332204510175204,2.0794415416798357,1.0,0.3470701867353509,0.8585327536158027,CC18
146818,6.315358001522335,2.70805020110221,1.0986122886681096,0.42857142857142855,0.5561594202898551,0.9908805934008594,outside
146820,8.261526448396468,1.791759469228055,1.0986122886681096,1.0,0.9460087832601396,0.3031153073078748,CC18
146821,7.232010331664759,1.9459101490553132,1.6094379124341003,0.0,0.7004341534008683,0.6031667061305199,CC18
167140,7.84365254049521,5.198497031265826,1.3862943611198906,0.0,0.5192156862745098,0.9335970626091378,CC18
167141,8.294299608857235,3.044522437723423,1.0986122886681096,0.8,0.85875,0.5875031108110359,CC18
167211,8.314097335405807,3.6109179126442243,1.0986122886681096,1.0,0.9852941176470588,0.1105808447698871,outside
168911,7.778420832830016,4.976733742420574,1.0986122886681096,0.05555555555555555,0.5,1.0,outside
190408,10.372209110279307,2.4849066497880004,1.0986122886681096,0.45454545454545453,0.8315914637962326,0.6540512028818815,outside
360948,5.666426688112432,4.653960350157523,2.3978952727983707,0.8653846153846154,0.2881944444444444,0.843203573263038,outside
