task_id,membership,historical_fold_median_nr_inst,log_nr_inst,z_log_nr_inst
3,CC18,2556.5,7.846785497825781,0.837513979038746
11,CC18,500.0,6.2166061010848646,-0.26510411293656744
12,CC18,1600.0,7.3783837129967145,0.5206971407824232
14,CC18,1600.0,7.3783837129967145,0.5206971407824232
15,CC18,559.0,6.327936783729195,-0.18980244667761778
16,CC18,1600.0,7.3783837129967145,0.5206971407824232
18,CC18,1600.0,7.3783837129967145,0.5206971407824232
22,CC18,1600.0,7.3783837129967145,0.5206971407824232
23,CC18,1179.0,7.07326971745971,0.31432463216983664
24,outside,6499.5,8.779634376002223,1.4684727877518038
29,CC18,552.0,6.315358001522335,-0.1983104629511819
30,outside,4379.0,8.384804003370492,1.20141806175327
37,CC18,614.0,6.421622267806518,-0.1264356111589999
43,CC18,3681.0,8.211211361793023,1.084003752862011
45,CC18,2552.0,7.845024417241484,0.8363228222141935
49,CC18,766.0,6.642486801367256,0.022952383233903695
53,CC18,676.5,6.518409552753856,-0.060970784607111944
2074,CC18,5144.0,8.545780648268149,1.3102991833062072
2079,CC18,588.5,6.379274719977426,-0.1550785767617405
2867,outside,718.0,6.577861357721047,-0.020758869348910056
3021,CC18,3018.0,8.012680929706839,0.9497220617404464
3022,CC18,792.0,6.675823221634848,0.04550041701609049
3485,outside,1925.0,7.563200592358071,0.6457032813910313
3512,outside,480.0,6.175867270105761,-0.2926589772498372
3543,outside,400.0,5.993961427306569,-0.41569615567780316
3549,CC18,673.0,6.513230110912307,-0.06447404706536868
3560,CC18,637.0,6.45833828334479,-0.1016016922181266
3561,outside,538.0,6.289715570908998,-0.2156544485106933
3567,outside,400.0,5.993961427306569,-0.41569615567780316
3711,outside,13279.0,9.494014423030425,1.9516640033776615
3797,outside,924.5,6.830334132013552,0.15000825555934233
3896,outside,3650.0,8.202756381655638,1.078284987132662
3902,CC18,1166.0,7.062191632286556,0.30683165491789516
3903,CC18,1251.0,7.132497551660044,0.35438505844461493
3904,CC18,8708.0,9.07211225269274,1.6662984988276643
3913,CC18,418.0,6.037870919922137,-0.385996724397924
3917,CC18,1687.0,7.431299675155903,0.5564883533002901
3918,CC18,887.0,6.78897174299217,0.12203163007046997
3950,outside,5278.0,8.571491964823617,1.3276897618273444
3953,outside,26049.0,10.167773047181512,2.4073797669915313
9946,CC18,455.0,6.1224928095143865,-0.32876030819238883
9952,CC18,4323.5,8.372051805746567,1.192792751041642
9957,CC18,844.0,6.739336627357174,0.08845951119456721
9960,CC18,4364.5,8.381488009250862,1.1991751950378045
9964,CC18,1275.0,7.151485463904735,0.3672280716808838
9971,CC18,467.0,6.148468295917647,-0.3111910508987722
9978,CC18,2027.5,7.615051882646502,0.6807743728786229
9979,outside,1700.5,7.439265493940961,0.5618762608688445
10093,CC18,1098.0,7.002155954403621,0.2662248206455034
10101,CC18,598.0,6.395261598115449,-0.14426539809905445
14952,CC18,8844.0,9.087607606593886,1.6767792211255426
14954,CC18,432.0,6.07073772800249,-0.3637663261440094
14967,outside,2236.5,7.7131144501490105,0.7471017729733505
125920,CC18,400.0,5.993961427306569,-0.41569615567780316
125921,outside,400.0,5.993961427306569,-0.41569615567780316
145793,outside,1015.0,6.923628628138427,0.21311063528188365
145836,outside,598.0,6.395261598115449,-0.14426539809905445
145847,outside,970.0,6.878326468291325,0.18246923400246903
146065,outside,481.0,6.1779441140506,-0.2912542449164712
146192,outside,1382.0,7.232010331664759,0.42169335091556703
146607,outside,6702.0,8.810310466357958,1.4892214319101855
146800,CC18,864.0,6.762729506931879,0.10428194907719295
146817,CC18,1553.0,7.348587530927593,0.5005436475614403
146818,outside,552.0,6.315358001522335,-0.1983104629511819
146820,CC18,3871.0,8.261526448396468,1.1180357893968715
146821,CC18,1382.0,7.232010331664759,0.42169335091556703
167140,CC18,2548.5,7.84365254049521,0.8353949144493023
167141,CC18,4000.0,8.294299608857235,1.1402028464259912
167211,outside,4080.0,8.314097335405807,1.1535936005454925
168911,outside,2387.5,7.778420832830016,0.7912735979942652
190408,outside,31958.0,10.372209110279307,2.545655899222431
