task_id,in_cc18
3,True
4,False
5,False
7,False
9,False
10,False
11,True
12,True
14,True
15,True
16,True
18,True
23,True
24,False
30,False
35,False
37,True
39,False
40,False
43,True
45,True
47,False
48,False
49,True
50,False
59,False
3022,True
3512,False
3540,False
3543,False
3549,True
3560,True
3561,False
3567,False
3602,False
3620,False
3647,False
3711,False
3731,False
3739,False
3748,False
3779,False
3797,False
3953,False
9946,True
9952,True
9960,True
9964,True
9971,True
9978,True
9979,False
9984,False
10089,False
10093,True
10101,True
14965,True
14967,False
125920,True
125921,False
145793,False
145799,False
145836,False
145847,False
145977,False
145984,False
146024,False
146063,False
146065,False
146192,False
146210,False
146607,False
146800,True
146820,True
146821,True
167140,True
168911,False
190408,False
360948,False
