algorithm_a,algorithm_b,n_common,n_cc18,n_outside,delta_cc18,delta_outside,interaction,ci_lo,ci_hi,perm_p,sign_reversal,perm_q_bh,abs_interaction,ci_excludes_zero
DecisionTree,TabNet,166,71,95,-0.03637320937294449,0.021172515236043875,0.057545724608988366,0.028218011324908785,0.08590285337163195,9.999000099990002e-05,True,0.010198980101989802,0.057545724608988366,True
DecisionTree,NODE,138,58,80,-0.03551448953195529,0.005396550956104929,0.04091104048806022,0.01982960532006603,0.06290022896720372,0.0005999400059994001,True,0.015298470152984703,0.04091104048806022,True
DecisionTree,MLP-rtdl,171,71,100,-0.016386288012877837,0.02399649961487377,0.040382787627751604,0.0020184556611233095,0.07690907164477748,0.033396660333966606,True,0.1405805365409405,0.040382787627751604,True
DecisionTree,FTTransformer,139,59,80,-0.033007316399897034,0.003541349839322282,0.03654866623921932,0.012027547797806484,0.06175901256285758,0.006099390060993901,True,0.051844815518448155,0.03654866623921932,True
DecisionTree,KNN,164,68,96,-0.0009591232904972937,0.03435725044737482,0.03531637373787211,0.0033834777372590704,0.06762283909200852,0.04939506049395061,True,0.17993914894224863,0.03531637373787211,True
SAINT,SVM,97,38,59,-0.008849945982319385,0.026120638725319122,0.03497058470763851,0.0053581306482381776,0.0667822033882744,0.061693830616938304,True,0.20083310817854386,0.03497058470763851,True
DecisionTree,MLP,170,71,99,-0.0038735732768552635,0.02927505853121369,0.03314863180806896,0.0009027890164218875,0.06523504773075384,0.053094690530946904,True,0.1805219478052195,0.03314863180806896,True
NODE,SAINT,92,34,58,0.012092228760997558,-0.01956434773813768,-0.03165657649913524,-0.05713974036399725,-0.009600757106908539,0.015398460153984602,True,0.09816518348165183,0.03165657649913524,True
DecisionTree,STG,163,70,93,-0.005596072797130553,0.023809405386881352,0.029405478184011905,-0.004475411367451966,0.06149147976242408,0.0822917708229177,True,0.24212771030589247,0.029405478184011905,False
NODE,RandomForest,137,58,79,0.0054381085016388915,-0.018177161159516078,-0.02361526966115497,-0.04098643394048494,-0.007453956791215653,0.009499050094990502,True,0.06920736497778794,0.02361526966115497,True
FTTransformer,SAINT,103,38,65,0.00346871200172142,-0.019082973394992563,-0.022551685396713983,-0.045790319416419444,-0.0015948435214207866,0.12248775122487751,True,0.3176377277526485,0.022551685396713983,True
DANet,SAINT,99,36,63,0.005481612148541096,-0.013185855338028882,-0.01866746748656998,-0.04248985536535124,0.004004573701909097,0.146985301469853,True,0.34067638012318174,0.01866746748656998,False
NODE,ResNet,137,58,79,0.004597786858593708,-0.012718509385671374,-0.017316296244265082,-0.03448710292000962,-0.002127339060612252,0.0547945205479452,True,0.18225134008338295,0.017316296244265082,True
ResNet,SAINT,106,40,66,0.008148573166925552,-0.006483275873598051,-0.014631849040523604,-0.03359368875965853,0.003553550924068982,0.18738126187381263,True,0.3723290008661472,0.014631849040523604,False
DANet,RandomForest,146,62,84,0.002637674977862888,-0.010583900984664033,-0.01322157596252692,-0.03034670200761168,0.0034773964533115534,0.16178382161783822,True,0.3571100032853857,0.01322157596252692,False
DANet,ResNet,146,62,84,0.0018041252031581207,-0.009891964150642144,-0.011696089353800265,-0.027702102599654343,0.003580365122483333,0.17268273172682733,True,0.3619240815644463,0.011696089353800265,False
CatBoost,LightGBM,159,67,92,-0.001888616359586379,0.006143834441286848,0.008032450800873227,-0.003943437424916463,0.01996010566143312,0.26007399260073993,True,0.4470934928979012,0.008032450800873227,False
FTTransformer,NODE,121,51,70,-0.005672076891133727,0.0019190909693893715,0.007591167860523099,-0.013476289232789044,0.02874397937129487,0.5460453954604539,True,0.7080080127580461,0.007591167860523099,False
KNN,MLP,163,68,95,0.0013781024531085045,-0.0032958048891347925,-0.004673907342243297,-0.030932352915981412,0.022965243878573665,0.7548245175482452,True,0.8755786075527785,0.004673907342243297,False
FTTransformer,SVM,127,58,69,-0.0033069952582195166,0.0006262678400079787,0.003933263098227495,-0.027399058935429405,0.03279531723064483,0.8282171782821718,True,0.9308616583597115,0.003933263098227495,False
VIME,XGBoost,162,69,93,-0.08167489944010636,-0.1603232099403079,-0.07864831050020155,-0.12534512936510742,-0.029549246878874166,0.0025997400259974,False,0.03697130286971303,0.07864831050020155,True
DecisionTree,VIME,162,69,93,0.02952060367567018,0.10710379331861997,0.07758318964294979,0.029711335050270172,0.1249617148409174,0.0017998200179982,False,0.030596940305969402,0.07758318964294979,True
CatBoost,VIME,157,67,90,0.07954694811277256,0.15507057813040748,0.07552363001763492,0.025998736850103538,0.12381682112666965,0.004199580041995801,False,0.04589541045895411,0.07552363001763492,True
LightGBM,VIME,157,68,89,0.06895673282386378,0.13806052146837225,0.06910378864450847,0.026408353075530376,0.11341319013748269,0.0032996700329967,False,0.03883457808065348,0.06910378864450847,True
RandomForest,VIME,161,69,92,0.0652176063861632,0.13342460014052634,0.06820699375436315,0.02258698169839856,0.11495761226176832,0.0066993300669933005,False,0.053947236855261836,0.06820699375436315,True
SAINT,VIME,106,40,66,0.06255244844008624,0.1305909910299945,0.06803854258990825,0.018475092085428853,0.11809460294579702,0.018598140185981403,False,0.10538946105389461,0.06803854258990825,True
DANet,VIME,146,62,84,0.05922165288263956,0.12705107260491422,0.06782941972227466,0.026007743386192314,0.1101771038604172,0.004999500049995001,False,0.05099490050994901,0.06782941972227466,True
SAINT,TabNet,106,40,66,0.0014459335772463917,0.06550522293677222,0.06405928935952583,0.03630428458375227,0.09265423468794294,0.00039996000399960006,False,0.0152984701529847,0.06405928935952583,True
ResNet,VIME,162,69,93,0.0688040599562612,0.13269426340231935,0.06389020344605816,0.017724498400403462,0.10730515733874925,0.008099190080991902,False,0.061958804119588054,0.06389020344605816,True
LinearModel,VIME,158,65,93,0.0026228638248684253,0.06116527915822422,0.058542415333355795,0.0183772511101349,0.10067666502480746,0.0131986801319868,False,0.08979536828925803,0.058542415333355795,True
FTTransformer,VIME,136,59,77,0.05479582004709895,0.11135787196692937,0.056562051919830415,0.01997576830142585,0.09319216620506199,0.0058994100589941,False,0.051844815518448155,0.056562051919830415,True
SVM,VIME,141,65,76,0.05643596842475994,0.11176590723124084,0.055329938806480905,0.015164222985182085,0.09871177825672828,0.017698230176982303,False,0.10414727757993433,0.055329938806480905,True
CatBoost,TabNet,158,68,90,0.01552469955714136,0.07025707814732753,0.05473237859018616,0.03023721948426518,0.08072777087057818,0.00019998000199980003,False,0.010198980101989802,0.05473237859018616,True
TabNet,XGBoost,166,71,95,-0.019294647476598092,-0.07221863068886926,-0.05292398321227117,-0.07634984896006378,-0.030195967019313374,0.00019998000199980003,False,0.010198980101989802,0.05292398321227117,True
KNN,VIME,159,68,91,0.020445156011818094,0.0719370763057274,0.05149192029390931,0.012237526535835768,0.09161976862161515,0.021397860213978603,False,0.11500229287416085,0.05149192029390931,True
STG,VIME,158,68,90,0.03294605057857151,0.08378145161380018,0.050835401035228676,0.007684990531316502,0.0934107603900312,0.0217978202179782,False,0.11500229287416085,0.050835401035228676,True
MLP,VIME,162,69,93,0.029956350919142376,0.07569296814903947,0.045736617229897095,0.009508675345493232,0.08063300979790783,0.016698330166983303,False,0.10219378062193782,0.045736617229897095,True
RandomForest,TabNet,165,71,94,0.0012308529526788362,0.04530382479942838,0.04407297184674954,0.01833033245386923,0.07142705020291129,0.0028997100289971,False,0.03697130286971303,0.04407297184674954,True
LightGBM,TabNet,159,69,90,0.01734917499749563,0.05949820783744531,0.04214903283994968,0.020762516866561463,0.06508041759376726,0.0007999200079992001,False,0.017483965889125375,0.04214903283994968,True
ResNet,TabNet,165,71,94,0.006768526475865948,0.04827398749995397,0.041505461024088024,0.021021286519437965,0.06375209917164011,0.0004999500049995,False,0.0152984701529847,0.041505461024088024,True
KNN,SAINT,106,40,66,-0.027797290423143543,-0.06841805945786635,-0.0406207690347228,-0.07936899231276633,-0.0009623799654425905,0.07679232076792321,False,0.23187681231876814,0.0406207690347228,True
NODE,VIME,133,58,75,0.06576238652195489,0.10539195838923708,0.03962957186728219,0.003646722176648301,0.07789633450479959,0.051794820517948204,False,0.1805219478052195,0.03962957186728219,True
MLP-rtdl,VIME,162,69,93,0.04246001390838299,0.08118197847763588,0.038721964569252885,-0.0009949889110026262,0.07402553494050193,0.0415958404159584,False,0.1591040895910409,0.038721964569252885,False
MLP-rtdl,XGBoost,171,71,100,-0.039281568836664754,-0.0771210843772712,-0.03783951554060645,-0.07538545299382096,-0.00042141821764666047,0.0655934406559344,False,0.20907909209079092,0.03783951554060645,True
DANet,TabNet,147,62,85,0.008908664053785605,0.045622433870867875,0.03671376981708227,0.017119285542583018,0.05649420740888872,0.0016998300169983002,False,0.030596940305969402,0.03671376981708227,True
FTTransformer,TabNet,136,59,77,0.00252577925536897,0.038517932138567065,0.0359921528831981,0.004382318127456926,0.06614778381792322,0.031196880311968805,False,0.14038596140385962,0.0359921528831981,True
FTTransformer,XGBoost,139,59,80,-0.015555308577480921,-0.05051849901502152,-0.0349631904375406,-0.06641583480626062,-0.004339128736024828,0.045295470452954706,False,0.16902943851956267,0.0349631904375406,True
SVM,TabNet,142,65,77,0.006417898653103868,0.04113090008328139,0.03471300143017752,0.004643151694797579,0.06424008023068659,0.033996600339966,False,0.1405805365409405,0.03471300143017752,True
CatBoost,FTTransformer,136,58,78,0.01187590350507717,0.04622144923452868,0.03434554572945151,0.0066611398784208594,0.06589234632321045,0.038696130386961305,False,0.15180789613346357,0.03434554572945151,True
KNN,XGBoost,164,68,96,-0.05063126505870998,-0.08494414686452029,-0.034312881805810304,-0.061894689183872593,-0.006318635671722484,0.025797420257974202,False,0.12334391560843916,0.034312881805810304,True
CatBoost,MLP-rtdl,163,68,95,0.03540539255769127,0.06955541200888705,0.034150019451195786,-0.0037256977803995233,0.07210396644636202,0.0877912208779122,False,0.2534350338551051,0.034150019451195786,False
CatBoost,KNN,160,66,94,0.04752178755616463,0.08060345465151826,0.03308166709535363,0.005338652520714945,0.06088473661869199,0.025297470252974703,False,0.12334391560843916,0.03308166709535363,True
MLP-rtdl,SAINT,106,40,66,-0.01914293968095606,-0.05137252386772817,-0.03222958418677211,-0.07278575068163795,0.011376390199297159,0.1633836616338366,False,0.3571100032853857,0.03222958418677211,False
NODE,TabNet,135,58,77,0.011710747233866736,0.04385290917618591,0.03214216194231917,0.0074594042774500866,0.05781638976625675,0.024897510248975102,False,0.12334391560843916,0.03214216194231917,True
DecisionTree,LinearModel,167,67,100,0.01615109660688021,0.04803150629991437,0.03188040969303416,-0.005003453817924771,0.06952533408134277,0.1287871212878712,False,0.32840715928407155,0.03188040969303416,False
MLP,XGBoost,170,71,99,-0.051794283572687325,-0.08272336013641755,-0.03092907656373023,-0.06576283124319726,0.003050607006657583,0.09609039096090391,False,0.26730599667306,0.03092907656373023,False
LinearModel,XGBoost,167,67,100,-0.0716198689536628,-0.10115609106231181,-0.029536222108649007,-0.06968506550252172,0.011877477737330066,0.21297870212978703,False,0.3925992942874387,0.029536222108649007,False
LinearModel,TabNet,162,67,95,-0.05097911083545045,-0.021617681660793277,0.029361429174657176,-0.011235583263413805,0.06988549076637361,0.22247775222477753,False,0.4052273344094162,0.029361429174657176,False
STG,TabNet,163,70,93,-0.03129601227687024,-0.002509024883790253,0.028786987393079985,-0.0015953193829670897,0.061356987999718546,0.09369063093690631,False,0.2654567876545679,0.028786987393079985,False
CatBoost,NODE,136,58,78,0.006718926154471789,0.03516280344536408,0.02844387729089229,0.011336015299666373,0.04585344180934098,0.0027997200279972004,False,0.03697130286971303,0.02844387729089229,True
CatBoost,LinearModel,159,64,95,0.06785245838330925,0.09627899128150112,0.028426532898191872,-0.010424494855220406,0.06742220753039344,0.19488051194880512,False,0.3753862113788621,0.028426532898191872,False
CatBoost,MLP,162,68,94,0.047303882631687715,0.07534681028889749,0.028042927657209775,-0.00506693342014703,0.0590549417654095,0.11528847115288471,False,0.3041230359722648,0.028042927657209775,False
MLP-rtdl,RandomForest,170,71,99,-0.021217774312745494,-0.04868514492036171,-0.027467370607616216,-0.06323328366330228,0.008916044322918934,0.15678432156784322,False,0.35276472352764726,0.027467370607616216,False
DANet,DecisionTree,147,62,85,0.04128638574011439,0.013841396864541857,-0.02744498887557253,-0.052282453942088976,-0.0018998491842063653,0.0377962203779622,False,0.15180789613346357,0.02744498887557253,True
MLP,TabNet,165,71,94,-0.032499636096089225,-0.005605185660340766,0.02689445043574846,-0.005258935870174951,0.0578327317998458,0.13388661133886612,False,0.32952419043809905,0.02689445043574846,False
DecisionTree,SVM,143,65,78,-0.036968980678971426,-0.010746296772008805,0.02622268390696262,-0.006762482916712107,0.057992701957638004,0.1356864313568643,False,0.32952419043809905,0.02622268390696262,False
CatBoost,DANet,143,60,83,0.00882507132277381,0.03406327051743035,0.025238199194656537,0.007839315712641107,0.04417913597515011,0.013498650134986502,False,0.08979536828925803,0.025238199194656537,True
KNN,LightGBM,161,68,93,-0.048511576812045695,-0.07333333003267975,-0.024821753220634055,-0.053116805776643086,0.0030224059766029857,0.1080891910808919,False,0.29531511134600824,0.024821753220634055,False
STG,XGBoost,163,70,93,-0.050800149022118365,-0.07514477850626618,-0.02434462948414781,-0.056173327937762696,0.008196032214725741,0.1491850814918508,False,0.34067638012318174,0.02434462948414781,False
NODE,XGBoost,138,58,80,-0.008499961915850755,-0.03252265468878925,-0.024022692772938496,-0.04430048147035667,-0.0050180295124546,0.0282971702829717,False,0.1311959713119597,0.024022692772938496,True
CatBoost,STG,155,67,88,0.04633483612421551,0.07017755045159203,0.023842714327376523,-0.007589942845486287,0.052701626625424026,0.1332866713328667,False,0.32952419043809905,0.023842714327376523,False
LinearModel,SAINT,104,38,66,-0.06608394859449844,-0.08992048393898669,-0.02383653534448825,-0.081062942101572,0.032604078317296094,0.46925307469253075,False,0.6410332181067607,0.02383653534448825,False
CatBoost,SVM,139,63,76,0.0118275834850434,0.03521191258044918,0.02338432909540578,-0.00021952856613480982,0.0489575607063226,0.07729227077292271,False,0.23187681231876814,0.02338432909540578,False
KNN,RandomForest,163,68,95,-0.034589726098511374,-0.05797391798161297,-0.023384191883101597,-0.051560402864974035,0.0028079824191709537,0.11248875112488751,False,0.3019434898615401,0.023384191883101597,False
MLP,SAINT,106,40,66,-0.03631258420200349,-0.05843095776880847,-0.022118373566804975,-0.06065844728137194,0.015312860303900397,0.32066793320667936,False,0.5006346304145096,0.022118373566804975,False
FTTransformer,RandomForest,138,59,79,-0.0037695893265615624,-0.025855983193601415,-0.022086393867039852,-0.05117466915891163,0.007652355472071656,0.1820817918208179,False,0.3714468553144685,0.022086393867039852,False
SVM,XGBoost,143,65,78,-0.01434395950279005,-0.036372262614242146,-0.022028303111452097,-0.050239799139275274,0.004485032958638704,0.14088591140885912,False,0.3368053819618038,0.022028303111452097,False
MLP-rtdl,ResNet,170,71,99,-0.026755447835932603,-0.04842213407487998,-0.02166668623894738,-0.05067199579596912,0.007717645752201516,0.17218278172182783,False,0.3619240815644463,0.02166668623894738,False
LinearModel,NODE,136,56,80,-0.06058954082414093,-0.03907043548828841,0.021519105335852523,-0.011897645280805787,0.05563874903339057,0.23297670232976703,False,0.4144818076331902,0.021519105335852523,False
MLP,RandomForest,169,71,98,-0.03373048904876807,-0.05442633671056237,-0.020695847661794303,-0.049776023583031084,0.008789766726337791,0.1962803719628037,False,0.3753862113788621,0.020695847661794303,False
SAINT,STG,106,40,66,0.02795337368271692,0.048446071569587294,0.020492697886870373,-0.009693989822452441,0.049439909340033956,0.203979602039796,False,0.38529480385294806,0.020492697886870373,False
LightGBM,MLP-rtdl,164,69,95,0.03693792568614945,0.05741446429501091,0.020476538608861457,-0.016472770486074807,0.05758071230592441,0.3063693630636936,False,0.4986650271143098,0.020476538608861457,False
DANet,XGBoost,147,62,85,-0.010561586402518277,-0.03094701202349127,-0.020385425620972994,-0.03928952695137039,-0.0014458442883514494,0.052394760523947606,False,0.1805219478052195,0.020385425620972994,True
LinearModel,RandomForest,166,67,99,-0.053608789805927835,-0.07322685906947408,-0.01961806926354625,-0.054921117785918364,0.01538216542868055,0.31996800319968005,False,0.5006346304145096,0.01961806926354625,False
MLP-rtdl,TabNet,166,71,95,-0.01998692136006666,-0.0005239343783077549,0.019462986981758905,-0.014630744481092965,0.055600491653428195,0.30146985301469853,False,0.4959665323790201,0.019462986981758905,False
ResNet,SVM,142,65,77,0.0006510497473300262,0.019904288571013683,0.01925323882368366,0.003131028465062575,0.038326358937619744,0.033096690330966905,False,0.1405805365409405,0.01925323882368366,True
DecisionTree,LightGBM,164,69,95,-0.05035538974909,-0.031602568634483165,0.018752821114606834,-0.0013560689839233501,0.03766994650259969,0.0678932106789321,False,0.21199308640564515,0.018752821114606834,False
DecisionTree,ResNet,170,71,99,-0.04314173584881043,-0.02456965566764932,0.01857208018116111,-0.007240728528129945,0.04295939800716534,0.16718328167183283,False,0.3602681985322595,0.01857208018116111,False
KNN,TabNet,159,68,91,-0.030933317308284386,-0.012458210611569875,0.01847510669671451,-0.01373022026956843,0.04940195156070832,0.28927107289271076,False,0.4863568588196126,0.01847510669671451,False
KNN,ResNet,163,68,95,-0.03765140062447215,-0.05583476578370021,-0.01818336515922806,-0.043381635455223166,0.007321765200074427,0.206979302069793,False,0.38619308800827234,0.01818336515922806,False
TabNet,VIME,161,69,92,0.062120193168465385,0.08011876125133219,0.017998568082866803,-0.028827488164317988,0.06330451572325918,0.4667533246675332,False,0.6410332181067607,0.017998568082866803,False
LightGBM,SAINT,105,40,65,0.019652318471182158,0.0030104532321080305,-0.016641865239074127,-0.04580185740100014,0.012569879569368688,0.3123687631236876,False,0.49975002499750026,0.016641865239074127,False
ResNet,XGBoost,170,71,99,-0.012526121000732146,-0.028878645937554535,-0.01635252493682239,-0.03633700116160012,0.003527201119813262,0.14488551144885511,False,0.34067638012318174,0.01635252493682239,False
RandomForest,STG,162,70,92,0.03252546450523756,0.0488276528966311,0.016302188391393545,-0.011765707242724839,0.043138845264076985,0.2578742125787421,False,0.4470934928979012,0.016302188391393545,False
LightGBM,LinearModel,161,66,95,0.06843048301950555,0.08418914013119227,0.015758657111686725,-0.02590761285897063,0.05830492913456748,0.5118488151184881,False,0.6809814670706842,0.015758657111686725,False
NODE,STG,133,57,76,0.04376992590462366,0.0287638283242544,-0.015006097580369263,-0.04057297050800408,0.009610552035415115,0.23827617238276172,False,0.4190374066041671,0.015006097580369263,False
MLP,ResNet,170,71,99,-0.03926816257195518,-0.05384471419886302,-0.014576551626907838,-0.04085600812182112,0.010343918440661735,0.31356864313568644,False,0.49975002499750026,0.014576551626907838,False
FTTransformer,LightGBM,138,59,79,-0.014233548695672903,-0.028572872248928564,-0.014339323553255661,-0.043065043799864255,0.013915124527047004,0.35236476352364765,False,0.5351435153514351,0.014339323553255661,False
DANet,KNN,146,62,84,0.04035541514783566,0.054688492338411096,0.014333077190575437,-0.014043206441148199,0.04228964396058092,0.37376262373762625,False,0.5606439356064393,0.014333077190575437,False
LightGBM,MLP,163,69,94,0.04931094685344389,0.06349411152653409,0.014183164673090193,-0.019213187569886027,0.04785086103791383,0.43815618438156184,False,0.626522394489523,0.014183164673090193,False
LinearModel,ResNet,166,67,99,-0.05831753173677824,-0.07231747729396329,-0.013999945557185048,-0.048637112254871766,0.019466356712951313,0.45585441455854414,False,0.6340520493405205,0.013999945557185048,False
DecisionTree,RandomForest,170,71,99,-0.037604062325623334,-0.024382174743504317,0.013221887582119018,-0.005640561949519461,0.03127931017223346,0.19358064193580643,False,0.3753862113788621,0.013221887582119018,False
CatBoost,ResNet,162,68,94,0.008816599592301527,0.022030741785459444,0.013214142193157917,-0.005604931367520829,0.031171760328717685,0.17768223177682232,False,0.3673700197547813,0.013214142193157917,False
LightGBM,NODE,136,58,78,0.0056467061549822905,0.018486059518300353,0.012839353363318063,-0.007798007134285521,0.03384163282231547,0.26807319268073193,False,0.4557244275572443,0.012839353363318063,False
FTTransformer,ResNet,138,59,79,-0.004283592386028889,-0.01664751789925025,-0.012363925513221363,-0.03518848751222818,0.00627473424155895,0.35326467353264673,False,0.5351435153514351,0.012363925513221363,False
DecisionTree,SAINT,106,40,66,-0.0406021726354292,-0.028254847799506964,0.012347324835922237,-0.02197892714038152,0.046846980178439045,0.5028497150284972,False,0.6748772491171936,0.012347324835922237,False
KNN,STG,157,67,90,-0.0013712753504392674,-0.01362533009466408,-0.012254054744224812,-0.04162178416175869,0.016487517285517055,0.420957904209579,False,0.619155065625513,0.012254054744224812,False
RandomForest,SVM,142,65,77,9.402459230757502e-05,0.01207241631731462,0.011978391725007045,-0.010183390045734623,0.03371973428184386,0.3010698930106989,False,0.4959665323790201,0.011978391725007045,False
LightGBM,STG,156,68,88,0.04711182305045157,0.059079661154644005,0.011967838104192434,-0.020861928972634086,0.04433848536888755,0.48435156484351566,False,0.6558034462040522,0.011967838104192434,False
LightGBM,SVM,140,65,75,0.011889662168634322,0.023522263386411033,0.011632601217776711,-0.015891806663218027,0.040424714561584474,0.42895710428957107,False,0.619155065625513,0.011632601217776711,False
KNN,SVM,143,65,78,-0.03759905113609884,-0.049093673542518375,-0.011494622406419533,-0.04026867556479231,0.015645345454439245,0.44515548445155484,False,0.6306369363063694,0.011494622406419533,False
MLP,NODE,137,58,79,-0.044589491436935524,-0.03332530831460306,0.011264183122332468,-0.014692309512790882,0.038475404726107644,0.41175882411758824,False,0.6116417484465146,0.011264183122332468,False
RandomForest,XGBoost,170,71,99,-0.01806379452391925,-0.02918127027553512,-0.011117475751615872,-0.02725392638295241,0.0037833120136836025,0.22677732226777322,False,0.40819918008199174,0.011117475751615872,False
LightGBM,XGBoost,164,69,95,-0.002056462951163978,-0.012986692321683358,-0.01093022937051938,-0.018141769331875456,-0.004214262395673715,0.006099390060993901,False,0.051844815518448155,0.01093022937051938,True
DANet,LightGBM,143,62,81,-0.007857500473923805,-0.018022627783267544,-0.01016512730934374,-0.029538081278885804,0.008789525273885934,0.34056594340565943,False,0.5263291852632919,0.01016512730934374,False
DANet,MLP-rtdl,147,62,85,0.03104743434053229,0.04106472661816279,0.010017292277630499,-0.027979199865012305,0.04543643226641334,0.6037396260373963,False,0.7697680231976803,0.010017292277630499,False
CatBoost,RandomForest,162,68,94,0.01232737956570287,0.02219434162096189,0.00986696205525902,-0.0019451464480011826,0.023341307454194646,0.18688131186881313,False,0.3723290008661472,0.00986696205525902,False
MLP-rtdl,STG,163,70,93,0.01094288003263747,0.0011105600006761634,-0.009832320031961305,-0.03919225395208482,0.02051248395208462,0.5417458254174583,False,0.7080080127580461,0.009832320031961305,False
MLP-rtdl,NODE,138,58,80,-0.033121152389299066,-0.023540768565942522,0.009580383823356544,-0.022048068423151743,0.04344232116062976,0.5883411658834117,False,0.7564386418501007,0.009580383823356544,False
STG,SVM,142,65,77,-0.03313496327697315,-0.023604245005674526,0.009530718271298623,-0.014388601498491794,0.03563481923694208,0.45185481451854814,False,0.6340520493405205,0.009530718271298623,False
ResNet,STG,162,70,92,0.03807743393400034,0.04758834467292097,0.009510910738920623,-0.014533519435972468,0.031715454834809434,0.42595740425957407,False,0.619155065625513,0.009510910738920623,False
MLP,MLP-rtdl,170,71,99,-0.012512714736022574,-0.0054225801239830155,0.0070901346120395585,-0.013031301667870034,0.026562132875018563,0.5308469153084692,False,0.7001687762258256,0.0070901346120395585,False
DANet,LinearModel,146,61,85,0.056901176545333776,0.05015675897014778,-0.006744417575185999,-0.04053124252526398,0.02680531772192781,0.7244275572442755,False,0.868905296970303,0.006744417575185999,False
LinearModel,MLP-rtdl,167,67,100,-0.029938236325297313,-0.024035006685040612,0.005903229640256701,-0.02979640879571184,0.04058186240287821,0.7611238876112388,False,0.8755786075527785,0.005903229640256701,False
MLP,STG,162,70,92,-0.001724412403221023,-0.007477330003963731,-0.005752917600742708,-0.03276747597087921,0.02012080924384107,0.672032796720328,False,0.8359432349447983,0.005752917600742708,False
FTTransformer,MLP,138,59,79,0.037541229747938686,0.043211285978656984,0.005670056230718298,-0.020689226912497218,0.03381675544705378,0.6984301569843016,False,0.8617726936983722,0.005670056230718298,False
RandomForest,SAINT,105,40,65,-0.0003332767338479897,-0.005838553784980081,-0.005505277051132091,-0.03454373556617895,0.022533164125784773,0.7427257274272573,False,0.8755786075527785,0.005505277051132091,False
MLP,SVM,142,65,77,-0.039966816058367605,-0.03450461769281648,0.0054621983655511255,-0.021616466123558213,0.03291543312433103,0.714028597140286,False,0.8670347250989187,0.0054621983655511255,False
LightGBM,ResNet,163,69,94,0.010657026636200847,0.01600561387188567,0.0053485872356848225,-0.015111727613567808,0.02522408534103109,0.6232376762323768,False,0.7816013480619152,0.0053485872356848225,False
FTTransformer,STG,136,59,77,0.031768060045249055,0.026477607845958023,-0.005290452199291033,-0.03437437778508318,0.021126905263849628,0.7269273072692731,False,0.868905296970303,0.005290452199291033,False
RandomForest,ResNet,169,71,98,-0.005537673523187111,-0.0002717413702947353,0.005265932152892375,-0.014455455647350676,0.023795118903531295,0.6115388461153884,False,0.7732681277326813,0.005265932152892375,False
FTTransformer,KNN,139,59,80,0.03575343027332235,0.040914921503493046,0.005161491230170699,-0.029481313040102573,0.04027423244135191,0.798020197980202,False,0.9111723156042604,0.005161491230170699,False
KNN,NODE,136,58,78,-0.04705192925528188,-0.051732311186243954,-0.004680381930962076,-0.03212004146061206,0.022283362589350944,0.7541245875412459,False,0.8755786075527785,0.004680381930962076,False
FTTransformer,LinearModel,137,57,80,0.05486502409354296,0.05904384268260006,0.004178818589057096,-0.03490819431235147,0.04299951180954439,0.8515148485151485,False,0.9337491782736621,0.004178818589057096,False
NODE,SVM,123,56,67,0.00645776615826567,0.0028282291065333596,-0.0036295370517323102,-0.021478622530466125,0.013572979127032732,0.7073292670732927,False,0.8657710228977102,0.0036295370517323102,False
DANet,NODE,128,53,75,0.00023685425632304053,0.002780989028746132,0.0025441347724230916,-0.011794204774017202,0.0173108488354582,0.7565243475652434,False,0.8755786075527785,0.0025441347724230916,False
DecisionTree,XGBoost,171,71,100,-0.05566785684954259,-0.05312458476239744,0.0025432720871451514,-0.02037825247007223,0.024139613893313972,0.8335166483351665,False,0.9308616583597115,0.0025432720871451514,False
CatBoost,SAINT,103,39,64,0.012961921772312849,0.015473375510095776,0.002511453737782927,-0.02828791629661229,0.030265854826990703,0.882011798820118,False,0.9394315740839709,0.002511453737782927,False
FTTransformer,MLP-rtdl,139,59,80,0.02541903059765924,0.027894135540199184,0.002475104942539944,-0.028847619402805606,0.03226645425187728,0.8861113888611138,False,0.9394315740839709,0.002475104942539944,False
DANet,STG,147,62,85,0.03346774571757664,0.03588841091682161,0.00242066519924497,-0.024471824866401298,0.028199482007103704,0.8545145485451455,False,0.9337491782736621,0.00242066519924497,False
LinearModel,SVM,142,64,78,-0.05413395128242965,-0.051929081300522574,0.0022048699819070747,-0.031522966977968456,0.03586058141825524,0.9032096790320968,False,0.9438535876142116,0.0022048699819070747,False
CatBoost,DecisionTree,163,68,95,0.047573346180083215,0.04544364581496111,-0.0021297003651221044,-0.02111291580275719,0.018630155371438462,0.8605139486051395,False,0.9337491782736621,0.0021297003651221044,False
DANet,MLP,146,62,84,0.043575140458620584,0.045656450478884704,0.0020813100202641197,-0.026932188574171317,0.030873759735841177,0.8903109689031097,False,0.9394315740839709,0.0020813100202641197,False
DANet,SVM,135,62,73,0.000710860017089719,0.0025424376490923517,0.0018315776320026328,-0.015152926971877052,0.019105746477050704,0.8397160283971603,False,0.9309895097446778,0.0018315776320026328,False
LinearModel,MLP,166,67,99,-0.016738818879706917,-0.01847276309510028,-0.001733944215393364,-0.02924785425413356,0.025059883991674987,0.9108089191080891,False,0.9438535876142116,0.001733944215393364,False
CatBoost,XGBoost,163,68,95,-0.004404836219962477,-0.006133852198071866,-0.001729015978109389,-0.01384358340350815,0.009132690004905648,0.8145185481451854,False,0.9231210212312101,0.001729015978109389,False
DANet,FTTransformer,130,56,74,0.005901333040049272,0.007456295003566215,0.001554961963516943,-0.021270643393227925,0.026205134878994157,0.913008699130087,False,0.9438535876142116,0.001554961963516943,False
LinearModel,STG,160,67,93,-0.020232169013739504,-0.018841446703056895,0.0013907223106826086,-0.03323097906237105,0.03636134005179734,0.9417058294170583,False,0.9612707603411844,0.0013907223106826086,False
LightGBM,RandomForest,163,69,94,0.014140167576899247,0.015496314087866133,0.001356146510966886,-0.01444703240124465,0.017759317879259245,0.8856114388561144,False,0.9394315740839709,0.001356146510966886,False
KNN,LinearModel,161,65,96,0.01757412106378886,0.01629190939567512,-0.0012822116681137398,-0.03508666022271537,0.03310002226373207,0.9487051294870513,False,0.9612707603411844,0.0012822116681137398,False
SAINT,XGBoost,106,40,66,-0.01798100149917468,-0.019025809102175592,-0.0010448076030009114,-0.029099252888682946,0.028448175425596866,0.946905309469053,False,0.9612707603411844,0.0010448076030009114,False
MLP-rtdl,SVM,143,65,78,-0.027275451397872196,-0.026472679711384846,0.0008027716864873503,-0.034867809901001974,0.03823740311039193,0.9662033796620338,False,0.9662033796620338,0.0008027716864873503,False
KNN,MLP-rtdl,164,68,96,-0.011007757260763803,-0.010241574322965791,0.0007661829377980118,-0.0297465817975238,0.03020517743233958,0.9624037596240376,False,0.9662033796620338,0.0007661829377980118,False
