task_id,dataset_name,algorithm_count,in_cc18
3,openml__kr-vs-kp__3,15,True
4,openml__labor__4,15,False
5,openml__arrhythmia__5,15,False
6,openml__letter__6,14,True
7,openml__audiology__7,15,False
9,openml__autos__9,15,False
10,openml__lymph__10,15,False
11,openml__balance-scale__11,15,True
12,openml__mfeat-factors__12,15,True
14,openml__mfeat-fourier__14,15,True
15,openml__breast-w__15,15,True
16,openml__mfeat-karhunen__16,15,True
18,openml__mfeat-morphological__18,15,True
22,openml__mfeat-zernike__22,14,True
23,openml__cmc__23,15,True
24,openml__mushroom__24,15,False
25,openml__colic__25,14,False
27,openml__colic__27,14,False
28,openml__optdigits__28,14,True
29,openml__credit-approval__29,14,True
30,openml__page-blocks__30,15,False
31,openml__credit-g__31,14,True
32,openml__pendigits__32,13,True
35,openml__dermatology__35,15,False
37,openml__diabetes__37,15,True
39,openml__sonar__39,15,False
40,openml__glass__40,15,False
41,openml__soybean__41,13,False
42,openml__haberman__42,14,False
43,openml__spambase__43,15,True
45,openml__splice__45,15,True
47,openml__tae__47,15,False
48,openml__heart-c__48,15,False
49,openml__tic-tac-toe__49,15,True
50,openml__heart-h__50,15,False
53,openml__vehicle__53,14,True
54,openml__hepatitis__54,14,False
59,openml__iris__59,15,False
219,openml__electricity__219,14,True
2068,openml__solar-flare__2068,14,False
2074,openml__satimage__2074,13,True
2076,openml__kropt__2076,13,False
2079,openml__eucalyptus__2079,14,True
2867,openml__anneal__2867,14,False
3021,openml__sick__3021,14,True
3022,openml__vowel__3022,15,True
3481,openml__isolet__3481,12,True
3485,openml__scene__3485,15,False
3510,openml__JapaneseVowels__3510,14,False
3512,openml__synthetic_control__3512,15,False
3540,openml__analcatdata_boxing1__3540,15,False
3543,openml__irish__3543,15,False
3549,openml__analcatdata_authorship__3549,15,True
3560,openml__analcatdata_dmft__3560,15,True
3561,openml__profb__3561,15,False
3566,openml__fl2000__3566,14,False
3567,openml__collins__3567,15,False
3573,openml__mnist_784__3573,9,True
3602,openml__visualizing_environmental__3602,15,False
3620,openml__fri_c0_100_5__3620,15,False
3647,openml__rabe_266__3647,15,False
3686,openml__house_16H__3686,14,False
3711,openml__elevators__3711,15,False
3731,openml__visualizing_livestock__3731,15,False
3735,openml__pollen__3735,14,False
3739,openml__analcatdata_chlamydia__3739,15,False
3748,openml__transplant__3748,15,False
3779,openml__fri_c3_100_5__3779,15,False
3797,openml__socmob__3797,15,False
3889,openml__sylva_agnostic__3889,14,False
3891,openml__gina_agnostic__3891,14,False
3896,openml__ada_agnostic__3896,14,False
3897,openml__eye_movements__3897,14,False
3902,openml__pc4__3902,14,True
3903,openml__pc3__3903,14,True
3904,openml__jm1__3904,14,True
3913,openml__kc2__3913,14,True
3917,openml__kc1__3917,14,True
3918,openml__pc1__3918,14,True
3950,openml__musk__3950,14,False
3952,openml__chess__3952,13,False
3953,openml__adult-census__3953,15,False
3954,openml__MagicTelescope__3954,14,False
7592,openml__adult__7592,14,True
9892,openml__nursery__9892,14,False
9899,openml__bank-marketing__9899,13,False
9910,openml__Bioresponse__9910,14,True
9945,openml__walking-activity__9945,8,False
9946,openml__wdbc__9946,15,True
9952,openml__phoneme__9952,15,True
9956,openml__one-hundred-plants-texture__9956,13,False
9957,openml__qsar-biodeg__9957,14,True
9960,openml__wall-robot-navigation__9960,15,True
9964,openml__semeion__9964,15,True
9965,openml__skin-segmentation__9965,10,False
9971,openml__ilpd__9971,15,True
9974,openml__ldpa__9974,9,False
9976,openml__madelon__9976,15,True
9977,openml__nomao__9977,13,True
9978,openml__ozone-level-8hr__9978,15,True
9979,openml__cardiotocography__9979,15,False
9981,openml__cnae-9__9981,14,True
9984,openml__fertility__9984,15,False
9985,openml__first-order-theorem-proving__9985,14,True
9986,openml__gas-drift__9986,13,False
9987,openml__gas-drift-different-concentrations__9987,12,False
10089,openml__acute-inflammations__10089,15,False
10093,openml__banknote-authentication__10093,15,True
10101,openml__blood-transfusion-service-center__10101,15,True
14951,openml__eeg-eye-state__14951,14,False
14952,openml__PhishingWebsites__14952,14,True
14954,openml__cylinder-bands__14954,14,True
14964,openml__artificial-characters__14964,14,False
14965,openml__bank-marketing__14965,15,True
14967,openml__cjs__14967,15,False
14969,openml__GesturePhaseSegmentationProcessed__14969,14,True
14970,openml__har__14970,13,True
34539,openml__Amazon_employee_access__34539,13,False
125920,openml__dresses-sales__125920,15,True
125921,openml__LED-display-domain-7digit__125921,15,False
125922,openml__texture__125922,13,True
145793,openml__yeast__145793,15,False
145799,openml__breast-cancer__145799,15,False
145836,openml__blood-transfusion-service-center__145836,15,False
145847,openml__hill-valley__145847,15,False
145977,openml__ecoli__145977,15,False
145984,openml__ionosphere__145984,15,False
146024,openml__lung-cancer__146024,15,False
146032,openml__primary-tumor__146032,14,False
146063,openml__hayes-roth__146063,15,False
146065,openml__monks-problems-2__146065,15,False
146192,openml__car-evaluation__146192,15,False
146195,openml__connect-4__146195,13,True
146206,openml__magic__146206,14,False
146210,openml__postoperative-patient-data__146210,15,False
146212,openml__shuttle__146212,12,False
146606,openml__higgs__146606,10,False
146607,openml__SpeedDating__146607,15,False
146800,openml__MiceProtein__146800,15,True
146817,openml__steel-plates-fault__146817,14,True
146818,openml__Australian__146818,14,False
146819,openml__climate-model-simulation-crashes__146819,14,True
146820,openml__wilt__146820,15,True
146821,openml__car__146821,15,True
146822,openml__segment__146822,14,True
146824,openml__mfeat-pixel__146824,14,True
146825,openml__Fashion-MNIST__146825,8,True
167119,openml__jungle_chess_2pcs_raw_endgame_complete__167119,11,True
167120,openml__numerai28.6__167120,10,True
167124,openml__CIFAR_10__167124,7,True
167125,openml__Internet-Advertisements__167125,14,True
167140,openml__dna__167140,15,True
167141,openml__churn__167141,14,True
167211,openml__Satellite__167211,14,False
168330,openml__jannis__168330,11,False
168331,openml__volkert__168331,11,False
168332,openml__robert__168332,9,False
168335,openml__MiniBooNE__168335,10,False
168337,openml__guillermo__168337,8,False
168338,openml__riccardo__168338,8,False
168340,openml__Census-Income__168340,9,False
168868,openml__APSFailure__168868,12,False
168908,openml__christine__168908,13,False
168909,openml__dilbert__168909,12,False
168910,openml__fabert__168910,13,False
168911,openml__jasmine__168911,15,False
168912,openml__sylvine__168912,12,False
189354,openml__airlines__189354,9,False
190408,openml__Click_prediction_small__190408,15,False
190410,openml__philippine__190410,13,False
360948,openml__libras__360948,15,False
