m2_ms,m4_ms,minf_ms,n,serial_ms,src,trace
21.885916,21.885916,21.885916,2,43.648374000000004,nl2bash_0_6B_20260328T133144Z.jsonl,a97784439002
19.375042,19.375042,19.375042,2,37.304208,nl2bash_0_6B_20260328T133144Z.jsonl,fd5389cfc34a
23.450375,23.450375,23.450375,2,44.110083,nl2bash_0_6B_20260328T133144Z.jsonl,5241f2c81001
30.173125,30.173125,30.173125,2,59.270042000000004,nl2bash_0_6B_20260328T133144Z.jsonl,82eb5f88c159
33.608666,33.608666,33.608666,2,54.465333,nl2bash_0_6B_20260328T133144Z.jsonl,76d27d3e891e
27.689375,27.689375,27.689375,2,51.760875,nl2bash_0_6B_20260328T133144Z.jsonl,e5388be4bf4f
29.867708,29.867708,29.867708,2,56.231624,nl2bash_0_6B_20260328T133144Z.jsonl,5e2312bc2391
22.210292,22.210292,22.210292,2,42.957209,nl2bash_0_6B_20260328T133144Z.jsonl,04db37841c46
18.397666,18.397666,18.397666,2,31.797707000000003,nl2bash_1_7B_20260403T211347Z.jsonl,496a76011093
20.938792,20.938792,20.938792,2,40.697833,nl2bash_1_7B_20260403T211347Z.jsonl,dc3c0b4d95b5
26.539167,18.846709,18.846709,3,45.385875999999996,nl2bash_1_7B_20260403T211347Z.jsonl,5b3b1fdbf8d0
12.898,12.898,12.898,2,25.050125,nl2bash_1_7B_20260403T211347Z.jsonl,f79156298d6f
22.380375,22.380375,22.380375,2,37.0835,nl2bash_1_7B_20260403T211347Z.jsonl,29554558d2bf
84.058167,84.058167,84.058167,3,113.368584,nl2bash_1_7B_20260403T211347Z.jsonl,4af7c1987edc
76.545042,76.545042,76.545042,2,76.74095899999999,nl2bash_1_7B_20260403T211347Z.jsonl,25e92b0ba6c7
22.25625,22.25625,22.25625,2,32.931291,nl2bash_1_7B_20260403T211347Z.jsonl,bd2ec55f9130
57.30033400000001,39.699042,39.699042,3,96.999376,nl2bash_1_7B_20260403T211347Z.jsonl,6f2a1fb434de
22.398875,13.700208,13.700208,3,36.099083,nl2bash_1_7B_20260403T211347Z.jsonl,5720878fc4e3
18.664708,18.664708,18.664708,2,32.744458,nl2bash_1_7B_20260403T211347Z.jsonl,e7f711d38979
13.655458,13.655458,13.655458,2,24.019333,nl2bash_1_7B_20260403T211347Z.jsonl,4543ed948a8a
12.726625,12.726625,12.726625,2,24.789167,nl2bash_1_7B_20260403T211347Z.jsonl,6c46255cfd6b
15.453292,15.453292,15.453292,2,29.534416999999998,nl2bash_1_7B_20260403T211347Z.jsonl,4981367fdf1e
13.528333,13.528333,13.528333,2,26.945166,nl2bash_1_7B_20260403T211347Z.jsonl,a232ef09bb9b
0.19379200000000002,0.133667,0.133667,3,0.327459,nl2bash_1_7B_20260403T211347Z.jsonl,cc33b3183bb8
0.189083,0.189083,0.189083,2,0.35825,nl2bash_1_7B_20260403T211347Z.jsonl,c949bf88f4e5
13.695959,13.695959,13.695959,2,25.423334,nl2bash_1_7B_20260403T211347Z.jsonl,86104d62b328
28.389792,17.114708,17.114708,3,45.5045,nl2bash_1_7B_20260403T211347Z.jsonl,6c54f4224e8f
11.687667,11.687667,11.687667,2,23.046709,nl2bash_1_7B_20260403T211347Z.jsonl,6a11f05ee6d6
39.832251,37.330959,37.330959,4,77.16320999999999,nl2bash_1_7B_20260403T211347Z.jsonl,fd703ec93692
20.264041,20.264041,20.264041,2,32.625499,nl2bash_1_7B_20260403T211347Z.jsonl,4343569aec67
38.16675,23.985708,18.281375,5,69.485333,nl2bash_1_7B_20260403T211347Z.jsonl,c54c20484284
15.177167,15.177167,15.177167,2,28.255875000000003,nl2bash_1_7B_20260403T211347Z.jsonl,c304a84987dd
18.173834,18.173834,18.173834,2,32.798041999999995,nl2bash_1_7B_20260403T211347Z.jsonl,914ea6d85bd6
