levels,max_width,mean_width,src,tasks
8,18,7.25,montage,58
8,198,38.75,montage,310
8,45,12.875,montage,103
8,423,77.375,montage,619
8,423,77.375,montage,619
8,516,93.5,montage,748
8,936,164,montage,1312
8,1242,217.25,montage,1738
8,3411,605.75,montage,4846
8,4731,889.625,montage,7117
8,6285,1225.625,montage,9805
8,18,7.25,montage,58
8,108,22.25,montage,178
8,360,59,montage,472
8,900,133.25,montage,1066
8,1890,265.25,montage,2122
8,6048,806,montage,6448
4,1080,545.25,cycles,2181
4,320,165.25,cycles,661
4,2160,1090.5,cycles,4362
4,640,330.5,cycles,1322
4,3240,1635.75,cycles,6543
4,960,495.75,cycles,1983
4,108,54.75,cycles,219
4,32,16.75,cycles,67
4,216,109.5,cycles,438
4,64,33.5,cycles,134
4,324,164.25,cycles,657
4,96,50.25,cycles,201
4,216,109.25,cycles,437
4,64,33.25,cycles,133
4,432,218.5,cycles,874
4,128,66.5,cycles,266
4,648,327.75,cycles,1311
4,192,99.75,cycles,399
4,540,272.75,cycles,1091
4,160,82.75,cycles,331
4,1080,545.5,cycles,2182
4,320,165.5,cycles,662
4,1620,818.25,cycles,3273
4,480,248.25,cycles,993
9,9,4.555555555555555,epigenomics,41
9,17,8.11111111111111,epigenomics,73
9,28,13.222222222222221,epigenomics,119
9,54,24.77777777777778,epigenomics,223
9,56,25.88888888888889,epigenomics,233
9,109,49.44444444444444,epigenomics,445
9,84,38.55555555555556,epigenomics,347
9,165,74.55555555555556,epigenomics,671
9,102,46.77777777777778,epigenomics,421
9,201,90.77777777777777,epigenomics,817
9,123,56.333333333333336,epigenomics,507
9,242,109.22222222222223,epigenomics,983
9,140,64.11111111111111,epigenomics,577
9,276,124.55555555555556,epigenomics,1121
9,30,13.88888888888889,epigenomics,125
9,59,26.77777777777778,epigenomics,241
9,64,29.22222222222222,epigenomics,263
9,127,57.22222222222222,epigenomics,515
9,99,45,epigenomics,405
9,196,88.11111111111111,epigenomics,793
9,137,62.111111111111114,epigenomics,559
9,271,121.66666666666667,epigenomics,1095
9,175,79.22222222222223,epigenomics,713
9,346,155.22222222222223,epigenomics,1397
9,212,95.88888888888889,epigenomics,863
9,420,188.33333333333334,epigenomics,1695
