pair_key,algorithm_a,algorithm_b,interaction_clean,reversal_clean,q_clean,ci_lo_clean,ci_hi_clean,interaction_raw,reversal_raw,q_raw,ci_lo_raw,ci_hi_raw,n_common,n_cc18,n_outside,same_interaction_sign,abs_interaction_difference,reversal_both,q05_both,ci_nonzero_both
LinearModel || TabNet,LinearModel,TabNet,0.0726998879534488,True,0.0702773472652734,0.0172945473041546,0.1244463219868475,0.0293614291746571,False,0.4052273344094162,-0.0112355832634138,0.0698854907663736,162,67,95,True,0.043338458778791694,False,False,False
MLP-rtdl || TabNet,MLP-rtdl,TabNet,0.0624331196334383,True,0.0800919908009199,0.0145248548530893,0.1143106348315875,0.0194629869817589,False,0.4959665323790201,-0.0146307444810929,0.0556004916534281,166,71,95,True,0.0429701326516794,False,False,False
STG || TabNet,STG,TabNet,0.0675940430123402,True,0.019669461625266,0.0274166715662695,0.1075887723499577,0.0287869873930799,False,0.2654567876545679,-0.001595319382967,0.0613569879997185,163,70,93,True,0.0388070556192603,False,False,False
MLP || TabNet,MLP,TabNet,0.0637945781933486,True,0.051170744994466,0.0185033823718231,0.1089459198561504,0.0268944504357484,False,0.329524190438099,-0.0052589358701749,0.0578327317998458,165,71,94,True,0.03690012775760021,False,False,False
LightGBM || LinearModel,LightGBM,LinearModel,-0.0182329526989375,False,0.7572000081545243,-0.0649533805515305,0.031061881325719,0.0157586571116867,False,0.6809814670706842,-0.0259076128589706,0.0583049291345674,161,66,95,False,0.0339916098106242,False,False,False
KNN || LinearModel,KNN,LinearModel,-0.0351168414552982,True,0.20535254166891,-0.0716813930119188,-0.0013556197760361,-0.0012822116681137,False,0.9612707603411844,-0.0350866602227153,0.033100022263732,161,65,96,True,0.033834629787184496,False,False,False
LinearModel || XGBoost,LinearModel,XGBoost,0.0032458067155644,False,0.9763009614531504,-0.0463980065653301,0.0494699884407908,-0.029536222108649,False,0.3925992942874387,-0.0696850655025217,0.01187747773733,167,67,100,False,0.0327820288242134,False,False,False
MLP-rtdl || XGBoost,MLP-rtdl,XGBoost,-0.007020961604446,False,0.929044595540446,-0.0548767978518606,0.043561449501792,-0.0378395155406064,False,0.2090790920907909,-0.0753854529938209,-0.0004214182176466,171,71,100,True,0.030818553936160398,False,False,False
DecisionTree || TabNet,DecisionTree,TabNet,0.0876573023426097,True,0.0038246175382461,0.0565018551598997,0.1199910028486931,0.0575457246089883,True,0.0101989801019898,0.0282180113249087,0.0859028533716319,166,71,95,True,0.0301115777336214,True,True,True
FTTransformer || XGBoost,FTTransformer,XGBoost,-0.0056316061556007,False,0.8590584489938102,-0.0298329448621197,0.0197311978373529,-0.0349631904375406,False,0.1690294385195626,-0.0664158348062606,-0.0043391287360248,139,59,80,True,0.0293315842819399,False,False,False
LinearModel || RandomForest,LinearModel,RandomForest,0.0092044439292841,False,0.8590584489938102,-0.0337159099618855,0.0538167389065203,-0.0196180692635462,False,0.5006346304145096,-0.0549211177859183,0.0153821654286805,166,67,99,False,0.0288225131928303,False,False,False
LightGBM || MLP-rtdl,LightGBM,MLP-rtdl,-0.007966184378927,False,0.929044595540446,-0.0594109345119815,0.0419985369246872,0.0204765386088614,False,0.4986650271143098,-0.0164727704860748,0.0575807123059244,164,69,95,False,0.028442722987788403,False,False,False
FTTransformer || TabNet,FTTransformer,TabNet,0.0638224750822835,False,0.0076492350764923,0.0331433022680096,0.0958804191101983,0.0359921528831981,False,0.1403859614038596,0.0043823181274569,0.0661477838179232,136,59,77,True,0.027830322199085405,False,False,True
MLP-rtdl || RandomForest,MLP-rtdl,RandomForest,-0.0010623243907263,False,0.9940925370550192,-0.0507835907731592,0.0499797193290257,-0.0274673706076162,False,0.3527647235276472,-0.0632332836633022,0.0089160443229189,170,71,99,True,0.0264050462168899,False,False,False
ResNet || TabNet,ResNet,TabNet,0.0673726597236308,False,0.0038246175382461,0.0388907064781141,0.0972663344902647,0.041505461024088,False,0.0152984701529847,0.0210212865194379,0.0637520991716401,165,71,94,True,0.025867198699542793,False,True,True
KNN || MLP-rtdl,KNN,MLP-rtdl,-0.0248500731352877,False,0.3874883940177411,-0.0622000464644506,0.0091447523724052,0.000766182937798,False,0.9662033796620338,-0.0297465817975238,0.0302051774323395,164,68,96,False,0.0256162560730857,False,False,False
MLP-rtdl || VIME,MLP-rtdl,VIME,0.0642687127241979,False,0.0215978402159784,0.025048107414857,0.1049625335910345,0.0387219645692528,False,0.1591040895910409,-0.0009949889110026,0.0740255349405019,162,69,93,True,0.0255467481549451,False,False,False
CatBoost || LinearModel,CatBoost,LinearModel,0.0030518066123389,False,0.9763009614531504,-0.0446770024337021,0.0514593857772899,0.0284265328981918,False,0.3753862113788621,-0.0104244948552204,0.0674222075303934,159,64,95,True,0.0253747262858529,False,False,False
MLP || XGBoost,MLP,XGBoost,-0.0056595030445357,False,0.929044595540446,-0.0497517485568447,0.0375284994631455,-0.0309290765637302,False,0.26730599667306,-0.0657628312431972,0.0030506070066575,170,71,99,True,0.0252695735191945,False,False,False
LightGBM || STG,LightGBM,STG,-0.013127107757829,False,0.7297824672978247,-0.0500790565405546,0.0223282748864078,0.0119678381041924,False,0.6558034462040522,-0.020861928972634,0.0443384853688875,156,68,88,False,0.0250949458620214,False,False,False
DANet || MLP-rtdl,DANet,MLP-rtdl,-0.014292514459008,False,0.7868185658498369,-0.0616488719265972,0.0306712476026417,0.0100172922776304,False,0.7697680231976803,-0.0279791998650123,0.0454364322664133,147,62,85,False,0.0243098067366384,False,False,False
FTTransformer || LightGBM,FTTransformer,LightGBM,0.0093555398277722,False,0.7297824672978247,-0.0141725770843669,0.0341793620204455,-0.0143393235532556,False,0.5351435153514351,-0.0430650437998642,0.013915124527047,138,59,79,False,0.0236948633810278,False,False,False
LightGBM || MLP,LightGBM,MLP,-0.0093276429388373,False,0.8590584489938102,-0.0521017779757176,0.0337506649536095,0.0141831646730901,False,0.626522394489523,-0.019213187569886,0.0478508610379138,163,69,94,False,0.0235108076119274,False,False,False
LinearModel || SVM,LinearModel,SVM,0.0253353097611799,False,0.4223967213668244,-0.0120658434833347,0.0643875918515836,0.002204869981907,False,0.9438535876142116,-0.0315229669779684,0.0358605814182552,142,64,78,True,0.0231304397792729,False,False,False
STG || XGBoost,STG,XGBoost,-0.001860038225544,False,0.9828233392876928,-0.0376468602863643,0.0360993956762704,-0.0243446294841478,False,0.3406763801231817,-0.0561733279377626,0.0081960322147257,163,70,93,True,0.0224845912586038,False,False,False
CatBoost || FTTransformer,CatBoost,FTTransformer,0.0119292194835042,False,0.5959751850901867,-0.0118055302481096,0.0353574065961612,0.0343455457294515,False,0.1518078961334635,0.0066611398784208,0.0658923463232104,136,58,78,True,0.022416326245947298,False,False,False
FTTransformer || RandomForest,FTTransformer,RandomForest,0.0003270310581188,False,0.9973193470126672,-0.0265845241757578,0.027953170534755,-0.0220863938670398,False,0.3714468553144685,-0.0511746691589116,0.0076523554720716,138,59,79,False,0.0224134249251586,False,False,False
DANet || STG,DANet,STG,-0.01945343783791,False,0.4248267480944213,-0.0517095714668549,0.0107581734766584,0.0024206651992449,False,0.933749178273662,-0.0244718248664012,0.0281994820071037,147,62,85,False,0.0218741030371549,False,False,False
KNN || MLP,KNN,MLP,-0.026211531695198,False,0.2896677545360218,-0.0565895439771736,0.0049096815782759,-0.0046739073422432,True,0.8755786075527785,-0.0309323529159814,0.0229652438785736,163,68,95,True,0.0215376243529548,False,False,False
FTTransformer || KNN,FTTransformer,KNN,0.026239428584133,False,0.3958741112190151,-0.0082679268648574,0.0650730091587756,0.0051614912301706,False,0.9111723156042604,-0.0294813130401025,0.0402742324413519,139,59,80,True,0.0210779373539624,False,False,False
CatBoost || TabNet,CatBoost,TabNet,0.0757516945657877,False,0.0038246175382461,0.0457698895604767,0.1085004863233996,0.0547323785901861,False,0.0101989801019898,0.0302372194842651,0.0807277708705781,158,68,90,True,0.021019315975601603,False,True,True
MLP || RandomForest,MLP,RandomForest,0.0002991341691838,False,0.9973193470126672,-0.036479931473353,0.0384380420937995,-0.0206958476617943,False,0.3753862113788621,-0.049776023583031,0.0087897667263377,169,71,98,False,0.020994981830978098,False,False,False
CatBoost || MLP-rtdl,CatBoost,MLP-rtdl,0.0133185749323494,False,0.8041090627779327,-0.036583642473958,0.0596731125319955,0.0341500194511957,False,0.2534350338551051,-0.0037256977803995,0.072103966446362,163,68,95,True,0.020831444518846304,False,False,False
RandomForest || STG,RandomForest,STG,-0.0040985989881755,False,0.929044595540446,-0.0385627676302728,0.0276838102669071,0.0163021883913935,False,0.4470934928979012,-0.0117657072427248,0.0431388452640769,162,70,92,False,0.020400787379568998,False,False,False
MLP || VIME,MLP,VIME,0.0656301712841082,False,0.0076492350764923,0.034926410108553,0.1002610412491935,0.045736617229897,False,0.1021937806219378,0.0095086753454932,0.0806330097979078,162,69,93,True,0.0198935540542112,False,False,True
RandomForest || TabNet,RandomForest,TabNet,0.0634954440241647,False,0.019669461625266,0.0287686954504852,0.1000177680608066,0.0440729718467495,False,0.036971302869713,0.0183303324538692,0.0714270502029112,165,71,94,True,0.019422472177415197,False,True,True
LinearModel || ResNet,LinearModel,ResNet,0.005327228229818,False,0.929044595540446,-0.038097787483794,0.0477193506331923,-0.013999945557185,False,0.6340520493405205,-0.0486371122548717,0.0194663567129513,166,67,99,False,0.019327173787003,False,False,False
KNN || TabNet,KNN,TabNet,0.0375830464981505,False,0.2735573900237095,-0.00420634462571,0.0783081588526921,0.0184751066967145,False,0.4863568588196126,-0.0137302202695684,0.0494019515607083,159,68,91,True,0.019107939801436002,False,False,False
STG || VIME,STG,VIME,0.0694296361030999,False,0.0396369453963694,0.0242085024475265,0.116402677111006,0.0508354010352286,False,0.1150022928741608,0.0076849905313165,0.0934107603900312,158,68,90,True,0.018594235067871306,False,False,True
LightGBM || ResNet,LightGBM,ResNet,-0.0129057244691195,True,0.5026640193123545,-0.0355457103096559,0.0083586841104048,0.0053485872356848,False,0.7816013480619152,-0.0151117276135678,0.025224085341031,163,69,94,False,0.0182543117048043,False,False,False
DANet || VIME,DANet,VIME,0.0499761982651898,False,0.1672854453685066,0.0026910500824377,0.0976810919345124,0.0678294197222746,False,0.050994900509949,0.0260077433861923,0.1101771038604172,146,62,84,True,0.017853221457084803,False,False,True
DANet || LinearModel,DANet,LinearModel,-0.0245592827790186,False,0.4832842017003119,-0.0649027788050861,0.0173133429555757,-0.0067444175751859,False,0.868905296970303,-0.0405312425252639,0.0268053177219278,146,61,85,True,0.0178148652038327,False,False,False
KNN || STG,KNN,STG,-0.0300109965141897,False,0.2283224507737905,-0.0630114313532904,0.0022481259363921,-0.0122540547442248,False,0.619155065625513,-0.0416217841617586,0.016487517285517,157,67,90,True,0.0177569417699649,False,False,False
DANet || MLP,DANet,MLP,-0.0156539730189183,False,0.6391180030933077,-0.0520361560726889,0.0184450982600794,0.0020813100202641,False,0.9394315740839708,-0.0269321885741713,0.0308737597358411,146,62,84,False,0.017735283039182398,False,False,False
DANet || FTTransformer,DANet,FTTransformer,-0.0156818699078533,True,0.3958741112190151,-0.0392224514019562,0.00653292421928,0.0015549619635169,False,0.9438535876142116,-0.0212706433932279,0.0262051348789941,130,56,74,False,0.0172368318713702,False,False,False
DecisionTree || LinearModel,DecisionTree,LinearModel,0.0149574143891608,False,0.7996927579969276,-0.0356423952389205,0.0670008538370488,0.0318804096930341,False,0.3284071592840715,-0.0050034538179247,0.0695253340813427,167,67,100,True,0.0169229953038733,False,False,False
MLP-rtdl || ResNet,MLP-rtdl,ResNet,-0.0049395400901925,False,0.929044595540446,-0.0430514108287425,0.0375115085052839,-0.0216666862389473,False,0.3619240815644463,-0.0506719957959691,0.0077176457522015,170,71,99,True,0.0167271461487548,False,False,False
TabNet || XGBoost,TabNet,XGBoost,-0.0694540812378843,False,0.0038246175382461,-0.1022265795329799,-0.0388354726142392,-0.0529239832122711,False,0.0101989801019898,-0.0763498489600637,-0.0301959670193133,166,71,95,True,0.0165300980256132,False,True,True
LinearModel || SAINT,LinearModel,SAINT,-0.0075436387102699,False,0.929044595540446,-0.0613764853662788,0.0433773587483971,-0.0238365353444882,False,0.6410332181067607,-0.081062942101572,0.032604078317296,104,38,66,True,0.0162928966342183,False,False,False
SAINT || TabNet,SAINT,TabNet,0.0802435266637188,True,0.0050994900509949,0.0466871530241148,0.1184222801920101,0.0640592893595258,False,0.0152984701529847,0.0363042845837522,0.0926542346879429,106,40,66,True,0.016184237304192994,False,True,True
TabNet || VIME,TabNet,VIME,0.0018355930907596,False,0.9828233392876928,-0.0476043151988023,0.0524387013846966,0.0179985680828668,False,0.6410332181067607,-0.0288274881643179,0.0633045157232591,161,69,92,True,0.0161629749921072,False,False,False
CatBoost || MLP,CatBoost,MLP,0.0119571163724392,False,0.8041090627779327,-0.0293536122181438,0.0546169667448059,0.0280429276572097,False,0.3041230359722648,-0.005066933420147,0.0590549417654095,162,68,94,True,0.016085811284770497,False,False,False
LinearModel || VIME,LinearModel,VIME,0.0745354810442084,False,0.0271972802719728,0.0281035732771887,0.1199155035639099,0.0585424153333557,False,0.089795368289258,0.0183772511101349,0.1006766650248074,158,65,93,True,0.015993065710852704,False,False,True
CatBoost || STG,CatBoost,STG,0.0081576515534474,False,0.842200395345081,-0.0289546594126641,0.0428554179632204,0.0238427143273765,False,0.329524190438099,-0.0075899428454862,0.052701626625424,155,67,88,True,0.0156850627739291,False,False,False
DecisionTree || XGBoost,DecisionTree,XGBoost,0.0182032211047253,False,0.0857519511206774,0.0030488137827857,0.033775571803656,0.0025432720871451,False,0.9308616583597116,-0.0203782524700722,0.0241396138933139,171,71,100,True,0.0156599490175802,False,False,False
DecisionTree || MLP-rtdl,DecisionTree,MLP-rtdl,0.0252241827091713,False,0.5804919508049194,-0.0264220316402712,0.0730034190930039,0.0403827876277516,True,0.1405805365409405,0.0020184556611233,0.0769090716447774,171,71,100,True,0.015158604918580298,False,False,False
DecisionTree || KNN,DecisionTree,KNN,0.0500742558444591,False,0.0857519511206774,0.0105212311506453,0.0902803450249716,0.0353163737378721,True,0.1799391489422486,0.003383477737259,0.0676228390920085,164,68,96,True,0.014757882106586996,False,False,True
NODE || TabNet,NODE,TabNet,0.0466914733127763,False,0.0405742034492202,0.0156596466725942,0.0773566887501233,0.0321421619423191,False,0.1233439156084391,0.00745940427745,0.0578163897662567,135,58,77,True,0.014549311370457202,False,False,True
DecisionTree || LightGBM,DecisionTree,LightGBM,0.0331903670880984,False,0.0050994900509949,0.0164473579997602,0.0514419858427739,0.0187528211146068,False,0.2119930864056451,-0.0013560689839233,0.0376699465025996,164,69,95,True,0.014437545973491603,False,False,False
MLP-rtdl || SAINT,MLP-rtdl,SAINT,-0.0178104070302804,False,0.7293816072938161,-0.0651047928769794,0.0289423423055041,-0.0322295841867721,False,0.3571100032853857,-0.0727857506816379,0.0113763901992971,106,40,66,True,0.014419177156491703,False,False,False
ResNet || XGBoost,ResNet,XGBoost,-0.0020814215142535,False,0.9494956979122232,-0.023517866491348,0.0209742330844846,-0.0163525249368223,False,0.3406763801231817,-0.0363370011616001,0.0035272011198132,170,71,99,True,0.0142711034225688,False,False,False
MLP-rtdl || SVM,MLP-rtdl,SVM,0.0150685414411694,False,0.7868185658498369,-0.0287037486375054,0.0642353865260562,0.0008027716864873,False,0.9662033796620338,-0.0348678099010019,0.0382374031103919,143,65,78,True,0.014265769754682099,False,False,False
DecisionTree || SVM,DecisionTree,SVM,0.0402927241503408,True,0.088652673194219,0.0073702866568336,0.0756430873717382,0.0262226839069626,False,0.329524190438099,-0.0067624829167121,0.057992701957638,143,65,78,True,0.014070040243378198,False,False,False
SAINT || VIME,SAINT,VIME,0.0820791197544784,False,0.028181392387077,0.0284745248228494,0.1348214341952784,0.0680385425899082,False,0.1053894610538946,0.0184750920854288,0.118094602945797,106,40,66,True,0.014040577164570203,False,False,True
DANet || SAINT,DANet,SAINT,-0.0321029214892885,True,0.0760287607602876,-0.0609434873202004,-0.0073717459848595,-0.0186674674865699,True,0.3406763801231817,-0.0424898553653512,0.004004573701909,99,36,63,True,0.013435454002718599,True,False,False
CatBoost || LightGBM,CatBoost,LightGBM,0.0212847593112765,False,0.0091790820917908,0.0105522832989397,0.0324974169412426,0.0080324508008732,True,0.4470934928979012,-0.0039434374249164,0.0199601056614331,159,67,92,True,0.013252308510403302,False,False,False
FTTransformer || LinearModel,FTTransformer,LinearModel,-0.0088774128711652,False,0.8815590440955905,-0.0511182007617237,0.0365947473238955,0.004178818589057,False,0.933749178273662,-0.0349081943123514,0.0429995118095443,137,57,80,False,0.0130562314602222,False,False,False
LightGBM || VIME,LightGBM,VIME,0.0563025283452709,False,0.1294772961728217,0.0071131075462442,0.1063087593952335,0.0691037886445084,False,0.0388345780806534,0.0264083530755303,0.1134131901374826,157,68,89,True,0.012801260299237505,False,False,True
DecisionTree || FTTransformer,DecisionTree,FTTransformer,0.0238348272603261,False,0.2395849700744211,-0.003583160220189,0.0503934339627324,0.0365486662392193,True,0.0518448155184481,0.0120275477978064,0.0617590125628575,139,59,80,True,0.012713838978893197,False,False,False
SVM || TabNet,SVM,TabNet,0.0473645781922688,False,0.0828667133286671,0.0104630900266175,0.0836998172371139,0.0347130014301775,False,0.1405805365409405,0.0046431516947975,0.0642400802306865,142,65,77,True,0.012651576762091304,False,False,True
FTTransformer || SVM,FTTransformer,SVM,0.0164578968900147,True,0.4832842017003119,-0.0080148453430802,0.0429128600007332,0.0039332630982274,True,0.9308616583597116,-0.0273990589354294,0.0327953172306448,127,58,69,True,0.0125246337917873,True,False,False
LightGBM || TabNet,LightGBM,TabNet,0.0544669352545112,False,0.0091790820917908,0.0275224004707871,0.0844406391974572,0.0421490328399496,False,0.0174839658891253,0.0207625168665614,0.0650804175937672,159,69,90,True,0.012317902414561599,False,True,True
KNN || VIME,KNN,VIME,0.0394186395889101,False,0.2283438322834383,-0.0019948969022646,0.0807617031033355,0.0514919202939093,False,0.1150022928741608,0.0122375265358357,0.0916197686216151,159,68,91,True,0.012073280704999204,False,False,False
DANet || DecisionTree,DANet,DecisionTree,-0.0395166971681794,True,0.0215978402159784,-0.0647208098654144,-0.0157978777745413,-0.0274449888755725,False,0.1518078961334635,-0.0522824539420889,-0.0018998491842063,147,62,85,True,0.012071708292606897,False,False,True
DecisionTree || VIME,DecisionTree,VIME,0.0894928954333693,False,0.0125169301251693,0.0388184711147727,0.1400873943679491,0.0775831896429497,False,0.0305969403059694,0.0297113350502701,0.1249617148409174,162,69,93,True,0.011909705790419597,False,True,True
SAINT || XGBoost,SAINT,XGBoost,0.0107894454258344,False,0.5885708132483455,-0.0103126566501254,0.0350910897647635,-0.0010448076030009,False,0.9612707603411844,-0.0290992528886829,0.0284481754255968,106,40,66,False,0.011834253028835302,False,False,False
KNN || ResNet,KNN,ResNet,-0.0297896132254802,False,0.2763923607639236,-0.0631454752473788,0.0029063398012454,-0.018183365159228,False,0.3861930880082723,-0.0433816354552231,0.0073217652000744,163,68,95,True,0.011606248066252201,False,False,False
DANet || TabNet,DANet,TabNet,0.0481406051744302,False,0.0191230876912308,0.021619977824885,0.0747496627176445,0.0367137698170822,False,0.0305969403059694,0.017119285542583,0.0564942074088887,147,62,85,True,0.011426835357348002,False,True,True
RandomForest || SAINT,RandomForest,SAINT,-0.016748082639554,True,0.4351349675159066,-0.04435709230787,0.0074191208265569,-0.005505277051132,False,0.8755786075527785,-0.0345437355661789,0.0225331641257847,105,40,65,True,0.011242805588422,False,False,False
MLP || ResNet,MLP,ResNet,-0.0035780815302822,False,0.943294800954687,-0.0386476748034197,0.0301814901802715,-0.0145765516269078,False,0.4997500249975002,-0.0408560081218211,0.0103439184406617,170,71,99,True,0.0109984700966256,False,False,False
MLP || SVM,MLP,SVM,0.0164300000010797,False,0.5782477931982083,-0.0167677930882,0.048117303128675,0.0054621983655511,False,0.8670347250989187,-0.0216164661235582,0.032915433124331,142,65,77,True,0.010967801635528598,False,False,False
DecisionTree || RandomForest,DecisionTree,RandomForest,0.0241618583184449,False,0.0808633422372048,0.0056225620763088,0.0455372808490389,0.013221887582119,False,0.3753862113788621,-0.0056405619495194,0.0312793101722334,170,71,99,True,0.0109399707363259,False,False,False
STG || SVM,STG,SVM,0.0202294648200714,False,0.3880640105003584,-0.0078109171167026,0.0537369466362802,0.0095307182712986,False,0.6340520493405205,-0.0143886014984917,0.035634819236942,142,65,77,True,0.010698746548772798,False,False,False
LinearModel || MLP,LinearModel,MLP,0.0089053097601002,False,0.8058073502994528,-0.0245923795303411,0.0420429933831499,-0.0017339442153933,False,0.9438535876142116,-0.0292478542541335,0.0250598839916749,166,67,99,False,0.0106392539754935,False,False,False
LightGBM || RandomForest,LightGBM,RandomForest,-0.0090285087696534,True,0.6181897939238334,-0.0238499526016284,0.0089333491758497,0.0013561465109668,False,0.9394315740839708,-0.0144470324012446,0.0177593178792592,163,69,94,False,0.0103846552806202,False,False,False
CatBoost || DecisionTree,CatBoost,DecisionTree,-0.0119056077768219,False,0.2935393960603939,-0.0272890043926223,0.0033021954868397,-0.0021297003651221,False,0.933749178273662,-0.0211129158027571,0.0186301553714384,163,68,95,True,0.0097759074116998,False,False,False
ResNet || STG,ResNet,STG,-0.0002213832887094,False,0.9973193470126672,-0.0318937357073687,0.0280294417260374,0.0095109107389206,False,0.619155065625513,-0.0145335194359724,0.0317154548348094,162,70,92,False,0.00973229402763,False,False,False
FTTransformer || NODE,FTTransformer,NODE,0.0171310017695072,True,0.3780274146498394,-0.00403415788377,0.0396185729551632,0.007591167860523,True,0.7080080127580461,-0.013476289232789,0.0287439793712948,121,51,70,True,0.009539833908984201,True,False,False
DecisionTree || STG,DecisionTree,STG,0.0200632593302694,False,0.5347265273472652,-0.016630737899466,0.057277570628741,0.0294054781840119,True,0.2421277103058924,-0.0044754113674519,0.061491479762424,163,70,93,True,0.009342218853742503,False,False,False
DecisionTree || MLP,DecisionTree,MLP,0.023862724149261,False,0.5356243445422899,-0.0190698447413345,0.0674740240826278,0.0331486318080689,True,0.1805219478052195,0.0009027890164218,0.0652350477307538,170,71,99,True,0.0092859076588079,False,False,False
RandomForest || ResNet,RandomForest,ResNet,-0.0038772156994661,True,0.929044595540446,-0.0293759825504467,0.0209346351469293,0.0052659321528923,False,0.7732681277326813,-0.0144554556473506,0.0237951189035312,169,71,98,False,0.0091431478523584,False,False,False
LightGBM || SAINT,LightGBM,SAINT,-0.0257765914092075,True,0.1294772961728217,-0.0508971385269417,-0.0033094141930637,-0.0166418652390741,False,0.4997500249975002,-0.0458018574010001,0.0125698795693686,105,40,65,True,0.0091347261701334,False,False,False
FTTransformer || VIME,FTTransformer,VIME,0.0656580681730432,False,0.0447186050625706,0.0218721411325994,0.1116608099475229,0.0565620519198304,False,0.0518448155184481,0.0199757683014258,0.0931921662050619,136,59,77,True,0.009096016253212803,False,False,True
NODE || VIME,NODE,VIME,0.0485270664035359,False,0.155024497550245,0.0029979117453158,0.0933592454510682,0.0396295718672821,False,0.1805219478052195,0.0036467221766483,0.0778963345047995,133,58,75,True,0.008897494536253797,False,False,True
FTTransformer || ResNet,FTTransformer,ResNet,-0.0035501846413472,False,0.8590584489938102,-0.0197018993869503,0.011693759911536,-0.0123639255132213,False,0.5351435153514351,-0.0351884875122281,0.0062747342415589,138,59,79,True,0.008813740871874101,False,False,False
CatBoost || XGBoost,CatBoost,XGBoost,0.0062976133279034,False,0.3356530018639927,-0.0015922015142085,0.0140796074966538,-0.0017290159781093,False,0.92312102123121,-0.0138435834035081,0.0091326900049056,163,68,95,False,0.0080266293060127,False,False,False
KNN || LightGBM,KNN,LightGBM,-0.0168838887563607,False,0.6850493897978623,-0.0568274668511857,0.0216030503430817,-0.024821753220634,False,0.2953151113460082,-0.053116805776643,0.0030224059766029,161,68,93,True,0.0079378644642733,False,False,False
SAINT || STG,SAINT,STG,0.0126494836513785,False,0.6968771872812719,-0.0193817844986233,0.0436821810744351,0.0204926978868703,False,0.385294803852948,-0.0096939898224524,0.0494399093400339,106,40,66,True,0.0078432142354918,False,False,False
DANet || ResNet,DANet,ResNet,-0.0192320545492006,True,0.155024497550245,-0.0382656002122268,-0.0021523110109952,-0.0116960893538002,True,0.3619240815644463,-0.0277021025996543,0.0035803651224833,146,62,84,True,0.007535965195400399,True,False,False
VIME || XGBoost,VIME,XGBoost,-0.0712896743286439,False,0.0515048495150484,-0.1216015239437256,-0.0181042974791603,-0.0786483105002015,False,0.036971302869713,-0.1253451293651074,-0.0295492468788741,162,69,93,True,0.007358636171557603,False,False,True
CatBoost || SAINT,CatBoost,SAINT,-0.004491832097931,False,0.8590584489938102,-0.0278335395857518,0.0148749807086068,0.0025114537377829,False,0.9394315740839708,-0.0282879162966122,0.0302658548269907,103,39,64,False,0.007003285835713901,False,False,False
NODE || RandomForest,NODE,RandomForest,-0.0168039707113883,True,0.2735573900237095,-0.0358607419269077,0.0018724370607217,-0.0236152696611549,True,0.0692073649777879,-0.0409864339404849,-0.0074539567912156,137,58,79,True,0.006811298949766599,True,False,False
MLP-rtdl || NODE,MLP-rtdl,NODE,0.0157416463206619,False,0.733126687331267,-0.0252195532542494,0.0597792118434051,0.0095803838233565,False,0.7564386418501007,-0.0220480684231517,0.0434423211606297,138,58,80,True,0.006161262497305401,False,False,False
FTTransformer || SAINT,FTTransformer,SAINT,-0.0164210515814352,True,0.4223967213668244,-0.0426165999235663,0.0084798512703491,-0.0225516853967139,True,0.3176377277526485,-0.0457903194164194,-0.0015948435214207,103,38,65,True,0.006130633815278699,True,False,False
SVM || VIME,SVM,VIME,0.0492001712830285,False,0.1848836392956449,0.0021751204764702,0.095186686600403,0.0553299388064809,False,0.1041472775799343,0.015164222985182,0.0987117782567282,141,65,76,True,0.006129767523452401,False,False,True
NODE || STG,NODE,STG,-0.0209025696995639,False,0.2935393960603939,-0.0492056892300592,0.0046681071274069,-0.0150060975803692,False,0.4190374066041671,-0.040572970508004,0.0096105520354151,133,57,76,True,0.005896472119194699,False,False,False
MLP || NODE,MLP,NODE,0.0171031048805722,False,0.5391391895293229,-0.0134832834390206,0.047113656736794,0.0112641831223324,False,0.6116417484465146,-0.0146923095127908,0.0384754047261076,137,58,79,True,0.0058389217582397995,False,False,False
MLP || MLP-rtdl,MLP,MLP-rtdl,0.0013614585599102,False,0.9828233392876928,-0.0289157706743934,0.0304057772869849,0.0070901346120395,False,0.7001687762258256,-0.01303130166787,0.0265621328750185,170,71,99,True,0.0057286760521293,False,False,False
MLP || SAINT,MLP,SAINT,-0.0164489484703702,False,0.726833439105069,-0.0613926450041893,0.0251143386260157,-0.0221183735668049,False,0.5006346304145096,-0.0606584472813719,0.0153128603039003,106,40,66,True,0.005669425096434699,False,False,False
FTTransformer || MLP,FTTransformer,MLP,2.789688893497372e-05,False,0.9987001299870012,-0.0315078095635728,0.0339669215245528,0.0056700562307182,False,0.8617726936983722,-0.0206892269124972,0.0338167554470537,138,59,79,True,0.005642159341783227,False,False,False
ResNet || VIME,ResNet,VIME,0.0692082528143904,False,0.0447186050625706,0.0198463414573173,0.114681382614293,0.0638902034460581,False,0.061958804119588,0.0177244984004034,0.1073051573387492,162,69,93,True,0.0053180493683323005,False,False,True
RandomForest || XGBoost,RandomForest,XGBoost,-0.0059586372137196,False,0.7868185658498369,-0.0233440207332375,0.0077159150624442,-0.0111174757516158,False,0.4081991800819917,-0.0272539263829524,0.0037833120136836,170,71,99,True,0.0051588385378962005,False,False,False
CatBoost || KNN,CatBoost,KNN,0.0381686480676372,False,0.1883624137586241,0.0027399269924179,0.0764622619973111,0.0330816670953536,False,0.1233439156084391,0.0053386525207149,0.0608847366186919,160,66,94,True,0.005086980972283599,False,False,True
LightGBM || NODE,LightGBM,NODE,0.0077754619417349,False,0.7868185658498369,-0.0145854493280375,0.0310597299539169,0.012839353363318,False,0.4557244275572443,-0.0077980071342855,0.0338416328223154,136,58,78,True,0.0050638914215831,False,False,False
CatBoost || SVM,CatBoost,SVM,0.0283871163735189,False,0.2308678223086782,-2.1069217390185895e-05,0.0598103131604302,0.0233843290954057,False,0.2318768123187681,-0.0002195285661348,0.0489575607063226,139,63,76,True,0.005002787278113201,False,False,False
DecisionTree || SAINT,DecisionTree,SAINT,0.0074137756788908,False,0.7868185658498369,-0.0181586290183491,0.0326607068308075,0.0123473248359222,False,0.6748772491171936,-0.0219789271403815,0.046846980178439,106,40,66,True,0.004933549157031399,False,False,False
CatBoost || ResNet,CatBoost,ResNet,0.0083790348421569,False,0.7212361238102994,-0.0147665682541582,0.0282028905662849,0.0132141421931579,False,0.3673700197547813,-0.0056049313675208,0.0311717603287176,162,68,94,True,0.004835107351000999,False,False,False
MLP-rtdl || STG,MLP-rtdl,STG,-0.0051609233789019,True,0.929044595540446,-0.0459108008028363,0.0387615512224532,-0.0098323200319613,False,0.7080080127580461,-0.0391922539520848,0.0205124839520846,163,70,93,True,0.0046713966530594,False,False,False
LightGBM || SVM,LightGBM,SVM,0.0071023570622424,False,0.8590584489938102,-0.0217389868268338,0.0373787425330039,0.0116326012177767,False,0.619155065625513,-0.015891806663218,0.0404247145615844,140,65,75,True,0.004530244155534301,False,False,False
LinearModel || NODE,LinearModel,NODE,0.0260084146406724,False,0.4405959404059594,-0.0147361757461724,0.0667352354686176,0.0215191053358525,False,0.4144818076331902,-0.0118976452808057,0.0556387490333905,136,56,80,True,0.004489309304819902,False,False,False
KNN || NODE,KNN,NODE,-0.0091084268146258,False,0.8041090627779327,-0.0410160139709819,0.0219831052386897,-0.004680381930962,False,0.8755786075527785,-0.032120041460612,0.0222833625893509,136,58,78,True,0.0044280448836638,False,False,False
LinearModel || MLP-rtdl,LinearModel,MLP-rtdl,0.0102667683200105,False,0.8590584489938102,-0.0384838813401635,0.0546217237356473,0.0059032296402567,False,0.8755786075527785,-0.0297964087957118,0.0405818624028782,167,67,100,True,0.004363538679753799,False,False,False
RandomForest || SVM,RandomForest,SVM,0.0161308658318958,False,0.4716083947160839,-0.0088341210410448,0.0405849882971389,0.011978391725007,False,0.4959665323790201,-0.0101833900457346,0.0337197342818438,142,65,77,True,0.0041524741068888,False,False,False
LightGBM || XGBoost,LightGBM,XGBoost,-0.014987145983373,False,0.0356964303569643,-0.0248586195791058,-0.0056764678089741,-0.0109302293705193,False,0.0518448155184481,-0.0181417693318754,-0.0042142623956737,164,69,95,True,0.004056916612853699,False,False,True
DANet || LightGBM,DANet,LightGBM,-0.006326330080081,False,0.7816929845476991,-0.0240860655123279,0.0110693416117964,-0.0101651273093437,False,0.5263291852632919,-0.0295380812788858,0.0087895252738859,143,62,81,True,0.0038387972292626997,False,False,False
DANet || KNN,DANet,KNN,0.0105575586762796,False,0.8041090627779327,-0.0222171422334496,0.0449544182829776,0.0143330771905754,False,0.5606439356064393,-0.0140432064411481,0.0422896439605809,146,62,84,True,0.0037755185142958007,False,False,False
LinearModel || STG,LinearModel,STG,0.0051058449411085,False,0.9296333140408588,-0.0404693173983426,0.0506288580807457,0.0013907223106826,False,0.9612707603411844,-0.033230979062371,0.0363613400517973,160,67,93,True,0.0037151226304259002,False,False,False
NODE || ResNet,NODE,ResNet,-0.0206811864108544,True,0.2048121718440401,-0.0408372108666739,-0.0023771685410792,-0.017316296244265,True,0.1822513400833829,-0.0344871029200096,-0.0021273390606122,137,58,79,True,0.003364890166589401,True,False,True
NODE || SVM,NODE,SVM,-0.0006731048794925,False,0.9828233392876928,-0.0205722698464429,0.0181373608987641,-0.0036295370517323,False,0.8657710228977102,-0.0214786225304661,0.0135729791270327,123,56,67,True,0.0029564321722398,False,False,False
RandomForest || VIME,RandomForest,VIME,0.0653310371149243,False,0.0695833642442207,0.0161805967185654,0.1153492619733969,0.0682069937543631,False,0.0539472368552618,0.0225869816983985,0.1149576122617683,161,69,92,True,0.0028759566394387925,False,False,True
KNN || RandomForest,KNN,RandomForest,-0.0259123975260141,False,0.4078902920518759,-0.0628358087972372,0.0105512094407808,-0.0233841918831015,False,0.3019434898615401,-0.051560402864974,0.0028079824191709,163,68,95,True,0.0025282056429126003,False,False,False
KNN || XGBoost,KNN,XGBoost,-0.0318710347397337,False,0.3249765932497659,-0.0724186816212468,0.0075419383641647,-0.0343128818058103,False,0.1233439156084391,-0.0618946891838725,-0.0063186356717224,164,68,96,True,0.0024418470660765995,False,False,False
CatBoost || RandomForest,CatBoost,RandomForest,0.012256250541623,False,0.3712128787121288,-0.00091151532352,0.0288934025785413,0.009866962055259,False,0.3723290008661472,-0.0019451464480011,0.0233413074541946,162,68,94,True,0.0023892884863639993,False,False,False
CatBoost || DANet,CatBoost,DANet,0.0276110893913575,False,0.051170744994466,0.0084450216158812,0.0466095794886226,0.0252381991946565,False,0.089795368289258,0.0078393157126411,0.0441791359751501,143,60,83,True,0.0023728901967010017,False,False,True
DANet || RandomForest,DANet,RandomForest,-0.0153548388497344,True,0.2935393960603939,-0.0332447965786895,0.0024220834264823,-0.0132215759625269,True,0.3571100032853857,-0.0303467020076116,0.0034773964533115,146,62,84,True,0.0021332628872075005,True,False,False
SAINT || SVM,SAINT,SVM,0.0328789484714499,True,0.20535254166891,0.0017960235020149,0.0677733777979114,0.0349705847076385,True,0.2008331081785438,0.0053581306482381,0.0667822033882744,97,38,59,True,0.0020916362361886043,True,False,True
CatBoost || VIME,CatBoost,VIME,0.0775872876565474,False,0.0344215578442155,0.0271960148446118,0.1270347381743444,0.0755236300176349,False,0.0458954104589541,0.0259987368501035,0.1238168211266696,157,67,90,True,0.0020636576389125028,False,True,True
KNN || SAINT,KNN,SAINT,-0.0426604801655682,False,0.155024497550245,-0.0835267159824001,-0.0029672198856905,-0.0406207690347228,False,0.2318768123187681,-0.0793689923127663,-0.0009623799654425,106,40,66,True,0.0020397111308453966,False,False,True
MLP || STG,MLP,STG,-0.0037994648189916,False,0.929044595540446,-0.0382023883601128,0.0305977472952551,-0.0057529176007427,False,0.8359432349447983,-0.0327674759708792,0.020120809243841,162,70,92,True,0.0019534527817511,False,False,False
NODE || SAINT,NODE,SAINT,-0.0335520533509424,True,0.0447186050625706,-0.0593983048905364,-0.0111272066011908,-0.0316565764991352,True,0.0981651834816518,-0.0571397403639972,-0.0096007571069085,92,34,58,True,0.0018954768518072013,True,False,True
ResNet || SAINT,ResNet,SAINT,-0.0128708669400879,True,0.5688249356882493,-0.0393861077304049,0.0105931285960119,-0.0146318490405236,True,0.3723290008661472,-0.0335936887596585,0.0035535509240689,106,40,66,True,0.001760982100435701,True,False,False
KNN || SVM,KNN,SVM,-0.0097815316941183,False,0.8046995300469952,-0.0446464025303931,0.0226880384298971,-0.0114946224064195,False,0.6306369363063694,-0.0402686755647923,0.0156453454544392,143,65,78,True,0.0017130907123011994,False,False,False
DecisionTree || ResNet,DecisionTree,ResNet,0.0202846426189788,False,0.2956135155715197,-0.0054898185551148,0.0462966063502249,0.0185720801811611,False,0.3602681985322595,-0.0072407285281299,0.0429593980071653,170,71,99,True,0.0017125624378176996,False,False,False
FTTransformer || STG,FTTransformer,STG,-0.0037715679300567,False,0.929044595540446,-0.0355276497540209,0.0271241026745195,-0.005290452199291,False,0.868905296970303,-0.0343743777850831,0.0211269052638496,136,59,77,True,0.0015188842692342996,False,False,False
NODE || XGBoost,NODE,XGBoost,-0.0227626079251079,False,0.20535254166891,-0.0453840613440215,-1.5936244563186174e-05,-0.0240226927729384,False,0.1311959713119597,-0.0443004814703566,-0.0050180295124546,138,58,80,True,0.0012600848478304984,False,False,True
DANet || NODE,DANet,NODE,0.0014491318616538,False,0.956372934135158,-0.0148246981667512,0.0182580151757431,0.002544134772423,False,0.8755786075527785,-0.0117942047740172,0.0173108488354582,128,53,75,True,0.0010950029107692002,False,False,False
FTTransformer || MLP-rtdl,FTTransformer,MLP-rtdl,0.0013893554488452,False,0.9828233392876928,-0.0380148683000923,0.040013171438463,0.0024751049425399,False,0.9394315740839708,-0.0288476194028056,0.0322664542518772,139,59,80,True,0.0010857494936947,False,False,False
DANet || SVM,DANet,SVM,0.0007760269821613,False,0.9828233392876928,-0.0178139055570795,0.0208717366535617,0.0018315776320026,False,0.9309895097446778,-0.015152926971877,0.0191057464770507,135,62,73,True,0.0010555506498413,False,False,False
DANet || XGBoost,DANet,XGBoost,-0.0213134760634541,False,0.155024497550245,-0.040023796302826,-0.0029135419201117,-0.0203854256209729,False,0.1805219478052195,-0.0392895269513703,-0.0014458442883514,147,62,85,True,0.0009280504424812007,False,False,True
ResNet || SVM,ResNet,SVM,0.0200080815313619,True,0.2509485893515911,0.0001248268728868,0.0440037155856233,0.0192532388236836,False,0.1405805365409405,0.0031310284650625,0.0383263589376197,142,65,77,True,0.0007548427076783,False,False,True
CatBoost || NODE,CatBoost,NODE,0.0290602212530114,False,0.051170744994466,0.0090031983223474,0.0497610287693378,0.0284438772908922,False,0.036971302869713,0.0113360152996663,0.0458534418093409,136,58,78,True,0.0006163439621192021,False,False,True
SVM || XGBoost,SVM,XGBoost,-0.0220895030456154,False,0.4106109389061094,-0.0539569143025666,0.0089077495310452,-0.022028303111452,False,0.3368053819618038,-0.0502397991392752,0.0044850329586387,143,65,78,True,6.119993416340078e-05,False,False,False
DecisionTree || NODE,DecisionTree,NODE,0.0409658290298333,True,0.0215978402159784,0.0158915700297313,0.0671736344827618,0.0409110404880602,True,0.0152984701529847,0.019829605320066,0.0629002289672037,138,58,80,True,5.4788541773098665e-05,True,True,True
