e2e_d0,e2e_d10,e2e_d100,e2e_d1000,e2e_d500,e2e_factor,idx,local_factor,minf_ms,n,serial_ms,src,trace
1.0006133247817377,1.0008948995549842,1.0034219506025497,1.028006717917023,1.0145003443727745,1.0006133247817377,57,1.994359020659679,21.885916,2,43.648374000000004,nl2bash_0_6B_20260328T133144Z.jsonl,a97784439002
1.0004727294005358,1.0007362003154694,1.0031012028653037,1.026149754357203,1.0134782929385877,1.0004727294005358,64,1.9253743037047353,19.375042,2,37.304208,nl2bash_0_6B_20260328T133144Z.jsonl,fd5389cfc34a
1.0007033786973214,1.0010434826009627,1.0040940318591454,1.0336051763489573,1.0174296331216715,1.0007033786973214,89,1.88099691369541,23.450375,2,44.110083,nl2bash_0_6B_20260328T133144Z.jsonl,5241f2c81001
1.001069192874111,1.0014361243191923,1.0047264168435839,1.0364748088175002,1.0190913857495718,1.001069192874111,91,1.9643322327402284,30.173125,2,59.270042000000004,nl2bash_0_6B_20260328T133144Z.jsonl,82eb5f88c159
1.0010223278598447,1.0015117552215436,1.0058951156302913,1.0477010126958666,1.0249199969527212,1.0010223278598447,94,1.620574080506498,33.608666,2,54.465333,nl2bash_0_6B_20260328T133144Z.jsonl,76d27d3e891e
1.0013551003728944,1.001916969258148,1.0069454813153955,1.0545774759963604,1.0286948177697062,1.0013551003728944,174,1.8693406767036094,27.689375,2,51.760875,nl2bash_0_6B_20260328T133144Z.jsonl,e5388be4bf4f
1.001041681949322,1.0014362310191165,1.0049731975073604,1.0390119116068808,1.0203945972280288,1.001041681949322,179,1.8826896258661694,29.867708,2,56.231624,nl2bash_0_6B_20260328T133144Z.jsonl,5e2312bc2391
1.0006625540544718,1.0009809648466692,1.0038194676486323,1.0297476370064607,1.015869876230355,1.0006625540544718,189,1.9341127527724535,22.210292,2,42.957209,nl2bash_0_6B_20260328T133144Z.jsonl,04db37841c46
1.0000239329329292,1.0000417895441125,1.0002023556564688,1.0017939469847552,1.0009128740251723,1.0000239329329292,0,1.7283554881363756,18.397666,2,31.797707000000003,nl2bash_1_7B_20260403T211347Z.jsonl,496a76011093
1.0001401588960308,1.0002110779814124,1.0008488973187086,1.0071826154896004,1.0036738318060814,1.0001401588960308,1,1.9436571603557646,20.938792,2,40.697833,nl2bash_1_7B_20260403T211347Z.jsonl,dc3c0b4d95b5
1.0001167159552593,1.0002046464671683,1.0009949783399694,1.0087964106161678,1.0044850048252725,1.0001167159552593,12,2.4081592176119444,18.846709,3,45.385875999999996,nl2bash_1_7B_20260403T211347Z.jsonl,5b3b1fdbf8d0
1.0001082014775202,1.0001972055008226,1.0009968177747375,1.008854437310439,1.0045199136207157,1.0001082014775202,26,1.9421712668630797,12.898,2,25.050125,nl2bash_1_7B_20260403T211347Z.jsonl,f79156298d6f
1.0001628718446127,1.000273615159661,1.0012692021473053,1.0111170862896353,1.0056701479223629,1.0001628718446127,54,1.6569650865993084,22.380375,2,37.0835,nl2bash_1_7B_20260403T211347Z.jsonl,29554558d2bf
1.0001118295940372,1.0001881223034834,1.0008742331374627,1.0076839024408126,1.0039122561801503,1.0001118295940372,55,1.348692078902934,84.058167,3,113.368584,nl2bash_1_7B_20260403T211347Z.jsonl,4af7c1987edc
1.0000009974733843,1.0000519052473944,1.0005096091513639,1.005040973132546,1.0025337503412355,1.0000009974733843,56,1.0025594995427658,76.545042,2,76.74095899999999,nl2bash_1_7B_20260403T211347Z.jsonl,25e92b0ba6c7
1.0000596061451699,1.0001154366234206,1.0006176305180545,1.005611963057435,1.0028435136861424,1.0000596061451699,57,1.4796423925863522,22.25625,2,32.931291,nl2bash_1_7B_20260403T211347Z.jsonl,bd2ec55f9130
1.0002662141789693,1.0003591163871945,1.001194847984949,1.0095139023727184,1.0049007744443041,1.0002662141789693,58,2.4433681800180467,39.699042,3,96.999376,nl2bash_1_7B_20260403T211347Z.jsonl,6f2a1fb434de
1.0001064072287595,1.0002013419358016,1.0010525194424418,1.009255769044759,1.004766396298495,1.0001064072287595,65,2.634929557273875,13.700208,3,36.099083,nl2bash_1_7B_20260403T211347Z.jsonl,5720878fc4e3
1.000219654639326,1.000375603527814,1.001776957307411,1.0155773843284064,1.0079579538930055,1.000219654639326,77,1.7543514744511406,18.664708,2,32.744458,nl2bash_1_7B_20260403T211347Z.jsonl,e7f711d38979
1.0001127314241076,1.0002214807637761,1.0011991613640616,1.0108718180186318,1.0055213740288478,1.0001127314241076,84,1.7589547710519853,13.655458,2,24.019333,nl2bash_1_7B_20260403T211347Z.jsonl,4543ed948a8a
1.000226299755096,1.0004138274802126,1.0020984166267064,1.0186371921748678,1.0095172930634053,1.000226299755096,120,1.9478193943798925,12.726625,2,24.789167,nl2bash_1_7B_20260403T211347Z.jsonl,6c46255cfd6b
1.0001495683712587,1.0002557330932493,1.0012091900852582,1.0105474062229283,1.005403129317391,1.0001495683712587,130,1.911205521774907,15.453292,2,29.534416999999998,nl2bash_1_7B_20260403T211347Z.jsonl,4981367fdf1e
1.0003096140293017,1.000540254716908,1.0026112417846085,1.0228586515037275,1.0117127373113926,1.0003096140293017,131,1.991758038481164,13.528333,2,26.945166,nl2bash_1_7B_20260403T211347Z.jsonl,a232ef09bb9b
1.0000005485106145,1.0000571469849842,1.0005656696580325,1.0055668280435703,1.0028071215709278,1.0000005485106145,138,2.449811845855746,0.133667,3,0.327459,nl2bash_1_7B_20260403T211347Z.jsonl,cc33b3183bb8
1.000000703444854,1.0000422810354481,1.0004160131252648,1.0041077463950088,1.0020669542177998,1.000000703444854,148,1.8946705943950541,0.189083,2,0.35825,nl2bash_1_7B_20260403T211347Z.jsonl,c949bf88f4e5
1.0002993439142334,1.0005544546628913,1.002844605738104,1.0251818001841733,1.0128973536945582,1.0002993439142334,153,1.8562653407475884,13.695959,2,25.423334,nl2bash_1_7B_20260403T211347Z.jsonl,86104d62b328
1.0002132896793752,1.0003635203762418,1.0017145816091952,1.0151254544259665,1.0076972756363318,1.0002132896793752,156,2.6587949966777114,17.114708,3,45.5045,nl2bash_1_7B_20260403T211347Z.jsonl,6c54f4224e8f
1.0001560028526215,1.0002932603376482,1.0015251938762186,1.0135184860486666,1.00692776018564,1.0001560028526215,158,1.9718827547020292,11.687667,2,23.046709,nl2bash_1_7B_20260403T211347Z.jsonl,6a11f05ee6d6
1.0000885993125836,1.0001553113684374,1.000755052865327,1.0066871605789096,1.0034061250539676,1.0000885993125836,161,2.0670031541380975,37.330959,4,77.16320999999999,nl2bash_1_7B_20260403T211347Z.jsonl,fd703ec93692
1.0000613010994532,1.0001108421380176,1.0005547303472946,1.0048058594857436,1.0024853638446156,1.0000613010994532,166,1.6100193934664857,20.264041,2,32.625499,nl2bash_1_7B_20260403T211347Z.jsonl,4343569aec67
1.0002848572675267,1.0005072719233878,1.0025045593116906,1.0220470044883267,1.0112856655903644,1.0002848572675267,173,3.8008811153428006,18.281375,5,69.485333,nl2bash_1_7B_20260403T211347Z.jsonl,c54c20484284
1.0001375699584913,1.0002426795780601,1.0011856904024459,1.0103302111827313,1.0053130509726005,1.0001375699584913,181,1.8617357903487524,15.177167,2,28.255875000000003,nl2bash_1_7B_20260403T211347Z.jsonl,c304a84987dd
1.0001360213677748,1.0002289898709198,1.0010641528107442,1.0092647858175712,1.004742466185185,1.0001360213677748,194,1.8046848012367669,18.173834,2,32.798041999999995,nl2bash_1_7B_20260403T211347Z.jsonl,914ea6d85bd6
