algorithm,centered_effect_shift_outside_minus_cc18,abs_shift
VIME,-0.05776502963376146,0.05776502963376146
TabNet,-0.055929436543001816,0.055929436543001816
DecisionTree,0.03172786579960786,0.03172786579960786
SAINT,0.024314090120716975,0.024314090120716975
CatBoost,0.019822258022785966,0.019822258022785966
KNN,-0.018346390044851276,0.018346390044851276
LinearModel,0.01677045141044701,0.01677045141044701
XGBoost,0.013524644694882508,0.013524644694882508
STG,0.011664606469338461,0.011664606469338461
ResNet,0.01144322318062899,0.01144322318062899
NODE,-0.009237963230225478,0.009237963230225478
SVM,-0.008564858350732965,0.008564858350732965
FTTransformer,0.007893038539281742,0.007893038539281742
MLP,0.007865141650346765,0.007865141650346765
DANet,-0.007788831368571605,0.007788831368571605
RandomForest,0.00756600748116288,0.00756600748116288
MLP-rtdl,0.006503683090436493,0.006503683090436493
LightGBM,-0.0014625012884905524,0.0014625012884905524
