task_id,metafeature_rows
3,10
4,10
5,10
7,10
9,10
10,10
11,10
12,10
14,10
15,10
16,10
18,10
22,10
23,10
24,10
25,10
27,10
29,10
30,10
35,10
37,10
39,10
40,10
43,10
45,10
47,10
48,10
49,10
50,10
53,10
59,10
2074,10
2079,10
2867,10
3021,10
3022,10
3485,10
3512,10
3540,10
3543,10
3549,10
3560,10
3561,10
3567,10
3602,10
3620,10
3647,10
3711,10
3731,10
3739,10
3748,10
3779,10
3797,10
3896,10
3902,10
3903,10
3904,10
3913,10
3917,10
3918,10
3950,10
3953,10
9946,10
9952,10
9957,10
9960,10
9964,10
9971,10
9978,10
9979,10
9984,10
10089,10
10093,10
10101,10
14952,10
14954,10
14965,10
14967,10
125920,10
125921,10
145793,10
145799,10
145836,10
145847,10
145977,10
145984,10
146024,10
146032,10
146063,10
146065,10
146192,10
146210,10
146607,10
146800,10
146817,10
146818,10
146820,10
146821,10
167140,10
167141,10
167211,10
168911,10
190408,10
360948,10
