task_id,f__pymfe.general.nr_inst,f__pymfe.general.nr_attr,f__pymfe.general.nr_class,f__pymfe.general.nr_num,f__pymfe.general.nr_cat,f__pymfe.general.attr_to_inst,f__pymfe.general.inst_to_attr,f__pymfe.general.cat_to_num,f__pymfe.general.num_to_cat,f__pymfe.general.freq_class.mean,f__pymfe.general.freq_class.sd,f__pymfe.general.freq_class.min,f__pymfe.general.freq_class.max,f__pymfe.info-theory.class_ent,f__pymfe.info-theory.attr_ent.mean,f__pymfe.info-theory.attr_ent.sd,f__pymfe.info-theory.mut_inf.mean,f__pymfe.info-theory.mut_inf.sd,f__pymfe.info-theory.eq_num_attr,f__pymfe.statistical.sd.mean,f__pymfe.statistical.skewness.mean,f__pymfe.statistical.kurtosis.mean,f__pymfe.landmarking.best_node.mean,f__pymfe.landmarking.naive_bayes.mean,f__pymfe.landmarking.one_nn.mean,f__pymfe.landmarking.linear_discr.mean,f__pymfe.landmarking.random_node.mean,f__pymfe.landmarking.worst_node.mean
3,2556.8,36.0,2.0,0.0,36.0,0.014080101761848129,71.02222222222221,,0.0,0.5,0.03141719039393787,0.47778469162661763,0.5222153083733824,0.9985754359171715,0.5900975917893778,0.33857186892122837,0.01920418164461992,0.03921507913027339,52.007002561156845,,,,,,,,,
4,45.6,16.0,2.0,8.0,8.0,0.35098365710761636,2.85,1.0,1.0,0.5,0.21074093313364844,0.35098365710761636,0.6490163428923836,0.9348265854329005,1.6473484555678675,0.27948420550166425,0.22016505385331514,0.12707774228005073,4.271720259739483,1.5459255525643132,0.20354355810235109,3.7338214271632615,0.7558333333333332,0.80625,0.9016666666666666,0.8949999999999999,0.5808333333333333,0.6404166666666666
5,361.6,279.0,12.9,206.0,73.0,0.7715733995500528,1.2960573476702506,0.3543689320388349,2.8219178082191783,0.07756410256410254,0.1441327792403593,0.00470226708090373,0.5420349270238696,2.3983840868951636,0.07417850592380962,0.1198573950784368,0.01693896462685717,0.016864107105157438,142.14817869616385,9.584622862915287,,,0.15609383306751723,0.3384917508417508,0.34569219386850963,0.4059370547581073,0.1023456406166932,0.11663199539252164
7,180.8,69.0,22.3,0.0,69.0,0.3816460243255823,2.620289855072464,,0.0,0.0449157726331639,0.06722966184974291,0.00553110180181997,0.25220846066149927,3.3970799995237106,0.33302259967301373,0.509011938762802,0.14844720429934216,0.22441887778601527,22.888681566964383,,,,,,,,,
9,164.0,25.0,6.0,15.0,10.0,0.1524435587356431,6.56,0.6666666666666666,1.5,0.1666666666666666,0.11233123613505806,0.01461598628813945,0.3268204036474274,2.2706601394302752,1.3955845904138724,1.106316530607916,0.2986480385851339,0.2811742743276898,7.615828160639597,600.9057195244378,0.7884606481412983,1.3005881619870716,0.2973166666666666,0.5044833333333333,0.37340555555555555,0.5137444444444444,0.26823888888888886,0.26137222222222223
10,118.4,18.0,3.9,3.0,15.0,0.15203176185728523,6.5777777777777775,5.0,0.2,0.2583333333333333,0.2703600786911788,0.01689953947680761,0.5473157907230688,1.223353684647186,1.1148391692338555,0.585624622184896,0.13512421117719683,0.0980113394197275,9.112809823811807,1.0176625891967883,2.291975802281411,9.69763997573152,0.5681904761904761,0.46559523809523806,0.5958492063492064,0.6729265873015873,0.4996031746031745,0.5204682539682539
11,500.0,4.0,3.0,4.0,0.0,0.008000025600102361,125.0,0.0,,0.3333333333333333,0.2207811260412756,0.07839985039940159,0.4613990767963072,1.318106821838306,,,,,,1.415308597778112,-4.299127959881003e-05,-1.3054852350765174,0.43391908212560387,0.6514613526570049,0.5664009661835748,0.6319021739130435,0.4517814009661835,0.45532608695652177
12,1600.0,216.0,10.0,216.0,0.0,0.135,7.407407407407407,0.0,,0.1,0.0,0.1,0.1,3.3219280948873626,,,,,,49.58187266786495,0.027492591808939558,-0.32106948645005906,0.1889375,0.9263125000000001,0.9445625,0.9811875000000001,0.17174999999999999,0.19493749999999999
14,1600.0,76.0,10.0,76.0,0.0,0.0475,21.05263157894737,0.0,,0.1,0.0,0.1,0.1,3.3219280948873626,,,,,,0.06710774126533935,0.5434680233555267,0.110632109851421,0.190125,0.7613749999999999,0.828875,0.8036875,0.14412499999999998,0.14325000000000002
15,559.2,9.0,2.0,9.0,0.0,0.0160944288269869,62.13333333333334,0.0,,0.5,0.21951617717381122,0.3447786225402504,0.6552213774597495,0.9293160289030734,,,,,,2.7462546186597847,1.4713233952360454,1.6588260905859298,0.9105338628101786,0.9634633712660028,0.9497158210842421,0.9484336178283547,0.8929121621621622,0.7875888651809705
16,1600.0,64.0,10.0,64.0,0.0,0.04,25.0,0.0,,0.1,0.0,0.1,0.1,3.3219280948873626,,,,,,2.1526607205274364,-0.004290604486108533,-0.052925664696383476,0.187625,0.9349999999999999,0.9699375,0.9524374999999999,0.15806249999999997,0.14556249999999996
18,1600.0,6.0,10.0,6.0,0.0,0.00375,266.6666666666667,0.0,,0.1,0.0,0.1,0.1,3.3219280948873626,,,,,,630.9405336829452,0.5305460655094706,-0.5417423265826862,0.19818750000000002,0.6956875,0.44262499999999994,0.7446875,0.1974375,0.19825
22,1600.0,47.0,10.0,47.0,0.0,0.029374999999999995,34.04255319148936,0.0,,0.1,0.0,0.1,0.1,3.3219280948873626,,,,,,40.12556196400003,0.7889721261469422,0.7230216972576695,0.1859375,0.7341249999999999,0.804625,0.8173125000000001,0.1955625,0.16256249999999997
23,1178.4,9.0,3.0,2.0,7.0,0.00763747806378428,130.93333333333334,3.5,0.2857142857142857,0.3333333333333333,0.10116185448720087,0.2260688895365221,0.42701987018370113,1.539032733837133,1.2205323592301927,0.6067521007903985,0.02939105628395436,0.0232669076798465,52.626684710236574,5.292860527758262,0.6747785666436195,0.27397481307679167,0.3333333333333333,0.43366208666636685,0.42221236945476537,0.4114878211600114,0.3969835883947075,0.3398682528295871
24,6499.2,22.0,2.0,0.0,22.0,0.0033850320648476594,295.4181818181818,,0.0,0.5,0.02541546372997532,0.4820285532495337,0.5179714467504664,0.9990678679975286,1.4430720514142006,0.8301786786156524,0.19951561906776447,0.20933398952907617,5.007572474471198,,,,,,,,,
25,294.4,26.0,2.0,7.0,19.0,0.08831566433261342,11.323076923076924,2.7142857142857144,0.3684210526315789,0.5,0.2305794651123171,0.33695569661671354,0.6630443033832865,0.9218509737391691,1.7449403891009745,1.0457644049930397,0.036460523595172475,0.061514100347261735,25.344652196224754,11.699888653261908,0.7825603941874552,3.7678760105289664,0.5997397660818713,0.7108084795321638,0.5939956140350877,0.6531739766081871,0.49800292397660817,0.5371666666666666
27,294.4,22.0,2.0,7.0,15.0,0.07472863905067292,13.381818181818181,2.142857142857143,0.4666666666666667,0.5,0.18446617663211246,0.3695627156038778,0.6304372843961221,0.950316478692357,1.8147557828274337,0.5958563919828387,0.07994990332062193,0.07581444730828847,11.988053291218728,11.700802699725113,0.7845015503279076,3.8065180832097463,0.6805826687931951,0.609209994683679,0.5895951621477937,0.5782543859649123,0.5087745879851143,0.503772461456672
29,552.0,15.0,2.0,6.0,9.0,0.027173913043478205,36.8,1.5,0.6666666666666666,0.5,0.07788422517417044,0.44492753623188397,0.555072463768116,0.9912247651010059,1.2990365426269312,0.9229779903217142,0.09173028818034652,0.1360124691306574,10.818682618379247,893.7077145732062,4.256537689611078,45.136192548135554,0.7199086021505376,0.6945048387096774,0.6361905913978494,0.7152032258064516,0.5909717741935484,0.6119782258064517
30,4378.4,10.0,5.0,10.0,0.0,0.00228393941483178,437.84,0.0,,0.2,0.3905663950678371,0.00511601698471955,0.8976795142155334,0.635457054395431,,,,,,837.8314808501485,13.032345018626202,486.07749618356684,0.372069325702573,0.6774033120027891,0.7520713861957266,0.6538942800061325,0.2,0.2641567207884002
35,292.8,34.0,6.0,1.0,33.0,0.11612124675949201,8.611764705882353,33.0,0.030303030303030297,0.1666666666666666,0.08314174819083352,0.05464529259270211,0.3060099078202509,2.432530707207287,1.1966424251126013,0.43408913471675553,0.45311960775127147,0.22743354527636375,5.368659425104301,15.15676117221255,0.07285284601786798,-0.6792879311571862,0.3086805555555555,0.30925925925925923,0.26446759259259256,0.3003935185185185,0.3086805555555555,0.3086805555555555
37,614.4,8.0,2.0,8.0,0.0,0.013020848487599851,76.8,0.0,,0.5,0.21360624505190134,0.34895757562000507,0.6510424243799948,0.9331320716553428,,,,,,25.728664662950575,0.5250195538904835,2.7146934211426155,0.6863387445887446,0.7230735930735931,0.6422472943722944,0.7231682900432901,0.5536769480519481,0.5260438311688311
39,166.4,60.0,2.0,60.0,0.0,0.3605826213322065,2.7733333333333334,0.0,,0.5,0.047606684739356545,0.4663369903909908,0.5336630096090091,0.9966958244991307,,,,,,0.1422005195836809,0.9378368023572733,2.0126061411225993,0.7075992063492064,0.6845436507936508,0.8219940476190477,0.7123809523809523,0.5977579365079365,0.5392261904761904
40,171.2,9.0,6.0,9.0,0.0,0.05257145942832454,19.022222222222222,0.0,,0.1666666666666666,0.1390340640892849,0.042055103559171456,0.3551309589523283,2.1759081666551303,,,,,,0.688536610821458,1.6144573444050294,9.568744855610394,0.33105555555555555,0.473,0.6683571428571429,0.5275714285714286,0.2788174603174603,0.22383333333333327
43,3680.8,57.0,2.0,57.0,0.0,0.015485764147266202,64.57543859649124,0.0,,0.5,0.14984333141374384,0.3940447642417585,0.6059552357582415,0.9673601151941973,,,,,,15.142496442281177,10.975707832618298,229.10181517256018,0.763030779606681,0.8456222825158675,0.8065429231744414,0.8691376569194456,0.5,0.5171052144925029
45,2552.0,60.0,3.0,0.0,60.0,0.0235109717868338,42.53333333333333,,0.0,0.3333333333333333,0.16062668554783027,0.24036050156739805,0.5188087774294671,1.480169401785282,1.9777658840649974,0.05838189014517161,0.05662493871196443,0.0923088928666955,26.1408237711588,,,,,,,,,
47,120.8,5.0,3.0,3.0,2.0,0.041391184573002684,24.16,0.6666666666666666,1.5,0.3333333333333333,0.0101474051438732,0.3245110192837465,0.3443595041322314,1.5844415642433245,0.6584936724345553,0.06321020885943471,0.06156217534048497,0.012900554777664611,26.190087781581177,8.91170838437641,0.442271512535366,-0.7202746277108726,0.39905555555555555,0.3825555555555555,0.5644444444444444,0.37738888888888883,0.33644444444444443,0.3701111111111111
48,242.4,13.0,2.0,6.0,7.0,0.05363094882772986,18.646153846153847,1.1666666666666667,0.8571428571428571,0.5,0.06300586263487998,0.4554481272763681,0.5445518727236317,0.9942433126352803,1.1181702053944538,0.36573470272787706,0.10990864292334271,0.0856280553208454,9.056293662617975,17.23080736479189,0.5823990553650229,0.9953477421141633,0.7040505328005329,0.7547727272727273,0.5624309024309024,0.7619717782217783,0.6642345154845155,0.5589943389943389
49,766.4,9.0,2.0,0.0,9.0,0.01174322381757616,85.15555555555555,,0.0,0.5,0.21700331993127664,0.3465554809366004,0.6534445190633996,0.9309516805118008,1.537686317405853,0.0314759125755252,0.019159062057502948,0.02591233590519751,48.76176607319578,,,,,,,,,
50,235.2,13.0,2.0,6.0,7.0,0.05527286933525659,18.092307692307696,1.1666666666666667,0.8571428571428571,0.5,0.1972270652910742,0.36053940469915946,0.6394605953008405,0.9431035915955078,0.9377118174551399,0.3865651360674954,0.1303216153292899,0.12639446536772195,7.241360554455847,19.128870690429054,,,0.7657222222222223,0.7375625,0.6016111111111111,0.7428888888888889,0.7657222222222223,0.5
53,676.8,18.0,4.0,18.0,0.0,0.02659578878537298,37.6,0.0,,0.25,0.0103725685481597,0.23522467071694178,0.25783030591419215,1.999057577961619,,,,,,22.76953251278494,1.0337495167121478,5.068872136922725,0.4065655637254902,0.46679473039215685,0.6530872140522875,0.7834266748366013,0.34853492647058826,0.3832759395424836
59,120.0,4.0,3.0,4.0,0.0,0.0333333333333333,30.0,0.0,,0.3333333333333333,0.0,0.3333333333333333,0.3333333333333333,1.584962500721156,,,,,,0.9477281470423625,0.0654036689650303,-0.8031976194545034,0.6666666666666667,0.9549999999999998,0.9566666666666667,0.9783333333333333,0.6266666666666667,0.5875000000000001
2074,5144.0,36.0,6.0,36.0,0.0,0.0069984447900466,142.88888888888889,0.0,,0.1666666666666666,0.0678125806513722,0.09720062208398131,0.2381026438569207,2.483361165730394,,,,,,1.0000310283041587,0.04039660425970995,-0.15610339256626854,0.31567076306865405,0.7856431617847612,0.8902219087343312,0.7826074410967169,0.3088190530787345,0.3027587229066179
2079,588.8,19.0,5.0,14.0,5.0,0.032269092437412314,30.989473684210527,0.3571428571428571,2.8,0.2,0.06527747363616182,0.1426645090426605,0.2907599497454877,2.26205940884607,3.459194234858856,0.6170350274421367,0.3935059725462846,0.08144606765399841,5.757353596193764,160.59113364288038,1.9136054223902856,41.71535204092884,0.3377167133520075,0.507288808250573,0.4846822086410321,0.5812282870724047,0.3035381886087768,0.20576451914098967
2867,718.4,38.0,5.0,6.0,32.0,0.05289536797772269,18.905263157894737,5.333333333333333,0.1875,0.19999999999999996,0.3162129201654086,0.0089078421016155,0.7616928731529442,1.1897497636214633,0.46329764395406314,0.5838728969395774,0.08208976240673077,0.12141347876232644,14.493836855347315,405.1254637786782,2.0207897527664356,4.608820609299432,0.41132878787878785,0.5958828763828763,0.671188455988456,0.4860335016835016,0.24751639610389606,0.21800000000000003
3021,3017.6,28.0,2.0,6.0,22.0,0.00927889758529403,107.77142857142857,3.6666666666666665,0.2727272727272727,0.5,0.6204993528252823,0.061240699895378725,0.9387593001046213,0.3323502861285453,0.3474950752487042,0.3734860662482825,0.00518715713815495,0.01280782226546301,64.13924265517944,18.348677485570974,3.729417857997661,56.1664449839383,0.931180411306722,0.8391038891377317,0.5754967318635014,0.5926915548110643,0.5,0.5
3022,792.0,12.0,11.0,10.0,2.0,0.0151515151515151,66.0,0.2,5.0,0.0909090909090909,0.0,0.0909090909090909,0.0909090909090909,3.4594316186372978,2.450582275792251,2.056246678130428,0.01593532455694153,0.01924129217991598,221.60507639286828,0.6993443340218597,0.09069389867076522,-0.4025050967090393,0.16732142857142854,0.6637012987012987,0.9809090909090908,0.5984902597402597,0.1347402597402597,0.11954545454545448
3485,1925.6,299.0,2.0,294.0,5.0,0.1552763043156226,6.4401337792642135,0.0170068027210884,58.8,0.5,0.4538761487696877,0.17906109738611956,0.8209389026138805,0.6780185333737772,0.6751161076816727,0.05613767546500529,0.04703861040056413,0.01601788116175319,14.417705059698886,0.18115029043737393,1.6852818121313096,8.124873057935384,0.5,0.7493157311646894,0.7762984929343125,0.722720387701295,0.5,0.5001633336879056
3512,480.0,60.0,6.0,60.0,0.0,0.125,8.0,0.0,,0.1666666666666666,0.0,0.1666666666666666,0.1666666666666666,2.584962500721156,,,,,,9.752398154195468,0.03376751196525664,-0.57440113844703,0.3183333333333333,0.9420833333333333,0.984375,0.9695833333333332,0.32791666666666663,0.17041666666666663
3540,96.0,3.0,2.0,0.0,3.0,0.03125,32.0,,0.0,0.5,0.2121320343559642,0.35,0.65,0.9339160036751852,2.584378750092279,1.4817471151583015,0.2001549347035164,0.21881357336159782,4.6823313673820985,,,,,,,,,
3543,400.0,5.0,2.0,2.0,3.0,0.0125,80.0,1.5,0.6666666666666666,0.5,0.07919595949289329,0.44400000000000006,0.556,0.9909243650729493,1.7012320764379645,1.0516758942633506,0.43453625592712264,0.5060604971975914,2.280470394319436,15.18363482958181,0.18713601628666154,-0.39923987445645653,0.6756353819525175,0.6990475083313957,0.6263537549407114,0.6973242656746492,0.6756353819525175,0.6228420393190214
3549,672.8,70.0,4.0,70.0,0.0,0.10404284299157995,9.611428571428572,0.0,,0.25,0.14439408053933597,0.06539813733814473,0.37693231267246863,1.7873853054279567,,,,,,5.356284414357786,1.107076448146806,2.291333428153597,0.44463521460423633,0.9818906971651536,0.9881948299888517,0.9975530538302276,0.4065354515050167,0.41829510272336357
3560,637.6,4.0,6.0,0.0,4.0,0.00627353558734948,159.4,,0.0,0.1666666666666666,0.014999552432107929,0.15417356220103737,0.1944783744513155,2.5802177112528137,2.016048216248625,0.9637649978782818,0.04652908039956901,0.02910541281320589,55.701538190040154,,,,,,,,,
3561,537.6,9.0,2.0,5.0,4.0,0.01674109695959563,59.733333333333334,0.8,1.25,0.5,0.23570340379495708,0.3333325248278348,0.6666674751721652,0.9182887848343249,2.6255806130197064,2.3478899941382503,0.0241594854983705,0.02206853230381579,39.01504186414519,5.648924454784793,0.3365346395848007,-0.3830770264645652,0.5,0.5616839402427638,0.5268844537815125,0.5556540616246498,0.49957142857142856,0.5
3567,400.0,21.0,15.0,19.0,2.0,0.052500000000000005,19.047619047619047,0.1052631578947368,9.5,0.0666666666666666,0.04251845992098296,0.012,0.16,3.6477824274848443,1.8238912137424226,2.579371690767659,1.8238628958916856,2.5793322282752333,2.000031052729536,1.045128787640519,1.1983388165348232,3.8014411318050407,0.13878510378510373,0.4045270800627943,0.2529480202337345,0.39074450549450546,0.09289220303506014,0.09857330368044646
3602,88.8,3.0,2.0,3.0,0.0,0.03378447395301324,29.6,0.0,,0.5,0.03187036437166128,0.4774642492339122,0.5225357507660878,0.9983489711286456,,,,,,44.63861038581615,0.17348417146562428,-0.2110025437937523,0.71425,0.6955,0.5900000000000001,0.677,0.71425,0.59675
3620,80.0,5.0,2.0,5.0,0.0,0.0625,16.0,0.0,,0.5,0.05656854249492377,0.45999999999999996,0.54,0.9950337122330664,,,,,,0.9998149096141239,0.01432068076206262,-1.115435304663456,0.6685000000000001,0.8768333333333335,0.8474166666666667,0.8241666666666667,0.5764166666666667,0.57975
3647,96.0,2.0,2.0,2.0,0.0,0.0208333333333333,48.0,0.0,,0.5,0.03535533905932734,0.475,0.525,0.9979950774211606,,,,,,24.55410394724365,-0.0008577266348336408,-1.2548598661875452,0.893,0.9259999999999999,0.9525,0.952,0.893,0.5186666666666666
3711,13279.2,18.0,2.0,18.0,0.0,0.00135550334480474,737.7333333333333,0.0,,0.5,0.27003734437972493,0.3090547626154895,0.6909452373845106,0.8920793291632284,,,,,,17.78035463422352,9.712433431424888,996.2380155297014,0.697342289335438,0.6668940384952788,0.5805516453643758,0.7563002446638302,0.6859308442023991,0.5000731707317073
3731,104.0,2.0,2.0,0.0,2.0,0.0192307692307692,52.0,,0.0,0.5,0.4351426345763369,0.19230769230769224,0.8076923076923077,0.7059304730916189,3.489879463972033,1.6601643028400055,0.2403671131369319,0.02318754154598834,2.9446119256454737,,,,,,,,,
3739,80.0,3.0,2.0,0.0,3.0,0.0375,26.666666666666668,,0.0,0.5,0.43840620433565947,0.19,0.8099999999999999,0.7013554270775891,2.204565314517,1.1550838995715005,0.16051850627110043,0.12823113930811617,4.394841044734889,,,,,,,,,
3748,104.8,3.0,2.0,3.0,0.0,0.028626373626373557,34.93333333333333,0.0,,0.5,0.1889114765049115,0.3664194139194139,0.6335805860805861,0.9477488409555083,,,,,,14.392691945159598,1.4936452401680742,4.438935358006056,0.9962500000000001,0.9610119047619048,0.993095238095238,0.9888690476190476,0.9962500000000001,0.9574999999999999
3779,80.0,5.0,2.0,5.0,0.0,0.0625,16.0,0.0,,0.5,0.08485281374238565,0.44000000000000006,0.5599999999999999,0.9892395874385593,,,,,,0.999138707013396,0.32139336531696194,-0.4128809336468504,0.6243333333333333,0.653,0.7847500000000001,0.6685833333333333,0.5126666666666667,0.508
3797,924.8,5.0,2.0,1.0,4.0,0.00540657919707594,184.95999999999998,4.0,0.25,0.5,0.3939255170365168,0.2214525956210621,0.7785474043789379,0.7628087928107644,2.5426666358605376,1.7814182557568685,0.09469914930988386,0.06061146729457255,8.058087203134892,44.24608364079465,6.9294742707655725,74.88594752430258,0.8862400793650794,0.8452460317460317,0.8326428571428572,0.6532103174603174,0.8862400793650794,0.8862400793650794
3896,3649.6,48.0,2.0,48.0,0.0,0.01315212669499081,76.03333333333333,0.0,,0.5,0.35618841373247195,0.24813675726968945,0.7518632427303105,0.8083115039562747,,,,,,14.34388296176176,,,0.5,0.7741064634473394,0.6605267881348174,0.7439601396980959,0.49989051094890513,0.5
3902,1166.4,37.0,2.0,37.0,0.0,0.03172154660218353,31.524324324324322,0.0,,0.5,0.5344528517442735,0.12208476430713563,0.8779152356928643,0.5353222419290826,,,,,,1829.2041926069537,5.999260051244417,88.10169888953672,0.5042194936226918,0.6192717902695059,0.5689855048815643,0.6772331048924425,0.5,0.5
3903,1250.4,37.0,2.0,37.0,0.0,0.029590543149147597,33.79459459459459,0.0,,0.5,0.5623375792336451,0.102367284407862,0.897632715592138,0.4764550690468125,,,,,,10023.639706728534,9.575133747984086,203.14100644972268,0.5,0.5632953256183344,0.5773126053518752,0.6140235096761646,0.5,0.5
3904,8708.0,21.0,2.0,21.0,0.0,0.0024115755881430603,414.6666666666667,0.0,,0.5,0.43348862301685037,0.19347725509756614,0.8065227449024338,0.708689165081916,,,,,,21709.785668311386,15.285918743757984,537.0650525617372,0.5,0.5567646889003164,0.5779859347824935,0.5543918935062659,0.5,0.5
3913,417.6,21.0,2.0,21.0,0.0,0.050287483483952566,19.885714285714286,0.0,,0.5,0.41722049829050156,0.2049805564087559,0.795019443591244,0.7317628473798286,,,,,,5777.129028554781,8.193784612242483,107.77051230106183,0.7486088829471182,0.6718716577540107,0.6364319667260844,0.6830707813428402,0.7503546494355318,0.6700557040998217
3917,1687.2,21.0,2.0,21.0,0.0,0.01244665788283408,80.34285714285713,0.0,,0.5,0.4885038885339165,0.15457558778167022,0.8454244122183298,0.6211718463015508,,,,,,914.2634167009985,4.162746697748611,30.8934267072711,0.5,0.6365384980173713,0.6037845956860041,0.6229835005891344,0.5,0.5
3918,887.2,21.0,2.0,21.0,0.0,0.023669977756787162,42.24761904761905,0.0,,0.5,0.6089155205815009,0.06943170622708386,0.9305682937729159,0.3637905996200474,,,,,,8545.578612224996,7.788897553489512,109.82420199896987,0.5639492814463428,0.6210225221443264,0.5858845486475519,0.5868896491890908,0.5000421196983054,0.5007730923694779
3950,5278.4,167.0,2.0,166.0,1.0,0.03163837576478989,31.60718562874252,0.0060240963855421,166.0,0.5,0.4891232920065144,0.15413760338590582,0.8458623966140941,0.6200984234763528,4.580826617239003,,0.6200641781924741,,1.000055228514618,85.95396450353081,0.47736897369333986,1.7076878618625948,0.5,0.796783077221395,0.9256063678273712,0.8549710060413405,0.5,0.5
3953,26048.8,14.0,2.0,6.0,8.0,0.0005374527810609599,1860.6285714285714,1.3333333333333333,0.75,0.5,0.36655063935049154,0.24080955726700276,0.7591904427329972,0.7963839543693696,1.842749602709127,0.9914365736013601,0.07309638588755693,0.06387241163068233,10.89531803386491,18894.305795258446,3.078514426477342,30.804781705987562,0.5937374916922287,0.6297737335114671,0.6347118362069426,0.6407694499221824,0.5398231959087052,0.5398231959087052
9946,455.2,30.0,2.0,30.0,0.0,0.06590514748409482,15.173333333333332,0.0,,0.5,0.18019362829652902,0.37258386350491607,0.6274161364950839,0.9526283001479878,,,,,,34.89908511960835,1.7047539850481066,7.334830619293868,0.8821023797450014,0.9283368951028688,0.907207512315271,0.9419706244566791,0.7931192951318458,0.775791799478412
9952,4323.2,5.0,2.0,5.0,0.0,0.00115655075021573,864.64,0.0,,0.5,0.29205449023271596,0.29348628948046623,0.7065137105195338,0.8731821416031395,,,,,,0.9999759201974301,0.7790310694296096,0.33705610949285914,0.7402235543242727,0.7506550723469113,0.8659737394807328,0.6839722361127232,0.6183640294119456,0.6150966638451776
9957,844.0,41.0,2.0,41.0,0.0,0.04857825360870962,20.585365853658537,0.0,,0.5,0.22989433795088,0.3374401546785408,0.6625598453214592,0.9223463053276146,,,,,,1.588133353041631,3.613200317042795,37.55626736896191,0.7285472458575907,0.7629875727720555,0.7761979399910434,0.8301639610389611,0.7105095163457232,0.5
9960,4364.8,24.0,4.0,24.0,0.0,0.00549853394366972,181.86666666666662,0.0,,0.25,0.17086836182484824,0.060117284506417804,0.40414226585355095,1.7146321134428077,,,,,,1.2512155075001647,1.5213984084544454,2.364431429086449,0.44200384820827193,0.6625299938567384,0.8694343665844322,0.6004859846146939,0.3551566478258538,0.3085908044410848
9964,1274.4,256.0,10.0,256.0,0.0,0.20087892414806272,4.978125,0.0,,0.09999999999999995,0.00135427838303742,0.09730085210711269,0.10177353455129104,3.3218060219173546,,,,,,0.4553491803303123,0.8078913865141308,-0.9657548182837123,0.19233333333333327,0.7751666666666667,0.9079871794871796,0.8766730769230768,0.1732884615384615,0.16498717948717945
9971,466.4,10.0,2.0,9.0,1.0,0.021440886501137398,46.64,0.11111111111111112,9.0,0.5,0.30200665462475856,0.28644904655136955,0.7135509534486304,0.8640811672942883,0.8007628498318665,,0.00498578994549708,,207.75271195725787,81.89284889898286,3.1559609671247166,27.174059298631278,0.5,0.6749518128929894,0.5732693776811424,0.5298580830933772,0.5004524886877828,0.49966533466533464
9978,2027.2,72.0,2.0,72.0,0.0,0.03551697578810401,28.155555555555555,0.0,,0.5,0.6178115121127454,0.06314129028996279,0.9368587097100372,0.33979046176787275,,,,,,7.569753944523725,0.08332284171116329,1.4269200469882646,0.5,0.7508489814279289,0.5851443941049205,0.5988957222115118,0.49997368421052635,0.4999210526315789
9979,1700.8,35.0,10.0,35.0,0.0,0.02057855667545917,48.59428571428572,0.0,,0.09999999999999998,0.08207371652131303,0.02492966579212668,0.27234251935530707,2.9133374101801914,,,,,,60.49740471881015,2.3914285175004975,17.874212939611173,0.2,0.999,0.3650033054252762,0.6961686234710264,0.1,0.1
9984,80.0,9.0,2.0,9.0,0.0,0.1125,8.88888888888889,0.0,,0.5,0.5374011537017761,0.12,0.8800000000000001,0.5288768623315849,,,,,,0.44445028589711005,-0.04107052222823731,-0.38153040857614207,0.5157142857142858,0.4923214285714286,0.572857142857143,0.5103571428571428,0.52,0.52
10089,96.0,6.0,2.0,1.0,5.0,0.0625,16.0,5.0,0.2,0.5,0.1178511301977579,0.4166666666666667,0.5833333333333334,0.9798687566511528,0.9343582268123379,0.08297068752400252,0.20079440042292399,0.21628718143492356,4.884762651512626,1.8204377006273682,0.10954275335457506,-1.5620315757975187,0.9255833333333333,0.851,0.8261666666666667,0.851,0.9255833333333333,0.9255833333333333
10093,1097.6,4.0,2.0,4.0,0.0,0.0036443162009379497,274.4,0.0,,0.5,0.07833813075956367,0.44460657651443397,0.555393423485566,0.9911279666639146,,,,,,3.780745173460115,-0.11895901733194389,0.13367284040734712,0.8495329262852682,0.8354685234749637,0.999344262295082,0.9784248633879782,0.8495329262852682,0.500379119270659
10101,598.4,4.0,2.0,4.0,0.0,0.006684500179600671,149.6,0.0,,0.5,0.37057065134459777,0.2379669795255191,0.7620330204744808,0.7916402336212445,,,,,,374.3836115391418,2.2455561513034312,10.042818360990678,0.5,0.558327122153209,0.5873585231193927,0.5433433402346446,0.5,0.5013461007591442
14952,8844.0,30.0,2.0,0.0,30.0,0.00339213029249668,294.8,,0.0,0.5,0.08052893954151823,0.44305744076843095,0.5569425592315691,0.990623910594862,0.8349782694638191,0.35827491122797783,0.05200498209835606,0.12378123003556292,19.049102433630907,,,,,,,,,
14954,432.0,37.0,2.0,18.0,19.0,0.0856481481481481,11.675675675675675,1.0555555555555556,0.9473684210526316,0.5,0.109994388184574,0.4222222222222222,0.5777777777777777,0.9824671184495587,1.3605967918467687,1.234032074583793,0.06816283423594371,0.05971942071738675,14.451806192288515,506.0905408279583,1.2396812322927186,11.506269882462771,0.6164926900584795,0.62916783625731,0.7169384502923977,0.5951979532163743,0.5043409356725146,0.5265402046783626
14965,36168.8,16.0,2.0,7.0,9.0,0.00044237021969091995,2260.55,1.2857142857142858,0.7777777777777778,0.5,0.5416652838686664,0.1169848046431297,0.8830151953568702,0.5206312204886138,1.4214851015925105,0.9862590813431409,0.01490802695438242,0.014993118966079019,34.93731686728718,489.47459163506136,8.257068457013034,582.5413354766667,0.5,0.6427004249263145,0.6287001549656275,0.612630036131506,0.5,0.5
14967,2236.8,33.0,6.0,31.0,2.0,0.01475322112479433,67.78181818181818,0.064516129032258,15.5,0.1666666666666666,0.05426864372812601,0.09799704573777353,0.24320461490570122,2.5203789075307137,4.3018459859621645,1.7969386400459875,1.2939488850016225,1.73432307890142,1.947826569696724,1.41912882657889,,,0.23435059747804843,0.22299090852154904,0.3082437245187782,0.23977904305144956,0.17362959742491063,0.16668665409417435
125920,400.0,12.0,2.0,1.0,11.0,0.03,33.333333333333336,11.0,0.0909090909090909,0.5,0.1131370849898475,0.42000000000000004,0.58,0.9814538950336535,2.2747702211217438,0.4193078578950965,0.03890408434628885,0.01847445661248636,25.252117443030325,2.0052985416713964,-1.1577917238409676,-0.5955387423084705,0.5029678175618073,0.5,0.5014053175618074,0.5,0.5029678175618073,0.5029678175618073
125921,400.0,7.0,10.0,7.0,0.0,0.0175,57.142857142857146,0.0,,0.1,0.01206495482344552,0.074,0.1155,3.3120677876343088,,,,,,0.45736139515074176,-0.7217911064138558,-1.1259118390792788,0.18255,0.6159833333333333,0.6253,0.7523,0.18134999999999996,0.18364999999999998
145793,1015.2,8.0,4.0,8.0,0.0,0.00788022186881804,126.9,0.0,,0.25,0.10733858918211485,0.12765951669834372,0.3451537954307436,1.8947145236707965,,,,,,0.9962734135660882,4.207908139182755,70.577484384571,0.46602548840048835,0.5220775514904772,0.5787412889398184,0.6505567467018706,0.2491449579831932,0.24937499999999996
145799,228.8,9.0,2.0,0.0,9.0,0.03933623454877938,25.42222222222222,,0.0,0.5,0.28681135131547747,0.2971937485635486,0.7028062514364514,0.877803685696106,1.5260204552945784,0.7214535390072635,0.03714612816054748,0.03132050786921831,23.772603829327906,,,,,,,,,
145836,598.4,4.0,2.0,4.0,0.0,0.006684500179600671,149.6,0.0,,0.5,0.37057065134459777,0.2379669795255191,0.7620330204744808,0.7916402336212445,,,,,,374.3836115391418,2.2455561513034312,10.042818360990678,0.5,0.558327122153209,0.5873585231193927,0.5433433402346446,0.5,0.5013461007591442
145847,969.6,100.0,2.0,100.0,0.0,0.10313536184732586,9.696,0.0,,0.5,0.0010207169477661998,0.4992782441245624,0.5007217558754375,0.9999980063739727,,,,,,17989.529960076463,2.9948871591496307,9.510011041872582,0.506813350340136,0.5019111394557823,0.5710841836734694,0.6759460034013605,0.5130017006802721,0.514500425170068
145977,268.8,7.0,7.8,7.0,0.0,0.026041940236857814,38.4,0.0,,0.12857142857142856,0.1454963111500029,0.00595078099794291,0.42559860754057055,2.1856549350956795,,,,,,0.1432749338500801,3.2699403433199903,40.974595164872376,0.34714935064935065,0.6171053391053392,0.7345636363636363,0.8061782106782107,0.24401298701298696,0.17823809523809522
145984,280.8,34.0,2.0,34.0,0.0,0.12108286731062526,8.258823529411766,0.0,,0.5,0.19944042026862763,0.35897432638535837,0.6410256736146416,0.9417992225312878,,,,,,0.5103614855428944,,,0.7557828282828283,0.8605231729055258,0.8108891859774212,0.8194776714513556,0.6507272727272728,0.6436824123588829
146024,25.6,56.0,3.0,0.0,56.0,2.189025641025641,0.45714285714285713,,0.0,0.3333333333333333,0.0650657707284023,0.281474358974359,0.4058076923076923,1.5653343466440481,1.0596400042026544,0.37837548204910976,0.17526092457737424,0.11613894600799697,8.981968052788607,,,,,,,,,
146032,271.2,17.0,20.1,0.0,17.0,0.0626845018450184,15.952941176470588,,0.0,0.04983709273182956,0.056526773468980294,0.00368732363794224,0.24778597785977854,3.635371994615807,0.8135232885707335,0.3978739516001858,0.2088600140991364,0.1382882718398266,17.40835487065779,,,,,,,,,
146063,128.0,4.0,3.0,4.0,0.0,0.03125,32.0,0.0,,0.3333333333333333,0.12111068380735854,0.19375,0.409375,1.5152584258829669,,,,,,0.9124291725794228,0.5601312596752793,-0.7894206490784679,0.4294444444444444,0.7137777777777778,0.6721111111111111,0.5586666666666666,0.29655555555555557,0.29655555555555557
146065,480.8,6.0,2.0,0.0,6.0,0.012479209979209921,80.13333333333334,,0.0,0.5,0.2223680542974129,0.3427620408870409,0.6572379591129591,0.9274270867651676,1.4584296679586497,0.3900937645616489,0.00420103946006588,0.0037052622945542594,232.76916938454943,,,,,,,,,
146192,1382.4,21.0,4.0,0.0,21.0,0.01519097571748427,65.82857142857144,,0.0,0.25,0.3123658208592729,0.03761574939567541,0.7002316425964199,1.2057298023112342,0.8570399203069374,0.0548275750305592,0.04497654559936368,0.06336242907894005,26.80982649077501,,,,,,,,,
146210,70.4,8.0,2.0,0.0,8.0,0.11364632237871668,8.8,,0.0,0.5,0.32144034084361234,0.2727073552425665,0.7272926447574335,0.8448238035571431,1.1094360277994029,0.32977396619492483,0.0170889511304287,0.01709244404873596,52.68132459637326,,,,,,,,,
146607,6702.4,120.0,2.0,59.0,61.0,0.017904034551086658,55.85333333333333,1.0338983050847457,0.9672131147540984,0.5,0.47416159913978867,0.16471711786999793,0.835282882130002,0.6454759062628446,1.4408598625623843,0.7775672342258361,0.0101023129200284,0.0182829507775778,63.904607561358674,3.2437055338841554,0.27433934131718246,6.137865627551629,0.5,0.73521669346524,0.5817727385881455,0.6271647127751778,0.5,0.4999732142857143
146800,864.0,77.0,8.0,77.0,0.0,0.0891203703703703,11.22077922077922,0.0,,0.125,0.012890337603162822,0.0972222222222222,0.1388888888888889,2.992987913363703,,,,,,0.15762912239171728,0.7823902695676028,4.39123938940614,0.24499999999999997,0.769512941919192,0.9860075757575759,0.9786306818181819,0.16671780303030298,0.20267045454545451
146817,1552.8,27.0,7.0,27.0,0.0,0.01738794551284176,57.511111111111106,0.0,,0.1428571428571428,0.11490938506320181,0.02833595269548127,0.34672856327294693,2.410675419375001,,,,,,150619.10250653123,3.1528579699696127,78.80442202712696,0.25122434200568705,0.5069715388292305,0.29273129746653787,0.7159233674820255,0.18303810574808746,0.19206129629117302
146818,552.0,14.0,2.0,6.0,8.0,0.0253623188405797,39.42857142857143,1.3333333333333333,0.75,0.5,0.07788422517417044,0.44492753623188397,0.555072463768116,0.9912247651010059,1.3089165313810058,0.9527350161811267,0.0987151316959988,0.1438567935126845,10.048449474373564,51.82385124745623,0.9052839039342212,0.16994001882058363,0.7195209677419355,0.7438795698924731,0.681314247311828,0.7455564516129033,0.589155376344086,0.6132876344086021
146820,3871.2,5.0,2.0,5.0,0.0,0.00129158918510382,774.24,0.0,,0.5,0.6308286718428682,0.053936768373004595,0.9460632316269955,0.30289017852359246,,,,,,61.197175982527014,3.3404045554405237,46.631629122096896,0.5,0.7293685206337861,0.8675164359843193,0.5614369505474053,0.5,0.5
146821,1382.4,6.0,4.0,0.0,6.0,0.0043402787764240305,230.39999999999995,,0.0,0.25,0.3123658208592729,0.03761574939567541,0.7002316425964199,1.2057298023112342,1.7922206804769611,0.22720721813922626,0.11500118120508976,0.10381710857518436,10.484990047250772,,,,,,,,,
167140,2548.8,180.0,3.0,0.0,180.0,0.0706214771873079,14.16,,0.0,0.3333333333333333,0.16091929673722044,0.24011308399993364,0.5191462425209091,1.4797944425258769,0.8060066377835071,0.06407495512768127,0.02174074368546171,0.05168939375192538,68.06891359704217,,,,,,,,,
167141,4000.0,20.0,2.0,16.0,4.0,0.005,200.0,0.25,4.0,0.5,0.507136983466992,0.1414,0.8586,0.5878933375590724,1.2658198199718722,0.8016904175707078,0.02425688381427104,0.0233721068085919,24.275923085355068,109.2402942357721,0.139449810355944,0.18164928721513712,0.6003875143780191,0.6689667237326824,0.5755690015558592,0.5199253220259953,0.5,0.5015053986710963
167211,4080.0,36.0,2.0,36.0,0.0,0.0088235294117647,113.3333333333333,0.0,,0.5,0.6863095229163549,0.0147058823529411,0.9852941176470589,0.11057845213164885,,,,,,14.241315957693093,-0.10956683606734116,-0.4654858763918944,0.8110433546552949,0.8478883868102877,0.8194779362893406,0.7565568585643213,0.6143233980752035,0.6263558130586155
168911,2387.2,144.0,2.0,8.0,136.0,0.06032172386356303,16.577777777777776,17.0,0.0588235294117647,0.5,0.00017778911241758,0.4998742841129884,0.5001257158870116,0.9999998733133243,0.5169468047546505,0.3218833986974741,0.0239248228706661,0.05180262436279807,41.835270962109064,0.9411181491857938,6.274094225248605,58.22363078505606,0.762766806722689,0.7167226890756303,0.7177633053221288,0.7471102941176471,0.6193799019607844,0.655735294117647
190408,31958.4,11.0,2.0,5.0,6.0,0.00034419745684195004,2905.309090909091,1.2,0.8333333333333334,0.5,0.4689264260396719,0.16841894426977594,0.8315810557302241,0.654075180033712,12.357641964666426,1.532537708741637,0.37681461918927556,0.1287060430111549,1.7358071250165146,9.97342209501869e+17,30.90781603697107,4894.2668449475,0.5,0.5,0.5505061546621057,0.5002857813573078,0.5,0.5
360948,288.0,104.0,9.9,90.0,14.0,0.3611111111111111,2.769230769230769,0.1555555555555555,6.428571428571429,0.10111111111111107,0.08869679330481309,0.00590277777777774,0.2861111111111111,2.8000244465946267,2.9920083924548253,0.16796085649316295,0.3514127825650785,0.1606838572195279,7.969208775319385,1.0014333077163613,-0.18563272254006974,-0.7307246051507476,0.12290972222222216,0.30459374999999994,0.3429722222222222,0.22094097222222214,0.1196493055555555,0.1378981481481481
