feature,n_cc18,n_outside,missing_total,mean_cc18,mean_outside,median_cc18,median_outside,smd_cc18_minus_outside,wasserstein,wasserstein_std,ks_ecdf_distance,ks_p,robust_5_95_overlap,ks_q_bh,abs_smd
f__pymfe.info-theory.mut_inf.mean,17,36,51,0.059837152223801704,0.2370554276441178,0.02939105628395436,0.13272291325324337,-0.6734224883351183,0.17726187266950671,0.6735881561702493,0.5179738562091504,0.0022512739068576244,0.19846135536816095,0.06010901331309857,0.6734224883351183
f__pymfe.info-theory.eq_num_attr,17,36,51,55.401826599503046,24.310150229621364,34.93731686728718,9.084551743214892,0.5709573633234077,31.71190375830842,0.5823470159797737,0.49673202614379086,0.0036089572377248687,0.35434317979038116,0.0790937774080776,0.5709573633234077
f__pymfe.info-theory.mut_inf.sd,16,35,53,0.053447694693279396,0.23171498971562565,0.03416024597173964,0.11613894600799697,-0.5007381147881375,0.17884774208852697,0.5023685426779936,0.4017857142857143,0.04059773556741517,0.1299352797077065,0.23736340284306243,0.5007381147881375
f__pymfe.general.attr_to_inst,46,58,0,0.03129691425269588,0.11868378564105035,0.01674118716991433,0.03841811727438969,-0.4015412308555703,0.08740699255760147,0.4016336872959638,0.31334332833583206,0.00948982585849916,0.2707175974284775,0.10739674375313424,0.4015412308555703
f__pymfe.landmarking.one_nn.mean,39,47,18,0.7122486572967989,0.6506004817639561,0.6422472943722944,0.6263537549407114,0.3260959709598685,0.06199396742667607,0.32792508175503804,0.20567375886524822,0.27997965415502996,0.7712113125151637,0.6255612356434561,0.3260959709598685
f__pymfe.general.cat_to_num,39,47,18,0.5878510378510379,1.8459668617557936,0.0,0.0170068027210884,-0.3109987437012532,1.2581158239047552,0.3109987437012531,0.2755046372067649,0.061292970990212185,0.6719745222929939,0.2697564272701097,0.3109987437012532
f__pymfe.general.num_to_cat,17,36,51,1.4024213832263368,7.548436176245652,0.2727272727272727,0.4175438596491228,-0.2990327274776267,6.420034807833047,0.31236509896919534,0.11601307189542484,0.9898628158610642,0.22032288698955355,1.0,0.2990327274776267
f__pymfe.landmarking.linear_discr.mean,39,47,18,0.7113017230653575,0.660790176552494,0.6830707813428402,0.6759460034013605,0.2933507441278508,0.060379133086598105,0.3506577177603812,0.16148390616475722,0.560745755289806,0.6810794485954403,0.8897924350523407,0.2933507441278508
f__pymfe.info-theory.attr_ent.sd,16,35,53,0.6287211905212994,0.797585241970103,0.5130299793427475,0.585624622184896,-0.2834351727732734,0.17299429035924474,0.2903677020424215,0.21785714285714286,0.5926499745226984,0.7215115124251134,0.9019838783812205,0.2834351727732734
f__pymfe.landmarking.naive_bayes.mean,39,47,18,0.703165005641459,0.6593605045949533,0.6945048387096774,0.6845436507936508,0.26393677633008816,0.050335932061620896,0.30329083369331844,0.19912711402073105,0.3099741766484041,0.6968403982648961,0.6603439241898184,0.26393677633008816
f__pymfe.info-theory.attr_ent.mean,17,36,51,1.4973575805502843,1.9080447454584535,1.3605967918467687,1.4419659569882923,-0.2633579651198281,0.4931991657169503,0.31626975415960773,0.16339869281045752,0.8528145660538373,0.5356004446203577,1.0,0.2633579651198281
f__pymfe.general.freq_class.min,46,58,0,0.2019475421868823,0.23419268815849653,0.14841903562184894,0.23938826839626093,-0.21086695187472163,0.0586926537245773,0.38382028101951143,0.20689655172413793,0.18682617155868836,0.8224112492942178,0.519610289647602,0.21086695187472163
f__pymfe.landmarking.best_node.mean,39,47,18,0.4940656489491668,0.5406392913872724,0.5,0.506813350340136,-0.2095597493628566,0.05401223036861414,0.2430299385240879,0.1773049645390071,0.44773801580426853,0.9594849529620768,0.8160139946739912,0.2095597493628566
f__pymfe.statistical.sd.mean,39,47,18,5204.342446673287,2.1220047010678908e+16,25.728664662950575,9.752398154195468,-0.20628424925171646,2.122004701067625e+16,0.2062842492517412,0.2662302236770322,0.07826302020395602,0.871382561274408,0.326503537413379,0.20628424925171646
f__pymfe.statistical.kurtosis.mean,39,42,23,58.14980856017966,160.51761387644584,4.39123938940614,2.8732137841429304,-0.18611062496676156,135.00577334776108,0.24544834945172228,0.22893772893772893,0.19838740897501111,0.5583080170347872,0.5261864721489533,0.18611062496676156
f__pymfe.landmarking.random_node.mean,39,47,18,0.4452125572757919,0.4825667186668885,0.5,0.5,-0.17477870678715357,0.0503385100060737,0.2355319823228795,0.2629569012547736,0.08264349738288082,0.8195851292343725,0.32934050449595786,0.17477870678715357
f__pymfe.landmarking.worst_node.mean,39,47,18,0.4224221727715266,0.4562126947486408,0.5,0.5001633336879056,-0.17399585828503983,0.04242002274105302,0.21843131841228752,0.2629569012547736,0.08264349738288082,0.7712375080889269,0.32934050449595786,0.17399585828503983
f__pymfe.general.freq_class.sd,46,58,0,0.22146919484641864,0.19779186149388986,0.16077299114252536,0.1448145451951811,0.12624033399444856,0.03741605496914186,0.19949101555199614,0.14392803598200898,0.6001744139417048,0.7724516243513679,0.9019838783812205,0.12624033399444856
f__pymfe.info-theory.class_ent,46,58,0,1.4840205722290316,1.3697124728404646,0.9908759386293883,0.9927340388681432,0.12219943530890806,0.22512542563198293,0.24066710961915821,0.14392803598200898,0.6001744139417048,0.9025674889185,0.9019838783812205,0.12219943530890806
f__pymfe.general.nr_cat,46,58,0,9.0,12.0,0.0,3.0,-0.11503169077513378,5.4797601199400265,0.21011535721295038,0.2556221889055472,0.05607087103281819,0.554662379421222,0.2661330578719651,0.11503169077513378
f__pymfe.general.nr_num,46,58,0,30.5,24.689655172413794,15.0,6.0,0.11312487794110176,9.871814092953525,0.19219991196056888,0.2593703148425787,0.05061891184543857,0.698362147406734,0.251836946510536,0.11312487794110176
f__pymfe.general.freq_class.max,46,58,0,0.5362754256036607,0.5638472202831939,0.5673601685046734,0.558,-0.11154743293493037,0.06277706423235324,0.253977676959431,0.1656671664167916,0.4256216786244734,0.7413736565318262,0.8027079820108789,0.11154743293493037
f__pymfe.general.nr_inst,46,58,0,2654.8173913043474,2142.3999999999996,1262.4,293.6,0.092951122127902,1197.5160419790095,0.21722615539018741,0.5817091454272864,1.2273766420876903e-08,0.9370260672693709,1.96625738062448e-05,0.092951122127902
f__pymfe.general.freq_class.mean,46,58,0,0.3657702804441934,0.3792011409358328,0.5,0.5,-0.08083018426989302,0.01858789203685834,0.11186645408634906,0.06896551724137931,0.9984027498067222,0.9432393621041494,1.0,0.08083018426989302
f__pymfe.statistical.skewness.mean,39,42,23,2.7758053867639507,2.4367404816125777,1.2396812322927186,0.7835309722576813,0.07503985750953174,1.2032903958183931,0.2663051777785402,0.1978021978021978,0.3482401496754754,0.9763483985851872,0.7103999147741384,0.07503985750953174
f__pymfe.general.inst_to_attr,46,58,0,167.3864221031875,140.1825858408953,59.82222222222222,26.044444444444444,0.0663444805169309,74.99563756943081,0.18289871206424752,0.31334332833583206,0.00948982585849916,0.693677213075526,0.10739674375313424,0.0663444805169309
f__pymfe.general.nr_class,46,58,0,3.9782608695652173,4.205172413793104,2.0,2.0,-0.060594675076982116,0.7744377811094452,0.20680660331030745,0.06896551724137931,0.9984027498067222,0.7133303611234955,1.0,0.060594675076982116
f__pymfe.general.nr_attr,46,58,0,39.5,36.689655172413794,21.0,14.0,0.04992153888024648,9.978260869565219,0.17724876074552176,0.19490254872563717,0.24226989964498075,0.9484297520661155,0.5849102733553077,0.04992153888024648
