column,dtype
dataset_name,str
f__pymfe.landmarking.best_node.count,int64
f__pymfe.landmarking.best_node.count.relative,float64
f__pymfe.landmarking.best_node.histogram.0,float64
f__pymfe.landmarking.best_node.histogram.0.relative,float64
f__pymfe.landmarking.best_node.histogram.1,float64
f__pymfe.landmarking.best_node.histogram.1.relative,float64
f__pymfe.landmarking.best_node.histogram.2,float64
f__pymfe.landmarking.best_node.histogram.2.relative,float64
f__pymfe.landmarking.best_node.histogram.3,float64
f__pymfe.landmarking.best_node.histogram.3.relative,float64
f__pymfe.landmarking.best_node.histogram.4,float64
f__pymfe.landmarking.best_node.histogram.4.relative,float64
f__pymfe.landmarking.best_node.histogram.5,float64
f__pymfe.landmarking.best_node.histogram.5.relative,float64
f__pymfe.landmarking.best_node.histogram.6,float64
f__pymfe.landmarking.best_node.histogram.6.relative,float64
f__pymfe.landmarking.best_node.histogram.7,float64
f__pymfe.landmarking.best_node.histogram.7.relative,float64
f__pymfe.landmarking.best_node.histogram.8,float64
f__pymfe.landmarking.best_node.histogram.8.relative,float64
f__pymfe.landmarking.best_node.histogram.9,float64
f__pymfe.landmarking.best_node.histogram.9.relative,float64
f__pymfe.landmarking.best_node.iq_range,float64
f__pymfe.landmarking.best_node.iq_range.relative,float64
f__pymfe.landmarking.best_node.kurtosis,float64
f__pymfe.landmarking.best_node.kurtosis.relative,float64
f__pymfe.landmarking.best_node.max,float64
f__pymfe.landmarking.best_node.max.relative,float64
f__pymfe.landmarking.best_node.mean,float64
f__pymfe.landmarking.best_node.mean.relative,float64
f__pymfe.landmarking.best_node.median,float64
f__pymfe.landmarking.best_node.median.relative,float64
f__pymfe.landmarking.best_node.min,float64
f__pymfe.landmarking.best_node.min.relative,float64
f__pymfe.landmarking.best_node.quantiles.0,float64
f__pymfe.landmarking.best_node.quantiles.0.relative,float64
f__pymfe.landmarking.best_node.quantiles.1,float64
f__pymfe.landmarking.best_node.quantiles.1.relative,float64
f__pymfe.landmarking.best_node.quantiles.2,float64
f__pymfe.landmarking.best_node.quantiles.2.relative,float64
f__pymfe.landmarking.best_node.quantiles.3,float64
f__pymfe.landmarking.best_node.quantiles.3.relative,float64
f__pymfe.landmarking.best_node.quantiles.4,float64
f__pymfe.landmarking.best_node.quantiles.4.relative,float64
f__pymfe.landmarking.best_node.range,float64
f__pymfe.landmarking.best_node.range.relative,float64
f__pymfe.landmarking.best_node.sd,float64
f__pymfe.landmarking.best_node.sd.relative,float64
f__pymfe.landmarking.best_node.skewness,float64
f__pymfe.landmarking.best_node.skewness.relative,float64
f__pymfe.landmarking.elite_nn.count,int64
f__pymfe.landmarking.elite_nn.count.relative,float64
f__pymfe.landmarking.elite_nn.histogram.0,float64
f__pymfe.landmarking.elite_nn.histogram.0.relative,float64
f__pymfe.landmarking.elite_nn.histogram.1,float64
f__pymfe.landmarking.elite_nn.histogram.1.relative,float64
f__pymfe.landmarking.elite_nn.histogram.2,float64
f__pymfe.landmarking.elite_nn.histogram.2.relative,float64
f__pymfe.landmarking.elite_nn.histogram.3,float64
f__pymfe.landmarking.elite_nn.histogram.3.relative,float64
f__pymfe.landmarking.elite_nn.histogram.4,float64
f__pymfe.landmarking.elite_nn.histogram.4.relative,float64
f__pymfe.landmarking.elite_nn.histogram.5,float64
f__pymfe.landmarking.elite_nn.histogram.5.relative,float64
f__pymfe.landmarking.elite_nn.histogram.6,float64
f__pymfe.landmarking.elite_nn.histogram.6.relative,float64
f__pymfe.landmarking.elite_nn.histogram.7,float64
f__pymfe.landmarking.elite_nn.histogram.7.relative,float64
f__pymfe.landmarking.elite_nn.histogram.8,float64
f__pymfe.landmarking.elite_nn.histogram.8.relative,float64
f__pymfe.landmarking.elite_nn.histogram.9,float64
f__pymfe.landmarking.elite_nn.histogram.9.relative,float64
f__pymfe.landmarking.elite_nn.iq_range,float64
f__pymfe.landmarking.elite_nn.iq_range.relative,float64
f__pymfe.landmarking.elite_nn.kurtosis,float64
f__pymfe.landmarking.elite_nn.kurtosis.relative,float64
f__pymfe.landmarking.elite_nn.max,float64
f__pymfe.landmarking.elite_nn.max.relative,float64
f__pymfe.landmarking.elite_nn.mean,float64
f__pymfe.landmarking.elite_nn.mean.relative,float64
f__pymfe.landmarking.elite_nn.median,float64
f__pymfe.landmarking.elite_nn.median.relative,float64
f__pymfe.landmarking.elite_nn.min,float64
f__pymfe.landmarking.elite_nn.min.relative,float64
f__pymfe.landmarking.elite_nn.quantiles.0,float64
f__pymfe.landmarking.elite_nn.quantiles.0.relative,float64
f__pymfe.landmarking.elite_nn.quantiles.1,float64
f__pymfe.landmarking.elite_nn.quantiles.1.relative,float64
f__pymfe.landmarking.elite_nn.quantiles.2,float64
f__pymfe.landmarking.elite_nn.quantiles.2.relative,float64
f__pymfe.landmarking.elite_nn.quantiles.3,float64
f__pymfe.landmarking.elite_nn.quantiles.3.relative,float64
f__pymfe.landmarking.elite_nn.quantiles.4,float64
f__pymfe.landmarking.elite_nn.quantiles.4.relative,float64
f__pymfe.landmarking.elite_nn.range,float64
f__pymfe.landmarking.elite_nn.range.relative,float64
f__pymfe.landmarking.elite_nn.sd,float64
f__pymfe.landmarking.elite_nn.sd.relative,float64
f__pymfe.landmarking.elite_nn.skewness,float64
f__pymfe.landmarking.elite_nn.skewness.relative,float64
f__pymfe.landmarking.linear_discr.count,int64
f__pymfe.landmarking.linear_discr.count.relative,float64
f__pymfe.landmarking.linear_discr.histogram.0,float64
f__pymfe.landmarking.linear_discr.histogram.0.relative,float64
f__pymfe.landmarking.linear_discr.histogram.1,float64
f__pymfe.landmarking.linear_discr.histogram.1.relative,float64
f__pymfe.landmarking.linear_discr.histogram.2,float64
f__pymfe.landmarking.linear_discr.histogram.2.relative,float64
f__pymfe.landmarking.linear_discr.histogram.3,float64
f__pymfe.landmarking.linear_discr.histogram.3.relative,float64
f__pymfe.landmarking.linear_discr.histogram.4,float64
f__pymfe.landmarking.linear_discr.histogram.4.relative,float64
f__pymfe.landmarking.linear_discr.histogram.5,float64
f__pymfe.landmarking.linear_discr.histogram.5.relative,float64
f__pymfe.landmarking.linear_discr.histogram.6,float64
f__pymfe.landmarking.linear_discr.histogram.6.relative,float64
f__pymfe.landmarking.linear_discr.histogram.7,float64
f__pymfe.landmarking.linear_discr.histogram.7.relative,float64
f__pymfe.landmarking.linear_discr.histogram.8,float64
f__pymfe.landmarking.linear_discr.histogram.8.relative,float64
f__pymfe.landmarking.linear_discr.histogram.9,float64
f__pymfe.landmarking.linear_discr.histogram.9.relative,float64
f__pymfe.landmarking.linear_discr.iq_range,float64
f__pymfe.landmarking.linear_discr.iq_range.relative,float64
f__pymfe.landmarking.linear_discr.kurtosis,float64
f__pymfe.landmarking.linear_discr.kurtosis.relative,float64
f__pymfe.landmarking.linear_discr.max,float64
f__pymfe.landmarking.linear_discr.max.relative,float64
f__pymfe.landmarking.linear_discr.mean,float64
f__pymfe.landmarking.linear_discr.mean.relative,float64
f__pymfe.landmarking.linear_discr.median,float64
f__pymfe.landmarking.linear_discr.median.relative,float64
f__pymfe.landmarking.linear_discr.min,float64
f__pymfe.landmarking.linear_discr.min.relative,float64
f__pymfe.landmarking.linear_discr.quantiles.0,float64
f__pymfe.landmarking.linear_discr.quantiles.0.relative,float64
f__pymfe.landmarking.linear_discr.quantiles.1,float64
f__pymfe.landmarking.linear_discr.quantiles.1.relative,float64
f__pymfe.landmarking.linear_discr.quantiles.2,float64
f__pymfe.landmarking.linear_discr.quantiles.2.relative,float64
f__pymfe.landmarking.linear_discr.quantiles.3,float64
f__pymfe.landmarking.linear_discr.quantiles.3.relative,float64
f__pymfe.landmarking.linear_discr.quantiles.4,float64
f__pymfe.landmarking.linear_discr.quantiles.4.relative,float64
f__pymfe.landmarking.linear_discr.range,float64
f__pymfe.landmarking.linear_discr.range.relative,float64
f__pymfe.landmarking.linear_discr.sd,float64
f__pymfe.landmarking.linear_discr.sd.relative,float64
f__pymfe.landmarking.linear_discr.skewness,float64
f__pymfe.landmarking.linear_discr.skewness.relative,float64
f__pymfe.landmarking.naive_bayes.count,int64
f__pymfe.landmarking.naive_bayes.count.relative,float64
f__pymfe.landmarking.naive_bayes.histogram.0,float64
f__pymfe.landmarking.naive_bayes.histogram.0.relative,float64
f__pymfe.landmarking.naive_bayes.histogram.1,float64
f__pymfe.landmarking.naive_bayes.histogram.1.relative,float64
f__pymfe.landmarking.naive_bayes.histogram.2,float64
f__pymfe.landmarking.naive_bayes.histogram.2.relative,float64
f__pymfe.landmarking.naive_bayes.histogram.3,float64
f__pymfe.landmarking.naive_bayes.histogram.3.relative,float64
f__pymfe.landmarking.naive_bayes.histogram.4,float64
f__pymfe.landmarking.naive_bayes.histogram.4.relative,float64
f__pymfe.landmarking.naive_bayes.histogram.5,float64
f__pymfe.landmarking.naive_bayes.histogram.5.relative,float64
f__pymfe.landmarking.naive_bayes.histogram.6,float64
f__pymfe.landmarking.naive_bayes.histogram.6.relative,float64
f__pymfe.landmarking.naive_bayes.histogram.7,float64
f__pymfe.landmarking.naive_bayes.histogram.7.relative,float64
f__pymfe.landmarking.naive_bayes.histogram.8,float64
f__pymfe.landmarking.naive_bayes.histogram.8.relative,float64
f__pymfe.landmarking.naive_bayes.histogram.9,float64
f__pymfe.landmarking.naive_bayes.histogram.9.relative,float64
f__pymfe.landmarking.naive_bayes.iq_range,float64
f__pymfe.landmarking.naive_bayes.iq_range.relative,float64
f__pymfe.landmarking.naive_bayes.kurtosis,float64
f__pymfe.landmarking.naive_bayes.kurtosis.relative,float64
f__pymfe.landmarking.naive_bayes.max,float64
f__pymfe.landmarking.naive_bayes.max.relative,float64
f__pymfe.landmarking.naive_bayes.mean,float64
f__pymfe.landmarking.naive_bayes.mean.relative,float64
f__pymfe.landmarking.naive_bayes.median,float64
f__pymfe.landmarking.naive_bayes.median.relative,float64
f__pymfe.landmarking.naive_bayes.min,float64
f__pymfe.landmarking.naive_bayes.min.relative,float64
f__pymfe.landmarking.naive_bayes.quantiles.0,float64
f__pymfe.landmarking.naive_bayes.quantiles.0.relative,float64
f__pymfe.landmarking.naive_bayes.quantiles.1,float64
f__pymfe.landmarking.naive_bayes.quantiles.1.relative,float64
f__pymfe.landmarking.naive_bayes.quantiles.2,float64
f__pymfe.landmarking.naive_bayes.quantiles.2.relative,float64
f__pymfe.landmarking.naive_bayes.quantiles.3,float64
f__pymfe.landmarking.naive_bayes.quantiles.3.relative,float64
f__pymfe.landmarking.naive_bayes.quantiles.4,float64
f__pymfe.landmarking.naive_bayes.quantiles.4.relative,float64
f__pymfe.landmarking.naive_bayes.range,float64
f__pymfe.landmarking.naive_bayes.range.relative,float64
f__pymfe.landmarking.naive_bayes.sd,float64
f__pymfe.landmarking.naive_bayes.sd.relative,float64
f__pymfe.landmarking.naive_bayes.skewness,float64
f__pymfe.landmarking.naive_bayes.skewness.relative,float64
f__pymfe.landmarking.one_nn.count,int64
f__pymfe.landmarking.one_nn.count.relative,float64
f__pymfe.landmarking.one_nn.histogram.0,float64
f__pymfe.landmarking.one_nn.histogram.0.relative,float64
f__pymfe.landmarking.one_nn.histogram.1,float64
f__pymfe.landmarking.one_nn.histogram.1.relative,float64
f__pymfe.landmarking.one_nn.histogram.2,float64
f__pymfe.landmarking.one_nn.histogram.2.relative,float64
f__pymfe.landmarking.one_nn.histogram.3,float64
f__pymfe.landmarking.one_nn.histogram.3.relative,float64
f__pymfe.landmarking.one_nn.histogram.4,float64
f__pymfe.landmarking.one_nn.histogram.4.relative,float64
f__pymfe.landmarking.one_nn.histogram.5,float64
f__pymfe.landmarking.one_nn.histogram.5.relative,float64
f__pymfe.landmarking.one_nn.histogram.6,float64
f__pymfe.landmarking.one_nn.histogram.6.relative,float64
f__pymfe.landmarking.one_nn.histogram.7,float64
f__pymfe.landmarking.one_nn.histogram.7.relative,float64
f__pymfe.landmarking.one_nn.histogram.8,float64
f__pymfe.landmarking.one_nn.histogram.8.relative,float64
f__pymfe.landmarking.one_nn.histogram.9,float64
f__pymfe.landmarking.one_nn.histogram.9.relative,float64
f__pymfe.landmarking.one_nn.iq_range,float64
f__pymfe.landmarking.one_nn.iq_range.relative,float64
f__pymfe.landmarking.one_nn.kurtosis,float64
f__pymfe.landmarking.one_nn.kurtosis.relative,float64
f__pymfe.landmarking.one_nn.max,float64
f__pymfe.landmarking.one_nn.max.relative,float64
f__pymfe.landmarking.one_nn.mean,float64
f__pymfe.landmarking.one_nn.mean.relative,float64
f__pymfe.landmarking.one_nn.median,float64
f__pymfe.landmarking.one_nn.median.relative,float64
f__pymfe.landmarking.one_nn.min,float64
f__pymfe.landmarking.one_nn.min.relative,float64
f__pymfe.landmarking.one_nn.quantiles.0,float64
f__pymfe.landmarking.one_nn.quantiles.0.relative,float64
f__pymfe.landmarking.one_nn.quantiles.1,float64
f__pymfe.landmarking.one_nn.quantiles.1.relative,float64
f__pymfe.landmarking.one_nn.quantiles.2,float64
f__pymfe.landmarking.one_nn.quantiles.2.relative,float64
f__pymfe.landmarking.one_nn.quantiles.3,float64
f__pymfe.landmarking.one_nn.quantiles.3.relative,float64
f__pymfe.landmarking.one_nn.quantiles.4,float64
f__pymfe.landmarking.one_nn.quantiles.4.relative,float64
f__pymfe.landmarking.one_nn.range,float64
f__pymfe.landmarking.one_nn.range.relative,float64
f__pymfe.landmarking.one_nn.sd,float64
f__pymfe.landmarking.one_nn.sd.relative,float64
f__pymfe.landmarking.one_nn.skewness,float64
f__pymfe.landmarking.one_nn.skewness.relative,float64
f__pymfe.landmarking.random_node.count,int64
f__pymfe.landmarking.random_node.count.relative,float64
f__pymfe.landmarking.random_node.histogram.0,float64
f__pymfe.landmarking.random_node.histogram.0.relative,float64
f__pymfe.landmarking.random_node.histogram.1,float64
f__pymfe.landmarking.random_node.histogram.1.relative,float64
f__pymfe.landmarking.random_node.histogram.2,float64
f__pymfe.landmarking.random_node.histogram.2.relative,float64
f__pymfe.landmarking.random_node.histogram.3,float64
f__pymfe.landmarking.random_node.histogram.3.relative,float64
f__pymfe.landmarking.random_node.histogram.4,float64
f__pymfe.landmarking.random_node.histogram.4.relative,float64
f__pymfe.landmarking.random_node.histogram.5,float64
f__pymfe.landmarking.random_node.histogram.5.relative,float64
f__pymfe.landmarking.random_node.histogram.6,float64
f__pymfe.landmarking.random_node.histogram.6.relative,float64
f__pymfe.landmarking.random_node.histogram.7,float64
f__pymfe.landmarking.random_node.histogram.7.relative,float64
f__pymfe.landmarking.random_node.histogram.8,float64
f__pymfe.landmarking.random_node.histogram.8.relative,float64
f__pymfe.landmarking.random_node.histogram.9,float64
f__pymfe.landmarking.random_node.histogram.9.relative,float64
f__pymfe.landmarking.random_node.iq_range,float64
f__pymfe.landmarking.random_node.iq_range.relative,float64
f__pymfe.landmarking.random_node.kurtosis,float64
f__pymfe.landmarking.random_node.kurtosis.relative,float64
f__pymfe.landmarking.random_node.max,float64
f__pymfe.landmarking.random_node.max.relative,float64
f__pymfe.landmarking.random_node.mean,float64
f__pymfe.landmarking.random_node.mean.relative,float64
f__pymfe.landmarking.random_node.median,float64
f__pymfe.landmarking.random_node.median.relative,float64
f__pymfe.landmarking.random_node.min,float64
f__pymfe.landmarking.random_node.min.relative,float64
f__pymfe.landmarking.random_node.quantiles.0,float64
f__pymfe.landmarking.random_node.quantiles.0.relative,float64
f__pymfe.landmarking.random_node.quantiles.1,float64
f__pymfe.landmarking.random_node.quantiles.1.relative,float64
f__pymfe.landmarking.random_node.quantiles.2,float64
f__pymfe.landmarking.random_node.quantiles.2.relative,float64
f__pymfe.landmarking.random_node.quantiles.3,float64
f__pymfe.landmarking.random_node.quantiles.3.relative,float64
f__pymfe.landmarking.random_node.quantiles.4,float64
f__pymfe.landmarking.random_node.quantiles.4.relative,float64
f__pymfe.landmarking.random_node.range,float64
f__pymfe.landmarking.random_node.range.relative,float64
f__pymfe.landmarking.random_node.sd,float64
f__pymfe.landmarking.random_node.sd.relative,float64
f__pymfe.landmarking.random_node.skewness,float64
f__pymfe.landmarking.random_node.skewness.relative,float64
f__pymfe.landmarking.worst_node.count,int64
f__pymfe.landmarking.worst_node.count.relative,float64
f__pymfe.landmarking.worst_node.histogram.0,float64
f__pymfe.landmarking.worst_node.histogram.0.relative,float64
f__pymfe.landmarking.worst_node.histogram.1,float64
f__pymfe.landmarking.worst_node.histogram.1.relative,float64
f__pymfe.landmarking.worst_node.histogram.2,float64
f__pymfe.landmarking.worst_node.histogram.2.relative,float64
f__pymfe.landmarking.worst_node.histogram.3,float64
f__pymfe.landmarking.worst_node.histogram.3.relative,float64
f__pymfe.landmarking.worst_node.histogram.4,float64
f__pymfe.landmarking.worst_node.histogram.4.relative,float64
f__pymfe.landmarking.worst_node.histogram.5,float64
f__pymfe.landmarking.worst_node.histogram.5.relative,float64
f__pymfe.landmarking.worst_node.histogram.6,float64
f__pymfe.landmarking.worst_node.histogram.6.relative,float64
f__pymfe.landmarking.worst_node.histogram.7,float64
f__pymfe.landmarking.worst_node.histogram.7.relative,float64
f__pymfe.landmarking.worst_node.histogram.8,float64
f__pymfe.landmarking.worst_node.histogram.8.relative,float64
f__pymfe.landmarking.worst_node.histogram.9,float64
f__pymfe.landmarking.worst_node.histogram.9.relative,float64
f__pymfe.landmarking.worst_node.iq_range,float64
f__pymfe.landmarking.worst_node.iq_range.relative,float64
f__pymfe.landmarking.worst_node.kurtosis,float64
f__pymfe.landmarking.worst_node.kurtosis.relative,float64
f__pymfe.landmarking.worst_node.max,float64
f__pymfe.landmarking.worst_node.max.relative,float64
f__pymfe.landmarking.worst_node.mean,float64
f__pymfe.landmarking.worst_node.mean.relative,float64
f__pymfe.landmarking.worst_node.median,float64
f__pymfe.landmarking.worst_node.median.relative,float64
f__pymfe.landmarking.worst_node.min,float64
f__pymfe.landmarking.worst_node.min.relative,float64
f__pymfe.landmarking.worst_node.quantiles.0,float64
f__pymfe.landmarking.worst_node.quantiles.0.relative,float64
f__pymfe.landmarking.worst_node.quantiles.1,float64
f__pymfe.landmarking.worst_node.quantiles.1.relative,float64
f__pymfe.landmarking.worst_node.quantiles.2,float64
f__pymfe.landmarking.worst_node.quantiles.2.relative,float64
f__pymfe.landmarking.worst_node.quantiles.3,float64
f__pymfe.landmarking.worst_node.quantiles.3.relative,float64
f__pymfe.landmarking.worst_node.quantiles.4,float64
f__pymfe.landmarking.worst_node.quantiles.4.relative,float64
f__pymfe.landmarking.worst_node.range,float64
f__pymfe.landmarking.worst_node.range.relative,float64
f__pymfe.landmarking.worst_node.sd,float64
f__pymfe.landmarking.worst_node.sd.relative,float64
f__pymfe.landmarking.worst_node.skewness,float64
f__pymfe.landmarking.worst_node.skewness.relative,float64
f__pymfe.general.attr_to_inst,float64
f__pymfe.general.cat_to_num,float64
f__pymfe.general.freq_class.count,int64
f__pymfe.general.freq_class.histogram.0,float64
f__pymfe.general.freq_class.histogram.1,float64
f__pymfe.general.freq_class.histogram.2,float64
f__pymfe.general.freq_class.histogram.3,float64
f__pymfe.general.freq_class.histogram.4,float64
f__pymfe.general.freq_class.histogram.5,float64
f__pymfe.general.freq_class.histogram.6,float64
f__pymfe.general.freq_class.histogram.7,float64
f__pymfe.general.freq_class.histogram.8,float64
f__pymfe.general.freq_class.histogram.9,float64
f__pymfe.general.freq_class.iq_range,float64
f__pymfe.general.freq_class.kurtosis,float64
f__pymfe.general.freq_class.max,float64
f__pymfe.general.freq_class.mean,float64
f__pymfe.general.freq_class.median,float64
f__pymfe.general.freq_class.min,float64
f__pymfe.general.freq_class.quantiles.0,float64
f__pymfe.general.freq_class.quantiles.1,float64
f__pymfe.general.freq_class.quantiles.2,float64
f__pymfe.general.freq_class.quantiles.3,float64
f__pymfe.general.freq_class.quantiles.4,float64
f__pymfe.general.freq_class.range,float64
f__pymfe.general.freq_class.sd,float64
f__pymfe.general.freq_class.skewness,float64
f__pymfe.general.inst_to_attr,float64
f__pymfe.general.nr_attr,int64
f__pymfe.general.nr_bin,int64
f__pymfe.general.nr_cat,int64
f__pymfe.general.nr_class,int64
f__pymfe.general.nr_inst,int64
f__pymfe.general.nr_num,int64
f__pymfe.general.num_to_cat,float64
f__pymfe.statistical.can_cor.count,int64
f__pymfe.statistical.can_cor.histogram.0,float64
f__pymfe.statistical.can_cor.histogram.1,float64
f__pymfe.statistical.can_cor.histogram.2,float64
f__pymfe.statistical.can_cor.histogram.3,float64
f__pymfe.statistical.can_cor.histogram.4,float64
f__pymfe.statistical.can_cor.histogram.5,float64
f__pymfe.statistical.can_cor.histogram.6,float64
f__pymfe.statistical.can_cor.histogram.7,float64
f__pymfe.statistical.can_cor.histogram.8,float64
f__pymfe.statistical.can_cor.histogram.9,float64
f__pymfe.statistical.can_cor.iq_range,float64
f__pymfe.statistical.can_cor.kurtosis,float64
f__pymfe.statistical.can_cor.max,float64
f__pymfe.statistical.can_cor.mean,float64
f__pymfe.statistical.can_cor.median,float64
f__pymfe.statistical.can_cor.min,float64
f__pymfe.statistical.can_cor.quantiles.0,float64
f__pymfe.statistical.can_cor.quantiles.1,float64
f__pymfe.statistical.can_cor.quantiles.2,float64
f__pymfe.statistical.can_cor.quantiles.3,float64
f__pymfe.statistical.can_cor.quantiles.4,float64
f__pymfe.statistical.can_cor.range,float64
f__pymfe.statistical.can_cor.sd,float64
f__pymfe.statistical.can_cor.skewness,float64
f__pymfe.statistical.cor.count,int64
f__pymfe.statistical.cor.histogram.0,float64
f__pymfe.statistical.cor.histogram.1,float64
f__pymfe.statistical.cor.histogram.2,float64
f__pymfe.statistical.cor.histogram.3,float64
f__pymfe.statistical.cor.histogram.4,float64
f__pymfe.statistical.cor.histogram.5,float64
f__pymfe.statistical.cor.histogram.6,float64
f__pymfe.statistical.cor.histogram.7,float64
f__pymfe.statistical.cor.histogram.8,float64
f__pymfe.statistical.cor.histogram.9,float64
f__pymfe.statistical.cor.iq_range,float64
f__pymfe.statistical.cor.kurtosis,float64
f__pymfe.statistical.cor.max,float64
f__pymfe.statistical.cor.mean,float64
f__pymfe.statistical.cor.median,float64
f__pymfe.statistical.cor.min,float64
f__pymfe.statistical.cor.quantiles.0,float64
f__pymfe.statistical.cor.quantiles.1,float64
f__pymfe.statistical.cor.quantiles.2,float64
f__pymfe.statistical.cor.quantiles.3,float64
f__pymfe.statistical.cor.quantiles.4,float64
f__pymfe.statistical.cor.range,float64
f__pymfe.statistical.cor.sd,float64
f__pymfe.statistical.cor.skewness,float64
f__pymfe.statistical.cov.count,int64
f__pymfe.statistical.cov.histogram.0,float64
f__pymfe.statistical.cov.histogram.1,float64
f__pymfe.statistical.cov.histogram.2,float64
f__pymfe.statistical.cov.histogram.3,float64
f__pymfe.statistical.cov.histogram.4,float64
f__pymfe.statistical.cov.histogram.5,float64
f__pymfe.statistical.cov.histogram.6,float64
f__pymfe.statistical.cov.histogram.7,float64
f__pymfe.statistical.cov.histogram.8,float64
f__pymfe.statistical.cov.histogram.9,float64
f__pymfe.statistical.cov.iq_range,float64
f__pymfe.statistical.cov.kurtosis,float64
f__pymfe.statistical.cov.max,float64
f__pymfe.statistical.cov.mean,float64
f__pymfe.statistical.cov.median,float64
f__pymfe.statistical.cov.min,float64
f__pymfe.statistical.cov.quantiles.0,float64
f__pymfe.statistical.cov.quantiles.1,float64
f__pymfe.statistical.cov.quantiles.2,float64
f__pymfe.statistical.cov.quantiles.3,float64
f__pymfe.statistical.cov.quantiles.4,float64
f__pymfe.statistical.cov.range,float64
f__pymfe.statistical.cov.sd,float64
f__pymfe.statistical.cov.skewness,float64
f__pymfe.statistical.eigenvalues.count,int64
f__pymfe.statistical.eigenvalues.histogram.0,float64
f__pymfe.statistical.eigenvalues.histogram.1,float64
f__pymfe.statistical.eigenvalues.histogram.2,float64
f__pymfe.statistical.eigenvalues.histogram.3,float64
f__pymfe.statistical.eigenvalues.histogram.4,float64
f__pymfe.statistical.eigenvalues.histogram.5,float64
f__pymfe.statistical.eigenvalues.histogram.6,float64
f__pymfe.statistical.eigenvalues.histogram.7,float64
f__pymfe.statistical.eigenvalues.histogram.8,float64
f__pymfe.statistical.eigenvalues.histogram.9,float64
f__pymfe.statistical.eigenvalues.iq_range,float64
f__pymfe.statistical.eigenvalues.kurtosis,float64
f__pymfe.statistical.eigenvalues.max,float64
f__pymfe.statistical.eigenvalues.mean,float64
f__pymfe.statistical.eigenvalues.median,float64
f__pymfe.statistical.eigenvalues.min,float64
f__pymfe.statistical.eigenvalues.quantiles.0,float64
f__pymfe.statistical.eigenvalues.quantiles.1,float64
f__pymfe.statistical.eigenvalues.quantiles.2,float64
f__pymfe.statistical.eigenvalues.quantiles.3,float64
f__pymfe.statistical.eigenvalues.quantiles.4,float64
f__pymfe.statistical.eigenvalues.range,float64
f__pymfe.statistical.eigenvalues.sd,float64
f__pymfe.statistical.eigenvalues.skewness,float64
f__pymfe.statistical.g_mean.count,int64
f__pymfe.statistical.g_mean.histogram.0,float64
f__pymfe.statistical.g_mean.histogram.1,float64
f__pymfe.statistical.g_mean.histogram.2,float64
f__pymfe.statistical.g_mean.histogram.3,float64
f__pymfe.statistical.g_mean.histogram.4,float64
f__pymfe.statistical.g_mean.histogram.5,float64
f__pymfe.statistical.g_mean.histogram.6,float64
f__pymfe.statistical.g_mean.histogram.7,float64
f__pymfe.statistical.g_mean.histogram.8,float64
f__pymfe.statistical.g_mean.histogram.9,float64
f__pymfe.statistical.g_mean.iq_range,float64
f__pymfe.statistical.g_mean.kurtosis,float64
f__pymfe.statistical.g_mean.max,float64
f__pymfe.statistical.g_mean.mean,float64
f__pymfe.statistical.g_mean.median,float64
f__pymfe.statistical.g_mean.min,float64
f__pymfe.statistical.g_mean.quantiles.0,float64
f__pymfe.statistical.g_mean.quantiles.1,float64
f__pymfe.statistical.g_mean.quantiles.2,float64
f__pymfe.statistical.g_mean.quantiles.3,float64
f__pymfe.statistical.g_mean.quantiles.4,float64
f__pymfe.statistical.g_mean.range,float64
f__pymfe.statistical.g_mean.sd,float64
f__pymfe.statistical.g_mean.skewness,float64
f__pymfe.statistical.gravity,float64
f__pymfe.statistical.h_mean.count,int64
f__pymfe.statistical.h_mean.histogram.0,float64
f__pymfe.statistical.h_mean.histogram.1,float64
f__pymfe.statistical.h_mean.histogram.2,float64
f__pymfe.statistical.h_mean.histogram.3,float64
f__pymfe.statistical.h_mean.histogram.4,float64
f__pymfe.statistical.h_mean.histogram.5,float64
f__pymfe.statistical.h_mean.histogram.6,float64
f__pymfe.statistical.h_mean.histogram.7,float64
f__pymfe.statistical.h_mean.histogram.8,float64
f__pymfe.statistical.h_mean.histogram.9,float64
f__pymfe.statistical.h_mean.iq_range,float64
f__pymfe.statistical.h_mean.kurtosis,float64
f__pymfe.statistical.h_mean.max,float64
f__pymfe.statistical.h_mean.mean,float64
f__pymfe.statistical.h_mean.median,float64
f__pymfe.statistical.h_mean.min,float64
f__pymfe.statistical.h_mean.quantiles.0,float64
f__pymfe.statistical.h_mean.quantiles.1,float64
f__pymfe.statistical.h_mean.quantiles.2,float64
f__pymfe.statistical.h_mean.quantiles.3,float64
f__pymfe.statistical.h_mean.quantiles.4,float64
f__pymfe.statistical.h_mean.range,float64
f__pymfe.statistical.h_mean.sd,float64
f__pymfe.statistical.h_mean.skewness,float64
f__pymfe.statistical.iq_range.count,float64
f__pymfe.statistical.iq_range.histogram.0,float64
f__pymfe.statistical.iq_range.histogram.1,float64
f__pymfe.statistical.iq_range.histogram.2,float64
f__pymfe.statistical.iq_range.histogram.3,float64
f__pymfe.statistical.iq_range.histogram.4,float64
f__pymfe.statistical.iq_range.histogram.5,float64
f__pymfe.statistical.iq_range.histogram.6,float64
f__pymfe.statistical.iq_range.histogram.7,float64
f__pymfe.statistical.iq_range.histogram.8,float64
f__pymfe.statistical.iq_range.histogram.9,float64
f__pymfe.statistical.iq_range.iq_range,float64
f__pymfe.statistical.iq_range.kurtosis,float64
f__pymfe.statistical.iq_range.max,float64
f__pymfe.statistical.iq_range.mean,float64
f__pymfe.statistical.iq_range.median,float64
f__pymfe.statistical.iq_range.min,float64
f__pymfe.statistical.iq_range.quantiles.0,float64
f__pymfe.statistical.iq_range.quantiles.1,float64
f__pymfe.statistical.iq_range.quantiles.2,float64
f__pymfe.statistical.iq_range.quantiles.3,float64
f__pymfe.statistical.iq_range.quantiles.4,float64
f__pymfe.statistical.iq_range.range,float64
f__pymfe.statistical.iq_range.sd,float64
f__pymfe.statistical.iq_range.skewness,float64
f__pymfe.statistical.kurtosis.count,int64
f__pymfe.statistical.kurtosis.histogram.0,float64
f__pymfe.statistical.kurtosis.histogram.1,float64
f__pymfe.statistical.kurtosis.histogram.2,float64
f__pymfe.statistical.kurtosis.histogram.3,float64
f__pymfe.statistical.kurtosis.histogram.4,float64
f__pymfe.statistical.kurtosis.histogram.5,float64
f__pymfe.statistical.kurtosis.histogram.6,float64
f__pymfe.statistical.kurtosis.histogram.7,float64
f__pymfe.statistical.kurtosis.histogram.8,float64
f__pymfe.statistical.kurtosis.histogram.9,float64
f__pymfe.statistical.kurtosis.iq_range,float64
f__pymfe.statistical.kurtosis.kurtosis,float64
f__pymfe.statistical.kurtosis.max,float64
f__pymfe.statistical.kurtosis.mean,float64
f__pymfe.statistical.kurtosis.median,float64
f__pymfe.statistical.kurtosis.min,float64
f__pymfe.statistical.kurtosis.quantiles.0,float64
f__pymfe.statistical.kurtosis.quantiles.1,float64
f__pymfe.statistical.kurtosis.quantiles.2,float64
f__pymfe.statistical.kurtosis.quantiles.3,float64
f__pymfe.statistical.kurtosis.quantiles.4,float64
f__pymfe.statistical.kurtosis.range,float64
f__pymfe.statistical.kurtosis.sd,float64
f__pymfe.statistical.kurtosis.skewness,float64
f__pymfe.statistical.lh_trace,float64
f__pymfe.statistical.mad.count,int64
f__pymfe.statistical.mad.histogram.0,float64
f__pymfe.statistical.mad.histogram.1,float64
f__pymfe.statistical.mad.histogram.2,float64
f__pymfe.statistical.mad.histogram.3,float64
f__pymfe.statistical.mad.histogram.4,float64
f__pymfe.statistical.mad.histogram.5,float64
f__pymfe.statistical.mad.histogram.6,float64
f__pymfe.statistical.mad.histogram.7,float64
f__pymfe.statistical.mad.histogram.8,float64
f__pymfe.statistical.mad.histogram.9,float64
f__pymfe.statistical.mad.iq_range,float64
f__pymfe.statistical.mad.kurtosis,float64
f__pymfe.statistical.mad.max,float64
f__pymfe.statistical.mad.mean,float64
f__pymfe.statistical.mad.median,float64
f__pymfe.statistical.mad.min,float64
f__pymfe.statistical.mad.quantiles.0,float64
f__pymfe.statistical.mad.quantiles.1,float64
f__pymfe.statistical.mad.quantiles.2,float64
f__pymfe.statistical.mad.quantiles.3,float64
f__pymfe.statistical.mad.quantiles.4,float64
f__pymfe.statistical.mad.range,float64
f__pymfe.statistical.mad.sd,float64
f__pymfe.statistical.mad.skewness,float64
f__pymfe.statistical.max.count,int64
f__pymfe.statistical.max.histogram.0,float64
f__pymfe.statistical.max.histogram.1,float64
f__pymfe.statistical.max.histogram.2,float64
f__pymfe.statistical.max.histogram.3,float64
f__pymfe.statistical.max.histogram.4,float64
f__pymfe.statistical.max.histogram.5,float64
f__pymfe.statistical.max.histogram.6,float64
f__pymfe.statistical.max.histogram.7,float64
f__pymfe.statistical.max.histogram.8,float64
f__pymfe.statistical.max.histogram.9,float64
f__pymfe.statistical.max.iq_range,float64
f__pymfe.statistical.max.kurtosis,float64
f__pymfe.statistical.max.max,float64
f__pymfe.statistical.max.mean,float64
f__pymfe.statistical.max.median,float64
f__pymfe.statistical.max.min,float64
f__pymfe.statistical.max.quantiles.0,float64
f__pymfe.statistical.max.quantiles.1,float64
f__pymfe.statistical.max.quantiles.2,float64
f__pymfe.statistical.max.quantiles.3,float64
f__pymfe.statistical.max.quantiles.4,float64
f__pymfe.statistical.max.range,float64
f__pymfe.statistical.max.sd,float64
f__pymfe.statistical.max.skewness,float64
f__pymfe.statistical.mean.count,int64
f__pymfe.statistical.mean.histogram.0,float64
f__pymfe.statistical.mean.histogram.1,float64
f__pymfe.statistical.mean.histogram.2,float64
f__pymfe.statistical.mean.histogram.3,float64
f__pymfe.statistical.mean.histogram.4,float64
f__pymfe.statistical.mean.histogram.5,float64
f__pymfe.statistical.mean.histogram.6,float64
f__pymfe.statistical.mean.histogram.7,float64
f__pymfe.statistical.mean.histogram.8,float64
f__pymfe.statistical.mean.histogram.9,float64
f__pymfe.statistical.mean.iq_range,float64
f__pymfe.statistical.mean.kurtosis,float64
f__pymfe.statistical.mean.max,float64
f__pymfe.statistical.mean.mean,float64
f__pymfe.statistical.mean.median,float64
f__pymfe.statistical.mean.min,float64
f__pymfe.statistical.mean.quantiles.0,float64
f__pymfe.statistical.mean.quantiles.1,float64
f__pymfe.statistical.mean.quantiles.2,float64
f__pymfe.statistical.mean.quantiles.3,float64
f__pymfe.statistical.mean.quantiles.4,float64
f__pymfe.statistical.mean.range,float64
f__pymfe.statistical.mean.sd,float64
f__pymfe.statistical.mean.skewness,float64
f__pymfe.statistical.median.count,int64
f__pymfe.statistical.median.histogram.0,float64
f__pymfe.statistical.median.histogram.1,float64
f__pymfe.statistical.median.histogram.2,float64
f__pymfe.statistical.median.histogram.3,float64
f__pymfe.statistical.median.histogram.4,float64
f__pymfe.statistical.median.histogram.5,float64
f__pymfe.statistical.median.histogram.6,float64
f__pymfe.statistical.median.histogram.7,float64
f__pymfe.statistical.median.histogram.8,float64
f__pymfe.statistical.median.histogram.9,float64
f__pymfe.statistical.median.iq_range,float64
f__pymfe.statistical.median.kurtosis,float64
f__pymfe.statistical.median.max,float64
f__pymfe.statistical.median.mean,float64
f__pymfe.statistical.median.median,float64
f__pymfe.statistical.median.min,float64
f__pymfe.statistical.median.quantiles.0,float64
f__pymfe.statistical.median.quantiles.1,float64
f__pymfe.statistical.median.quantiles.2,float64
f__pymfe.statistical.median.quantiles.3,float64
f__pymfe.statistical.median.quantiles.4,float64
f__pymfe.statistical.median.range,float64
f__pymfe.statistical.median.sd,float64
f__pymfe.statistical.median.skewness,float64
f__pymfe.statistical.min.count,int64
f__pymfe.statistical.min.histogram.0,float64
f__pymfe.statistical.min.histogram.1,float64
f__pymfe.statistical.min.histogram.2,float64
f__pymfe.statistical.min.histogram.3,float64
f__pymfe.statistical.min.histogram.4,float64
f__pymfe.statistical.min.histogram.5,float64
f__pymfe.statistical.min.histogram.6,float64
f__pymfe.statistical.min.histogram.7,float64
f__pymfe.statistical.min.histogram.8,float64
f__pymfe.statistical.min.histogram.9,float64
f__pymfe.statistical.min.iq_range,float64
f__pymfe.statistical.min.kurtosis,float64
f__pymfe.statistical.min.max,float64
f__pymfe.statistical.min.mean,float64
f__pymfe.statistical.min.median,float64
f__pymfe.statistical.min.min,float64
f__pymfe.statistical.min.quantiles.0,float64
f__pymfe.statistical.min.quantiles.1,float64
f__pymfe.statistical.min.quantiles.2,float64
f__pymfe.statistical.min.quantiles.3,float64
f__pymfe.statistical.min.quantiles.4,float64
f__pymfe.statistical.min.range,float64
f__pymfe.statistical.min.sd,float64
f__pymfe.statistical.min.skewness,float64
f__pymfe.statistical.nr_cor_attr,float64
f__pymfe.statistical.nr_disc,float64
f__pymfe.statistical.nr_norm,float64
f__pymfe.statistical.nr_outliers,int64
f__pymfe.statistical.p_trace,float64
f__pymfe.statistical.range.count,int64
f__pymfe.statistical.range.histogram.0,float64
f__pymfe.statistical.range.histogram.1,float64
f__pymfe.statistical.range.histogram.2,float64
f__pymfe.statistical.range.histogram.3,float64
f__pymfe.statistical.range.histogram.4,float64
f__pymfe.statistical.range.histogram.5,float64
f__pymfe.statistical.range.histogram.6,float64
f__pymfe.statistical.range.histogram.7,float64
f__pymfe.statistical.range.histogram.8,float64
f__pymfe.statistical.range.histogram.9,float64
f__pymfe.statistical.range.iq_range,float64
f__pymfe.statistical.range.kurtosis,float64
f__pymfe.statistical.range.max,float64
f__pymfe.statistical.range.mean,float64
f__pymfe.statistical.range.median,float64
f__pymfe.statistical.range.min,float64
f__pymfe.statistical.range.quantiles.0,float64
f__pymfe.statistical.range.quantiles.1,float64
f__pymfe.statistical.range.quantiles.2,float64
f__pymfe.statistical.range.quantiles.3,float64
f__pymfe.statistical.range.quantiles.4,float64
f__pymfe.statistical.range.range,float64
f__pymfe.statistical.range.sd,float64
f__pymfe.statistical.range.skewness,float64
f__pymfe.statistical.roy_root,float64
f__pymfe.statistical.sd.count,int64
f__pymfe.statistical.sd.histogram.0,float64
f__pymfe.statistical.sd.histogram.1,float64
f__pymfe.statistical.sd.histogram.2,float64
f__pymfe.statistical.sd.histogram.3,float64
f__pymfe.statistical.sd.histogram.4,float64
f__pymfe.statistical.sd.histogram.5,float64
f__pymfe.statistical.sd.histogram.6,float64
f__pymfe.statistical.sd.histogram.7,float64
f__pymfe.statistical.sd.histogram.8,float64
f__pymfe.statistical.sd.histogram.9,float64
f__pymfe.statistical.sd.iq_range,float64
f__pymfe.statistical.sd.kurtosis,float64
f__pymfe.statistical.sd.max,float64
f__pymfe.statistical.sd.mean,float64
f__pymfe.statistical.sd.median,float64
f__pymfe.statistical.sd.min,float64
f__pymfe.statistical.sd.quantiles.0,float64
f__pymfe.statistical.sd.quantiles.1,float64
f__pymfe.statistical.sd.quantiles.2,float64
f__pymfe.statistical.sd.quantiles.3,float64
f__pymfe.statistical.sd.quantiles.4,float64
f__pymfe.statistical.sd.range,float64
f__pymfe.statistical.sd.sd,float64
f__pymfe.statistical.sd.skewness,float64
f__pymfe.statistical.sd_ratio,float64
f__pymfe.statistical.skewness.count,int64
f__pymfe.statistical.skewness.histogram.0,float64
f__pymfe.statistical.skewness.histogram.1,float64
f__pymfe.statistical.skewness.histogram.2,float64
f__pymfe.statistical.skewness.histogram.3,float64
f__pymfe.statistical.skewness.histogram.4,float64
f__pymfe.statistical.skewness.histogram.5,float64
f__pymfe.statistical.skewness.histogram.6,float64
f__pymfe.statistical.skewness.histogram.7,float64
f__pymfe.statistical.skewness.histogram.8,float64
f__pymfe.statistical.skewness.histogram.9,float64
f__pymfe.statistical.skewness.iq_range,float64
f__pymfe.statistical.skewness.kurtosis,float64
f__pymfe.statistical.skewness.max,float64
f__pymfe.statistical.skewness.mean,float64
f__pymfe.statistical.skewness.median,float64
f__pymfe.statistical.skewness.min,float64
f__pymfe.statistical.skewness.quantiles.0,float64
f__pymfe.statistical.skewness.quantiles.1,float64
f__pymfe.statistical.skewness.quantiles.2,float64
f__pymfe.statistical.skewness.quantiles.3,float64
f__pymfe.statistical.skewness.quantiles.4,float64
f__pymfe.statistical.skewness.range,float64
f__pymfe.statistical.skewness.sd,float64
f__pymfe.statistical.skewness.skewness,float64
f__pymfe.statistical.sparsity.count,int64
f__pymfe.statistical.sparsity.histogram.0,float64
f__pymfe.statistical.sparsity.histogram.1,float64
f__pymfe.statistical.sparsity.histogram.2,float64
f__pymfe.statistical.sparsity.histogram.3,float64
f__pymfe.statistical.sparsity.histogram.4,float64
f__pymfe.statistical.sparsity.histogram.5,float64
f__pymfe.statistical.sparsity.histogram.6,float64
f__pymfe.statistical.sparsity.histogram.7,float64
f__pymfe.statistical.sparsity.histogram.8,float64
f__pymfe.statistical.sparsity.histogram.9,float64
f__pymfe.statistical.sparsity.iq_range,float64
f__pymfe.statistical.sparsity.kurtosis,float64
f__pymfe.statistical.sparsity.max,float64
f__pymfe.statistical.sparsity.mean,float64
f__pymfe.statistical.sparsity.median,float64
f__pymfe.statistical.sparsity.min,float64
f__pymfe.statistical.sparsity.quantiles.0,float64
f__pymfe.statistical.sparsity.quantiles.1,float64
f__pymfe.statistical.sparsity.quantiles.2,float64
f__pymfe.statistical.sparsity.quantiles.3,float64
f__pymfe.statistical.sparsity.quantiles.4,float64
f__pymfe.statistical.sparsity.range,float64
f__pymfe.statistical.sparsity.sd,float64
f__pymfe.statistical.sparsity.skewness,float64
f__pymfe.statistical.t_mean.count,float64
f__pymfe.statistical.t_mean.histogram.0,float64
f__pymfe.statistical.t_mean.histogram.1,float64
f__pymfe.statistical.t_mean.histogram.2,float64
f__pymfe.statistical.t_mean.histogram.3,float64
f__pymfe.statistical.t_mean.histogram.4,float64
f__pymfe.statistical.t_mean.histogram.5,float64
f__pymfe.statistical.t_mean.histogram.6,float64
f__pymfe.statistical.t_mean.histogram.7,float64
f__pymfe.statistical.t_mean.histogram.8,float64
f__pymfe.statistical.t_mean.histogram.9,float64
f__pymfe.statistical.t_mean.iq_range,float64
f__pymfe.statistical.t_mean.kurtosis,float64
f__pymfe.statistical.t_mean.max,float64
f__pymfe.statistical.t_mean.mean,float64
f__pymfe.statistical.t_mean.median,float64
f__pymfe.statistical.t_mean.min,float64
f__pymfe.statistical.t_mean.quantiles.0,float64
f__pymfe.statistical.t_mean.quantiles.1,float64
f__pymfe.statistical.t_mean.quantiles.2,float64
f__pymfe.statistical.t_mean.quantiles.3,float64
f__pymfe.statistical.t_mean.quantiles.4,float64
f__pymfe.statistical.t_mean.range,float64
f__pymfe.statistical.t_mean.sd,float64
f__pymfe.statistical.t_mean.skewness,float64
f__pymfe.statistical.var.count,int64
f__pymfe.statistical.var.histogram.0,float64
f__pymfe.statistical.var.histogram.1,float64
f__pymfe.statistical.var.histogram.2,float64
f__pymfe.statistical.var.histogram.3,float64
f__pymfe.statistical.var.histogram.4,float64
f__pymfe.statistical.var.histogram.5,float64
f__pymfe.statistical.var.histogram.6,float64
f__pymfe.statistical.var.histogram.7,float64
f__pymfe.statistical.var.histogram.8,float64
f__pymfe.statistical.var.histogram.9,float64
f__pymfe.statistical.var.iq_range,float64
f__pymfe.statistical.var.kurtosis,float64
f__pymfe.statistical.var.max,float64
f__pymfe.statistical.var.mean,float64
f__pymfe.statistical.var.median,float64
f__pymfe.statistical.var.min,float64
f__pymfe.statistical.var.quantiles.0,float64
f__pymfe.statistical.var.quantiles.1,float64
f__pymfe.statistical.var.quantiles.2,float64
f__pymfe.statistical.var.quantiles.3,float64
f__pymfe.statistical.var.quantiles.4,float64
f__pymfe.statistical.var.range,float64
f__pymfe.statistical.var.sd,float64
f__pymfe.statistical.var.skewness,float64
f__pymfe.statistical.w_lambda,float64
f__pymfe.model-based.leaves,float64
f__pymfe.model-based.leaves_branch.count,float64
f__pymfe.model-based.leaves_branch.histogram.0,float64
f__pymfe.model-based.leaves_branch.histogram.1,float64
f__pymfe.model-based.leaves_branch.histogram.2,float64
f__pymfe.model-based.leaves_branch.histogram.3,float64
f__pymfe.model-based.leaves_branch.histogram.4,float64
f__pymfe.model-based.leaves_branch.histogram.5,float64
f__pymfe.model-based.leaves_branch.histogram.6,float64
f__pymfe.model-based.leaves_branch.histogram.7,float64
f__pymfe.model-based.leaves_branch.histogram.8,float64
f__pymfe.model-based.leaves_branch.histogram.9,float64
f__pymfe.model-based.leaves_branch.iq_range,float64
f__pymfe.model-based.leaves_branch.kurtosis,float64
f__pymfe.model-based.leaves_branch.max,float64
f__pymfe.model-based.leaves_branch.mean,float64
f__pymfe.model-based.leaves_branch.median,float64
f__pymfe.model-based.leaves_branch.min,float64
f__pymfe.model-based.leaves_branch.quantiles.0,float64
f__pymfe.model-based.leaves_branch.quantiles.1,float64
f__pymfe.model-based.leaves_branch.quantiles.2,float64
f__pymfe.model-based.leaves_branch.quantiles.3,float64
f__pymfe.model-based.leaves_branch.quantiles.4,float64
f__pymfe.model-based.leaves_branch.range,float64
f__pymfe.model-based.leaves_branch.sd,float64
f__pymfe.model-based.leaves_branch.skewness,float64
f__pymfe.model-based.leaves_corrob.count,float64
f__pymfe.model-based.leaves_corrob.histogram.0,float64
f__pymfe.model-based.leaves_corrob.histogram.1,float64
f__pymfe.model-based.leaves_corrob.histogram.2,float64
f__pymfe.model-based.leaves_corrob.histogram.3,float64
f__pymfe.model-based.leaves_corrob.histogram.4,float64
f__pymfe.model-based.leaves_corrob.histogram.5,float64
f__pymfe.model-based.leaves_corrob.histogram.6,float64
f__pymfe.model-based.leaves_corrob.histogram.7,float64
f__pymfe.model-based.leaves_corrob.histogram.8,float64
f__pymfe.model-based.leaves_corrob.histogram.9,float64
f__pymfe.model-based.leaves_corrob.iq_range,float64
f__pymfe.model-based.leaves_corrob.kurtosis,float64
f__pymfe.model-based.leaves_corrob.max,float64
f__pymfe.model-based.leaves_corrob.mean,float64
f__pymfe.model-based.leaves_corrob.median,float64
f__pymfe.model-based.leaves_corrob.min,float64
f__pymfe.model-based.leaves_corrob.quantiles.0,float64
f__pymfe.model-based.leaves_corrob.quantiles.1,float64
f__pymfe.model-based.leaves_corrob.quantiles.2,float64
f__pymfe.model-based.leaves_corrob.quantiles.3,float64
f__pymfe.model-based.leaves_corrob.quantiles.4,float64
f__pymfe.model-based.leaves_corrob.range,float64
f__pymfe.model-based.leaves_corrob.sd,float64
f__pymfe.model-based.leaves_corrob.skewness,float64
f__pymfe.model-based.leaves_homo.count,float64
f__pymfe.model-based.leaves_homo.histogram.0,float64
f__pymfe.model-based.leaves_homo.histogram.1,float64
f__pymfe.model-based.leaves_homo.histogram.2,float64
f__pymfe.model-based.leaves_homo.histogram.3,float64
f__pymfe.model-based.leaves_homo.histogram.4,float64
f__pymfe.model-based.leaves_homo.histogram.5,float64
f__pymfe.model-based.leaves_homo.histogram.6,float64
f__pymfe.model-based.leaves_homo.histogram.7,float64
f__pymfe.model-based.leaves_homo.histogram.8,float64
f__pymfe.model-based.leaves_homo.histogram.9,float64
f__pymfe.model-based.leaves_homo.iq_range,float64
f__pymfe.model-based.leaves_homo.kurtosis,float64
f__pymfe.model-based.leaves_homo.max,float64
f__pymfe.model-based.leaves_homo.mean,float64
f__pymfe.model-based.leaves_homo.median,float64
f__pymfe.model-based.leaves_homo.min,float64
f__pymfe.model-based.leaves_homo.quantiles.0,float64
f__pymfe.model-based.leaves_homo.quantiles.1,float64
f__pymfe.model-based.leaves_homo.quantiles.2,float64
f__pymfe.model-based.leaves_homo.quantiles.3,float64
f__pymfe.model-based.leaves_homo.quantiles.4,float64
f__pymfe.model-based.leaves_homo.range,float64
f__pymfe.model-based.leaves_homo.sd,float64
f__pymfe.model-based.leaves_homo.skewness,float64
f__pymfe.model-based.leaves_per_class.count,float64
f__pymfe.model-based.leaves_per_class.histogram.0,float64
f__pymfe.model-based.leaves_per_class.histogram.1,float64
f__pymfe.model-based.leaves_per_class.histogram.2,float64
f__pymfe.model-based.leaves_per_class.histogram.3,float64
f__pymfe.model-based.leaves_per_class.histogram.4,float64
f__pymfe.model-based.leaves_per_class.histogram.5,float64
f__pymfe.model-based.leaves_per_class.histogram.6,float64
f__pymfe.model-based.leaves_per_class.histogram.7,float64
f__pymfe.model-based.leaves_per_class.histogram.8,float64
f__pymfe.model-based.leaves_per_class.histogram.9,float64
f__pymfe.model-based.leaves_per_class.iq_range,float64
f__pymfe.model-based.leaves_per_class.kurtosis,float64
f__pymfe.model-based.leaves_per_class.max,float64
f__pymfe.model-based.leaves_per_class.mean,float64
f__pymfe.model-based.leaves_per_class.median,float64
f__pymfe.model-based.leaves_per_class.min,float64
f__pymfe.model-based.leaves_per_class.quantiles.0,float64
f__pymfe.model-based.leaves_per_class.quantiles.1,float64
f__pymfe.model-based.leaves_per_class.quantiles.2,float64
f__pymfe.model-based.leaves_per_class.quantiles.3,float64
f__pymfe.model-based.leaves_per_class.quantiles.4,float64
f__pymfe.model-based.leaves_per_class.range,float64
f__pymfe.model-based.leaves_per_class.sd,float64
f__pymfe.model-based.leaves_per_class.skewness,float64
f__pymfe.model-based.nodes,float64
f__pymfe.model-based.nodes_per_attr,float64
f__pymfe.model-based.nodes_per_inst,float64
f__pymfe.model-based.nodes_per_level.count,float64
f__pymfe.model-based.nodes_per_level.histogram.0,float64
f__pymfe.model-based.nodes_per_level.histogram.1,float64
f__pymfe.model-based.nodes_per_level.histogram.2,float64
f__pymfe.model-based.nodes_per_level.histogram.3,float64
f__pymfe.model-based.nodes_per_level.histogram.4,float64
f__pymfe.model-based.nodes_per_level.histogram.5,float64
f__pymfe.model-based.nodes_per_level.histogram.6,float64
f__pymfe.model-based.nodes_per_level.histogram.7,float64
f__pymfe.model-based.nodes_per_level.histogram.8,float64
f__pymfe.model-based.nodes_per_level.histogram.9,float64
f__pymfe.model-based.nodes_per_level.iq_range,float64
f__pymfe.model-based.nodes_per_level.kurtosis,float64
f__pymfe.model-based.nodes_per_level.max,float64
f__pymfe.model-based.nodes_per_level.mean,float64
f__pymfe.model-based.nodes_per_level.median,float64
f__pymfe.model-based.nodes_per_level.min,float64
f__pymfe.model-based.nodes_per_level.quantiles.0,float64
f__pymfe.model-based.nodes_per_level.quantiles.1,float64
f__pymfe.model-based.nodes_per_level.quantiles.2,float64
f__pymfe.model-based.nodes_per_level.quantiles.3,float64
f__pymfe.model-based.nodes_per_level.quantiles.4,float64
f__pymfe.model-based.nodes_per_level.range,float64
f__pymfe.model-based.nodes_per_level.sd,float64
f__pymfe.model-based.nodes_per_level.skewness,float64
f__pymfe.model-based.nodes_repeated.count,float64
f__pymfe.model-based.nodes_repeated.histogram.0,float64
f__pymfe.model-based.nodes_repeated.histogram.1,float64
f__pymfe.model-based.nodes_repeated.histogram.2,float64
f__pymfe.model-based.nodes_repeated.histogram.3,float64
f__pymfe.model-based.nodes_repeated.histogram.4,float64
f__pymfe.model-based.nodes_repeated.histogram.5,float64
f__pymfe.model-based.nodes_repeated.histogram.6,float64
f__pymfe.model-based.nodes_repeated.histogram.7,float64
f__pymfe.model-based.nodes_repeated.histogram.8,float64
f__pymfe.model-based.nodes_repeated.histogram.9,float64
f__pymfe.model-based.nodes_repeated.iq_range,float64
f__pymfe.model-based.nodes_repeated.kurtosis,float64
f__pymfe.model-based.nodes_repeated.max,float64
f__pymfe.model-based.nodes_repeated.mean,float64
f__pymfe.model-based.nodes_repeated.median,float64
f__pymfe.model-based.nodes_repeated.min,float64
f__pymfe.model-based.nodes_repeated.quantiles.0,float64
f__pymfe.model-based.nodes_repeated.quantiles.1,float64
f__pymfe.model-based.nodes_repeated.quantiles.2,float64
f__pymfe.model-based.nodes_repeated.quantiles.3,float64
f__pymfe.model-based.nodes_repeated.quantiles.4,float64
f__pymfe.model-based.nodes_repeated.range,float64
f__pymfe.model-based.nodes_repeated.sd,float64
f__pymfe.model-based.nodes_repeated.skewness,float64
f__pymfe.model-based.tree_depth.count,float64
f__pymfe.model-based.tree_depth.histogram.0,float64
f__pymfe.model-based.tree_depth.histogram.1,float64
f__pymfe.model-based.tree_depth.histogram.2,float64
f__pymfe.model-based.tree_depth.histogram.3,float64
f__pymfe.model-based.tree_depth.histogram.4,float64
f__pymfe.model-based.tree_depth.histogram.5,float64
f__pymfe.model-based.tree_depth.histogram.6,float64
f__pymfe.model-based.tree_depth.histogram.7,float64
f__pymfe.model-based.tree_depth.histogram.8,float64
f__pymfe.model-based.tree_depth.histogram.9,float64
f__pymfe.model-based.tree_depth.iq_range,float64
f__pymfe.model-based.tree_depth.kurtosis,float64
f__pymfe.model-based.tree_depth.max,float64
f__pymfe.model-based.tree_depth.mean,float64
f__pymfe.model-based.tree_depth.median,float64
f__pymfe.model-based.tree_depth.min,float64
f__pymfe.model-based.tree_depth.quantiles.0,float64
f__pymfe.model-based.tree_depth.quantiles.1,float64
f__pymfe.model-based.tree_depth.quantiles.2,float64
f__pymfe.model-based.tree_depth.quantiles.3,float64
f__pymfe.model-based.tree_depth.quantiles.4,float64
f__pymfe.model-based.tree_depth.range,float64
f__pymfe.model-based.tree_depth.sd,float64
f__pymfe.model-based.tree_depth.skewness,float64
f__pymfe.model-based.tree_imbalance.count,float64
f__pymfe.model-based.tree_imbalance.histogram.0,float64
f__pymfe.model-based.tree_imbalance.histogram.1,float64
f__pymfe.model-based.tree_imbalance.histogram.2,float64
f__pymfe.model-based.tree_imbalance.histogram.3,float64
f__pymfe.model-based.tree_imbalance.histogram.4,float64
f__pymfe.model-based.tree_imbalance.histogram.5,float64
f__pymfe.model-based.tree_imbalance.histogram.6,float64
f__pymfe.model-based.tree_imbalance.histogram.7,float64
f__pymfe.model-based.tree_imbalance.histogram.8,float64
f__pymfe.model-based.tree_imbalance.histogram.9,float64
f__pymfe.model-based.tree_imbalance.iq_range,float64
f__pymfe.model-based.tree_imbalance.kurtosis,float64
f__pymfe.model-based.tree_imbalance.max,float64
f__pymfe.model-based.tree_imbalance.mean,float64
f__pymfe.model-based.tree_imbalance.median,float64
f__pymfe.model-based.tree_imbalance.min,float64
f__pymfe.model-based.tree_imbalance.quantiles.0,float64
f__pymfe.model-based.tree_imbalance.quantiles.1,float64
f__pymfe.model-based.tree_imbalance.quantiles.2,float64
f__pymfe.model-based.tree_imbalance.quantiles.3,float64
f__pymfe.model-based.tree_imbalance.quantiles.4,float64
f__pymfe.model-based.tree_imbalance.range,float64
f__pymfe.model-based.tree_imbalance.sd,float64
f__pymfe.model-based.tree_imbalance.skewness,float64
f__pymfe.model-based.tree_shape.count,float64
f__pymfe.model-based.tree_shape.histogram.0,float64
f__pymfe.model-based.tree_shape.histogram.1,float64
f__pymfe.model-based.tree_shape.histogram.2,float64
f__pymfe.model-based.tree_shape.histogram.3,float64
f__pymfe.model-based.tree_shape.histogram.4,float64
f__pymfe.model-based.tree_shape.histogram.5,float64
f__pymfe.model-based.tree_shape.histogram.6,float64
f__pymfe.model-based.tree_shape.histogram.7,float64
f__pymfe.model-based.tree_shape.histogram.8,float64
f__pymfe.model-based.tree_shape.histogram.9,float64
f__pymfe.model-based.tree_shape.iq_range,float64
f__pymfe.model-based.tree_shape.kurtosis,float64
f__pymfe.model-based.tree_shape.max,float64
f__pymfe.model-based.tree_shape.mean,float64
f__pymfe.model-based.tree_shape.median,float64
f__pymfe.model-based.tree_shape.min,float64
f__pymfe.model-based.tree_shape.quantiles.0,float64
f__pymfe.model-based.tree_shape.quantiles.1,float64
f__pymfe.model-based.tree_shape.quantiles.2,float64
f__pymfe.model-based.tree_shape.quantiles.3,float64
f__pymfe.model-based.tree_shape.quantiles.4,float64
f__pymfe.model-based.tree_shape.range,float64
f__pymfe.model-based.tree_shape.sd,float64
f__pymfe.model-based.tree_shape.skewness,float64
f__pymfe.model-based.var_importance.count,float64
f__pymfe.model-based.var_importance.histogram.0,float64
f__pymfe.model-based.var_importance.histogram.1,float64
f__pymfe.model-based.var_importance.histogram.2,float64
f__pymfe.model-based.var_importance.histogram.3,float64
f__pymfe.model-based.var_importance.histogram.4,float64
f__pymfe.model-based.var_importance.histogram.5,float64
f__pymfe.model-based.var_importance.histogram.6,float64
f__pymfe.model-based.var_importance.histogram.7,float64
f__pymfe.model-based.var_importance.histogram.8,float64
f__pymfe.model-based.var_importance.histogram.9,float64
f__pymfe.model-based.var_importance.iq_range,float64
f__pymfe.model-based.var_importance.kurtosis,float64
f__pymfe.model-based.var_importance.max,float64
f__pymfe.model-based.var_importance.mean,float64
f__pymfe.model-based.var_importance.median,float64
f__pymfe.model-based.var_importance.min,float64
f__pymfe.model-based.var_importance.quantiles.0,float64
f__pymfe.model-based.var_importance.quantiles.1,float64
f__pymfe.model-based.var_importance.quantiles.2,float64
f__pymfe.model-based.var_importance.quantiles.3,float64
f__pymfe.model-based.var_importance.quantiles.4,float64
f__pymfe.model-based.var_importance.range,float64
f__pymfe.model-based.var_importance.sd,float64
f__pymfe.model-based.var_importance.skewness,float64
f__pymfe.info-theory.attr_conc.count,int64
f__pymfe.info-theory.attr_conc.histogram.0,float64
f__pymfe.info-theory.attr_conc.histogram.1,float64
f__pymfe.info-theory.attr_conc.histogram.2,float64
f__pymfe.info-theory.attr_conc.histogram.3,float64
f__pymfe.info-theory.attr_conc.histogram.4,float64
f__pymfe.info-theory.attr_conc.histogram.5,float64
f__pymfe.info-theory.attr_conc.histogram.6,float64
f__pymfe.info-theory.attr_conc.histogram.7,float64
f__pymfe.info-theory.attr_conc.histogram.8,float64
f__pymfe.info-theory.attr_conc.histogram.9,float64
f__pymfe.info-theory.attr_conc.iq_range,float64
f__pymfe.info-theory.attr_conc.kurtosis,float64
f__pymfe.info-theory.attr_conc.max,float64
f__pymfe.info-theory.attr_conc.mean,float64
f__pymfe.info-theory.attr_conc.median,float64
f__pymfe.info-theory.attr_conc.min,float64
f__pymfe.info-theory.attr_conc.quantiles.0,float64
f__pymfe.info-theory.attr_conc.quantiles.1,float64
f__pymfe.info-theory.attr_conc.quantiles.2,float64
f__pymfe.info-theory.attr_conc.quantiles.3,float64
f__pymfe.info-theory.attr_conc.quantiles.4,float64
f__pymfe.info-theory.attr_conc.range,float64
f__pymfe.info-theory.attr_conc.sd,float64
f__pymfe.info-theory.attr_conc.skewness,float64
f__pymfe.info-theory.attr_ent.count,int64
f__pymfe.info-theory.attr_ent.histogram.0,float64
f__pymfe.info-theory.attr_ent.histogram.1,float64
f__pymfe.info-theory.attr_ent.histogram.2,float64
f__pymfe.info-theory.attr_ent.histogram.3,float64
f__pymfe.info-theory.attr_ent.histogram.4,float64
f__pymfe.info-theory.attr_ent.histogram.5,float64
f__pymfe.info-theory.attr_ent.histogram.6,float64
f__pymfe.info-theory.attr_ent.histogram.7,float64
f__pymfe.info-theory.attr_ent.histogram.8,float64
f__pymfe.info-theory.attr_ent.histogram.9,float64
f__pymfe.info-theory.attr_ent.iq_range,float64
f__pymfe.info-theory.attr_ent.kurtosis,float64
f__pymfe.info-theory.attr_ent.max,float64
f__pymfe.info-theory.attr_ent.mean,float64
f__pymfe.info-theory.attr_ent.median,float64
f__pymfe.info-theory.attr_ent.min,float64
f__pymfe.info-theory.attr_ent.quantiles.0,float64
f__pymfe.info-theory.attr_ent.quantiles.1,float64
f__pymfe.info-theory.attr_ent.quantiles.2,float64
f__pymfe.info-theory.attr_ent.quantiles.3,float64
f__pymfe.info-theory.attr_ent.quantiles.4,float64
f__pymfe.info-theory.attr_ent.range,float64
f__pymfe.info-theory.attr_ent.sd,float64
f__pymfe.info-theory.attr_ent.skewness,float64
f__pymfe.info-theory.class_conc.count,int64
f__pymfe.info-theory.class_conc.histogram.0,float64
f__pymfe.info-theory.class_conc.histogram.1,float64
f__pymfe.info-theory.class_conc.histogram.2,float64
f__pymfe.info-theory.class_conc.histogram.3,float64
f__pymfe.info-theory.class_conc.histogram.4,float64
f__pymfe.info-theory.class_conc.histogram.5,float64
f__pymfe.info-theory.class_conc.histogram.6,float64
f__pymfe.info-theory.class_conc.histogram.7,float64
f__pymfe.info-theory.class_conc.histogram.8,float64
f__pymfe.info-theory.class_conc.histogram.9,float64
f__pymfe.info-theory.class_conc.iq_range,float64
f__pymfe.info-theory.class_conc.kurtosis,float64
f__pymfe.info-theory.class_conc.max,float64
f__pymfe.info-theory.class_conc.mean,float64
f__pymfe.info-theory.class_conc.median,float64
f__pymfe.info-theory.class_conc.min,float64
f__pymfe.info-theory.class_conc.quantiles.0,float64
f__pymfe.info-theory.class_conc.quantiles.1,float64
f__pymfe.info-theory.class_conc.quantiles.2,float64
f__pymfe.info-theory.class_conc.quantiles.3,float64
f__pymfe.info-theory.class_conc.quantiles.4,float64
f__pymfe.info-theory.class_conc.range,float64
f__pymfe.info-theory.class_conc.sd,float64
f__pymfe.info-theory.class_conc.skewness,float64
f__pymfe.info-theory.class_ent,float64
f__pymfe.info-theory.eq_num_attr,float64
f__pymfe.info-theory.joint_ent.count,int64
f__pymfe.info-theory.joint_ent.histogram.0,float64
f__pymfe.info-theory.joint_ent.histogram.1,float64
f__pymfe.info-theory.joint_ent.histogram.2,float64
f__pymfe.info-theory.joint_ent.histogram.3,float64
f__pymfe.info-theory.joint_ent.histogram.4,float64
f__pymfe.info-theory.joint_ent.histogram.5,float64
f__pymfe.info-theory.joint_ent.histogram.6,float64
f__pymfe.info-theory.joint_ent.histogram.7,float64
f__pymfe.info-theory.joint_ent.histogram.8,float64
f__pymfe.info-theory.joint_ent.histogram.9,float64
f__pymfe.info-theory.joint_ent.iq_range,float64
f__pymfe.info-theory.joint_ent.kurtosis,float64
f__pymfe.info-theory.joint_ent.max,float64
f__pymfe.info-theory.joint_ent.mean,float64
f__pymfe.info-theory.joint_ent.median,float64
f__pymfe.info-theory.joint_ent.min,float64
f__pymfe.info-theory.joint_ent.quantiles.0,float64
f__pymfe.info-theory.joint_ent.quantiles.1,float64
f__pymfe.info-theory.joint_ent.quantiles.2,float64
f__pymfe.info-theory.joint_ent.quantiles.3,float64
f__pymfe.info-theory.joint_ent.quantiles.4,float64
f__pymfe.info-theory.joint_ent.range,float64
f__pymfe.info-theory.joint_ent.sd,float64
f__pymfe.info-theory.joint_ent.skewness,float64
f__pymfe.info-theory.mut_inf.count,int64
f__pymfe.info-theory.mut_inf.histogram.0,float64
f__pymfe.info-theory.mut_inf.histogram.1,float64
f__pymfe.info-theory.mut_inf.histogram.2,float64
f__pymfe.info-theory.mut_inf.histogram.3,float64
f__pymfe.info-theory.mut_inf.histogram.4,float64
f__pymfe.info-theory.mut_inf.histogram.5,float64
f__pymfe.info-theory.mut_inf.histogram.6,float64
f__pymfe.info-theory.mut_inf.histogram.7,float64
f__pymfe.info-theory.mut_inf.histogram.8,float64
f__pymfe.info-theory.mut_inf.histogram.9,float64
f__pymfe.info-theory.mut_inf.iq_range,float64
f__pymfe.info-theory.mut_inf.kurtosis,float64
f__pymfe.info-theory.mut_inf.max,float64
f__pymfe.info-theory.mut_inf.mean,float64
f__pymfe.info-theory.mut_inf.median,float64
f__pymfe.info-theory.mut_inf.min,float64
f__pymfe.info-theory.mut_inf.quantiles.0,float64
f__pymfe.info-theory.mut_inf.quantiles.1,float64
f__pymfe.info-theory.mut_inf.quantiles.2,float64
f__pymfe.info-theory.mut_inf.quantiles.3,float64
f__pymfe.info-theory.mut_inf.quantiles.4,float64
f__pymfe.info-theory.mut_inf.range,float64
f__pymfe.info-theory.mut_inf.sd,float64
f__pymfe.info-theory.mut_inf.skewness,float64
f__pymfe.info-theory.ns_ratio,float64
f__pymfe.relative.best_node.count,int64
f__pymfe.relative.best_node.count.relative,float64
f__pymfe.relative.best_node.histogram.0,float64
f__pymfe.relative.best_node.histogram.0.relative,float64
f__pymfe.relative.best_node.histogram.1,float64
f__pymfe.relative.best_node.histogram.1.relative,float64
f__pymfe.relative.best_node.histogram.2,float64
f__pymfe.relative.best_node.histogram.2.relative,float64
f__pymfe.relative.best_node.histogram.3,float64
f__pymfe.relative.best_node.histogram.3.relative,float64
f__pymfe.relative.best_node.histogram.4,float64
f__pymfe.relative.best_node.histogram.4.relative,float64
f__pymfe.relative.best_node.histogram.5,float64
f__pymfe.relative.best_node.histogram.5.relative,float64
f__pymfe.relative.best_node.histogram.6,float64
f__pymfe.relative.best_node.histogram.6.relative,float64
f__pymfe.relative.best_node.histogram.7,float64
f__pymfe.relative.best_node.histogram.7.relative,float64
f__pymfe.relative.best_node.histogram.8,float64
f__pymfe.relative.best_node.histogram.8.relative,float64
f__pymfe.relative.best_node.histogram.9,float64
f__pymfe.relative.best_node.histogram.9.relative,float64
f__pymfe.relative.best_node.iq_range,float64
f__pymfe.relative.best_node.iq_range.relative,float64
f__pymfe.relative.best_node.kurtosis,float64
f__pymfe.relative.best_node.kurtosis.relative,float64
f__pymfe.relative.best_node.max,float64
f__pymfe.relative.best_node.max.relative,float64
f__pymfe.relative.best_node.mean,float64
f__pymfe.relative.best_node.mean.relative,float64
f__pymfe.relative.best_node.median,float64
f__pymfe.relative.best_node.median.relative,float64
f__pymfe.relative.best_node.min,float64
f__pymfe.relative.best_node.min.relative,float64
f__pymfe.relative.best_node.quantiles.0,float64
f__pymfe.relative.best_node.quantiles.0.relative,float64
f__pymfe.relative.best_node.quantiles.1,float64
f__pymfe.relative.best_node.quantiles.1.relative,float64
f__pymfe.relative.best_node.quantiles.2,float64
f__pymfe.relative.best_node.quantiles.2.relative,float64
f__pymfe.relative.best_node.quantiles.3,float64
f__pymfe.relative.best_node.quantiles.3.relative,float64
f__pymfe.relative.best_node.quantiles.4,float64
f__pymfe.relative.best_node.quantiles.4.relative,float64
f__pymfe.relative.best_node.range,float64
f__pymfe.relative.best_node.range.relative,float64
f__pymfe.relative.best_node.sd,float64
f__pymfe.relative.best_node.sd.relative,float64
f__pymfe.relative.best_node.skewness,float64
f__pymfe.relative.best_node.skewness.relative,float64
f__pymfe.relative.elite_nn.count,int64
f__pymfe.relative.elite_nn.count.relative,float64
f__pymfe.relative.elite_nn.histogram.0,float64
f__pymfe.relative.elite_nn.histogram.0.relative,float64
f__pymfe.relative.elite_nn.histogram.1,float64
f__pymfe.relative.elite_nn.histogram.1.relative,float64
f__pymfe.relative.elite_nn.histogram.2,float64
f__pymfe.relative.elite_nn.histogram.2.relative,float64
f__pymfe.relative.elite_nn.histogram.3,float64
f__pymfe.relative.elite_nn.histogram.3.relative,float64
f__pymfe.relative.elite_nn.histogram.4,float64
f__pymfe.relative.elite_nn.histogram.4.relative,float64
f__pymfe.relative.elite_nn.histogram.5,float64
f__pymfe.relative.elite_nn.histogram.5.relative,float64
f__pymfe.relative.elite_nn.histogram.6,float64
f__pymfe.relative.elite_nn.histogram.6.relative,float64
f__pymfe.relative.elite_nn.histogram.7,float64
f__pymfe.relative.elite_nn.histogram.7.relative,float64
f__pymfe.relative.elite_nn.histogram.8,float64
f__pymfe.relative.elite_nn.histogram.8.relative,float64
f__pymfe.relative.elite_nn.histogram.9,float64
f__pymfe.relative.elite_nn.histogram.9.relative,float64
f__pymfe.relative.elite_nn.iq_range,float64
f__pymfe.relative.elite_nn.iq_range.relative,float64
f__pymfe.relative.elite_nn.kurtosis,float64
f__pymfe.relative.elite_nn.kurtosis.relative,float64
f__pymfe.relative.elite_nn.max,float64
f__pymfe.relative.elite_nn.max.relative,float64
f__pymfe.relative.elite_nn.mean,float64
f__pymfe.relative.elite_nn.mean.relative,float64
f__pymfe.relative.elite_nn.median,float64
f__pymfe.relative.elite_nn.median.relative,float64
f__pymfe.relative.elite_nn.min,float64
f__pymfe.relative.elite_nn.min.relative,float64
f__pymfe.relative.elite_nn.quantiles.0,float64
f__pymfe.relative.elite_nn.quantiles.0.relative,float64
f__pymfe.relative.elite_nn.quantiles.1,float64
f__pymfe.relative.elite_nn.quantiles.1.relative,float64
f__pymfe.relative.elite_nn.quantiles.2,float64
f__pymfe.relative.elite_nn.quantiles.2.relative,float64
f__pymfe.relative.elite_nn.quantiles.3,float64
f__pymfe.relative.elite_nn.quantiles.3.relative,float64
f__pymfe.relative.elite_nn.quantiles.4,float64
f__pymfe.relative.elite_nn.quantiles.4.relative,float64
f__pymfe.relative.elite_nn.range,float64
f__pymfe.relative.elite_nn.range.relative,float64
f__pymfe.relative.elite_nn.sd,float64
f__pymfe.relative.elite_nn.sd.relative,float64
f__pymfe.relative.elite_nn.skewness,float64
f__pymfe.relative.elite_nn.skewness.relative,float64
f__pymfe.relative.linear_discr.count,int64
f__pymfe.relative.linear_discr.count.relative,float64
f__pymfe.relative.linear_discr.histogram.0,float64
f__pymfe.relative.linear_discr.histogram.0.relative,float64
f__pymfe.relative.linear_discr.histogram.1,float64
f__pymfe.relative.linear_discr.histogram.1.relative,float64
f__pymfe.relative.linear_discr.histogram.2,float64
f__pymfe.relative.linear_discr.histogram.2.relative,float64
f__pymfe.relative.linear_discr.histogram.3,float64
f__pymfe.relative.linear_discr.histogram.3.relative,float64
f__pymfe.relative.linear_discr.histogram.4,float64
f__pymfe.relative.linear_discr.histogram.4.relative,float64
f__pymfe.relative.linear_discr.histogram.5,float64
f__pymfe.relative.linear_discr.histogram.5.relative,float64
f__pymfe.relative.linear_discr.histogram.6,float64
f__pymfe.relative.linear_discr.histogram.6.relative,float64
f__pymfe.relative.linear_discr.histogram.7,float64
f__pymfe.relative.linear_discr.histogram.7.relative,float64
f__pymfe.relative.linear_discr.histogram.8,float64
f__pymfe.relative.linear_discr.histogram.8.relative,float64
f__pymfe.relative.linear_discr.histogram.9,float64
f__pymfe.relative.linear_discr.histogram.9.relative,float64
f__pymfe.relative.linear_discr.iq_range,float64
f__pymfe.relative.linear_discr.iq_range.relative,float64
f__pymfe.relative.linear_discr.kurtosis,float64
f__pymfe.relative.linear_discr.kurtosis.relative,float64
f__pymfe.relative.linear_discr.max,float64
f__pymfe.relative.linear_discr.max.relative,float64
f__pymfe.relative.linear_discr.mean,float64
f__pymfe.relative.linear_discr.mean.relative,float64
f__pymfe.relative.linear_discr.median,float64
f__pymfe.relative.linear_discr.median.relative,float64
f__pymfe.relative.linear_discr.min,float64
f__pymfe.relative.linear_discr.min.relative,float64
f__pymfe.relative.linear_discr.quantiles.0,float64
f__pymfe.relative.linear_discr.quantiles.0.relative,float64
f__pymfe.relative.linear_discr.quantiles.1,float64
f__pymfe.relative.linear_discr.quantiles.1.relative,float64
f__pymfe.relative.linear_discr.quantiles.2,float64
f__pymfe.relative.linear_discr.quantiles.2.relative,float64
f__pymfe.relative.linear_discr.quantiles.3,float64
f__pymfe.relative.linear_discr.quantiles.3.relative,float64
f__pymfe.relative.linear_discr.quantiles.4,float64
f__pymfe.relative.linear_discr.quantiles.4.relative,float64
f__pymfe.relative.linear_discr.range,float64
f__pymfe.relative.linear_discr.range.relative,float64
f__pymfe.relative.linear_discr.sd,float64
f__pymfe.relative.linear_discr.sd.relative,float64
f__pymfe.relative.linear_discr.skewness,float64
f__pymfe.relative.linear_discr.skewness.relative,float64
f__pymfe.relative.naive_bayes.count,int64
f__pymfe.relative.naive_bayes.count.relative,float64
f__pymfe.relative.naive_bayes.histogram.0,float64
f__pymfe.relative.naive_bayes.histogram.0.relative,float64
f__pymfe.relative.naive_bayes.histogram.1,float64
f__pymfe.relative.naive_bayes.histogram.1.relative,float64
f__pymfe.relative.naive_bayes.histogram.2,float64
f__pymfe.relative.naive_bayes.histogram.2.relative,float64
f__pymfe.relative.naive_bayes.histogram.3,float64
f__pymfe.relative.naive_bayes.histogram.3.relative,float64
f__pymfe.relative.naive_bayes.histogram.4,float64
f__pymfe.relative.naive_bayes.histogram.4.relative,float64
f__pymfe.relative.naive_bayes.histogram.5,float64
f__pymfe.relative.naive_bayes.histogram.5.relative,float64
f__pymfe.relative.naive_bayes.histogram.6,float64
f__pymfe.relative.naive_bayes.histogram.6.relative,float64
f__pymfe.relative.naive_bayes.histogram.7,float64
f__pymfe.relative.naive_bayes.histogram.7.relative,float64
f__pymfe.relative.naive_bayes.histogram.8,float64
f__pymfe.relative.naive_bayes.histogram.8.relative,float64
f__pymfe.relative.naive_bayes.histogram.9,float64
f__pymfe.relative.naive_bayes.histogram.9.relative,float64
f__pymfe.relative.naive_bayes.iq_range,float64
f__pymfe.relative.naive_bayes.iq_range.relative,float64
f__pymfe.relative.naive_bayes.kurtosis,float64
f__pymfe.relative.naive_bayes.kurtosis.relative,float64
f__pymfe.relative.naive_bayes.max,float64
f__pymfe.relative.naive_bayes.max.relative,float64
f__pymfe.relative.naive_bayes.mean,float64
f__pymfe.relative.naive_bayes.mean.relative,float64
f__pymfe.relative.naive_bayes.median,float64
f__pymfe.relative.naive_bayes.median.relative,float64
f__pymfe.relative.naive_bayes.min,float64
f__pymfe.relative.naive_bayes.min.relative,float64
f__pymfe.relative.naive_bayes.quantiles.0,float64
f__pymfe.relative.naive_bayes.quantiles.0.relative,float64
f__pymfe.relative.naive_bayes.quantiles.1,float64
f__pymfe.relative.naive_bayes.quantiles.1.relative,float64
f__pymfe.relative.naive_bayes.quantiles.2,float64
f__pymfe.relative.naive_bayes.quantiles.2.relative,float64
f__pymfe.relative.naive_bayes.quantiles.3,float64
f__pymfe.relative.naive_bayes.quantiles.3.relative,float64
f__pymfe.relative.naive_bayes.quantiles.4,float64
f__pymfe.relative.naive_bayes.quantiles.4.relative,float64
f__pymfe.relative.naive_bayes.range,float64
f__pymfe.relative.naive_bayes.range.relative,float64
f__pymfe.relative.naive_bayes.sd,float64
f__pymfe.relative.naive_bayes.sd.relative,float64
f__pymfe.relative.naive_bayes.skewness,float64
f__pymfe.relative.naive_bayes.skewness.relative,float64
f__pymfe.relative.one_nn.count,int64
f__pymfe.relative.one_nn.count.relative,float64
f__pymfe.relative.one_nn.histogram.0,float64
f__pymfe.relative.one_nn.histogram.0.relative,float64
f__pymfe.relative.one_nn.histogram.1,float64
f__pymfe.relative.one_nn.histogram.1.relative,float64
f__pymfe.relative.one_nn.histogram.2,float64
f__pymfe.relative.one_nn.histogram.2.relative,float64
f__pymfe.relative.one_nn.histogram.3,float64
f__pymfe.relative.one_nn.histogram.3.relative,float64
f__pymfe.relative.one_nn.histogram.4,float64
f__pymfe.relative.one_nn.histogram.4.relative,float64
f__pymfe.relative.one_nn.histogram.5,float64
f__pymfe.relative.one_nn.histogram.5.relative,float64
f__pymfe.relative.one_nn.histogram.6,float64
f__pymfe.relative.one_nn.histogram.6.relative,float64
f__pymfe.relative.one_nn.histogram.7,float64
f__pymfe.relative.one_nn.histogram.7.relative,float64
f__pymfe.relative.one_nn.histogram.8,float64
f__pymfe.relative.one_nn.histogram.8.relative,float64
f__pymfe.relative.one_nn.histogram.9,float64
f__pymfe.relative.one_nn.histogram.9.relative,float64
f__pymfe.relative.one_nn.iq_range,float64
f__pymfe.relative.one_nn.iq_range.relative,float64
f__pymfe.relative.one_nn.kurtosis,float64
f__pymfe.relative.one_nn.kurtosis.relative,float64
f__pymfe.relative.one_nn.max,float64
f__pymfe.relative.one_nn.max.relative,float64
f__pymfe.relative.one_nn.mean,float64
f__pymfe.relative.one_nn.mean.relative,float64
f__pymfe.relative.one_nn.median,float64
f__pymfe.relative.one_nn.median.relative,float64
f__pymfe.relative.one_nn.min,float64
f__pymfe.relative.one_nn.min.relative,float64
f__pymfe.relative.one_nn.quantiles.0,float64
f__pymfe.relative.one_nn.quantiles.0.relative,float64
f__pymfe.relative.one_nn.quantiles.1,float64
f__pymfe.relative.one_nn.quantiles.1.relative,float64
f__pymfe.relative.one_nn.quantiles.2,float64
f__pymfe.relative.one_nn.quantiles.2.relative,float64
f__pymfe.relative.one_nn.quantiles.3,float64
f__pymfe.relative.one_nn.quantiles.3.relative,float64
f__pymfe.relative.one_nn.quantiles.4,float64
f__pymfe.relative.one_nn.quantiles.4.relative,float64
f__pymfe.relative.one_nn.range,float64
f__pymfe.relative.one_nn.range.relative,float64
f__pymfe.relative.one_nn.sd,float64
f__pymfe.relative.one_nn.sd.relative,float64
f__pymfe.relative.one_nn.skewness,float64
f__pymfe.relative.one_nn.skewness.relative,float64
f__pymfe.relative.random_node.count,int64
f__pymfe.relative.random_node.count.relative,float64
f__pymfe.relative.random_node.histogram.0,float64
f__pymfe.relative.random_node.histogram.0.relative,float64
f__pymfe.relative.random_node.histogram.1,float64
f__pymfe.relative.random_node.histogram.1.relative,float64
f__pymfe.relative.random_node.histogram.2,float64
f__pymfe.relative.random_node.histogram.2.relative,float64
f__pymfe.relative.random_node.histogram.3,float64
f__pymfe.relative.random_node.histogram.3.relative,float64
f__pymfe.relative.random_node.histogram.4,float64
f__pymfe.relative.random_node.histogram.4.relative,float64
f__pymfe.relative.random_node.histogram.5,float64
f__pymfe.relative.random_node.histogram.5.relative,float64
f__pymfe.relative.random_node.histogram.6,float64
f__pymfe.relative.random_node.histogram.6.relative,float64
f__pymfe.relative.random_node.histogram.7,float64
f__pymfe.relative.random_node.histogram.7.relative,float64
f__pymfe.relative.random_node.histogram.8,float64
f__pymfe.relative.random_node.histogram.8.relative,float64
f__pymfe.relative.random_node.histogram.9,float64
f__pymfe.relative.random_node.histogram.9.relative,float64
f__pymfe.relative.random_node.iq_range,float64
f__pymfe.relative.random_node.iq_range.relative,float64
f__pymfe.relative.random_node.kurtosis,float64
f__pymfe.relative.random_node.kurtosis.relative,float64
f__pymfe.relative.random_node.max,float64
f__pymfe.relative.random_node.max.relative,float64
f__pymfe.relative.random_node.mean,float64
f__pymfe.relative.random_node.mean.relative,float64
f__pymfe.relative.random_node.median,float64
f__pymfe.relative.random_node.median.relative,float64
f__pymfe.relative.random_node.min,float64
f__pymfe.relative.random_node.min.relative,float64
f__pymfe.relative.random_node.quantiles.0,float64
f__pymfe.relative.random_node.quantiles.0.relative,float64
f__pymfe.relative.random_node.quantiles.1,float64
f__pymfe.relative.random_node.quantiles.1.relative,float64
f__pymfe.relative.random_node.quantiles.2,float64
f__pymfe.relative.random_node.quantiles.2.relative,float64
f__pymfe.relative.random_node.quantiles.3,float64
f__pymfe.relative.random_node.quantiles.3.relative,float64
f__pymfe.relative.random_node.quantiles.4,float64
f__pymfe.relative.random_node.quantiles.4.relative,float64
f__pymfe.relative.random_node.range,float64
f__pymfe.relative.random_node.range.relative,float64
f__pymfe.relative.random_node.sd,float64
f__pymfe.relative.random_node.sd.relative,float64
f__pymfe.relative.random_node.skewness,float64
f__pymfe.relative.random_node.skewness.relative,float64
f__pymfe.relative.worst_node.count,int64
f__pymfe.relative.worst_node.count.relative,float64
f__pymfe.relative.worst_node.histogram.0,float64
f__pymfe.relative.worst_node.histogram.0.relative,float64
f__pymfe.relative.worst_node.histogram.1,float64
f__pymfe.relative.worst_node.histogram.1.relative,float64
f__pymfe.relative.worst_node.histogram.2,float64
f__pymfe.relative.worst_node.histogram.2.relative,float64
f__pymfe.relative.worst_node.histogram.3,float64
f__pymfe.relative.worst_node.histogram.3.relative,float64
f__pymfe.relative.worst_node.histogram.4,float64
f__pymfe.relative.worst_node.histogram.4.relative,float64
f__pymfe.relative.worst_node.histogram.5,float64
f__pymfe.relative.worst_node.histogram.5.relative,float64
f__pymfe.relative.worst_node.histogram.6,float64
f__pymfe.relative.worst_node.histogram.6.relative,float64
f__pymfe.relative.worst_node.histogram.7,float64
f__pymfe.relative.worst_node.histogram.7.relative,float64
f__pymfe.relative.worst_node.histogram.8,float64
f__pymfe.relative.worst_node.histogram.8.relative,float64
f__pymfe.relative.worst_node.histogram.9,float64
f__pymfe.relative.worst_node.histogram.9.relative,float64
f__pymfe.relative.worst_node.iq_range,float64
f__pymfe.relative.worst_node.iq_range.relative,float64
f__pymfe.relative.worst_node.kurtosis,float64
f__pymfe.relative.worst_node.kurtosis.relative,float64
f__pymfe.relative.worst_node.max,float64
f__pymfe.relative.worst_node.max.relative,float64
f__pymfe.relative.worst_node.mean,float64
f__pymfe.relative.worst_node.mean.relative,float64
f__pymfe.relative.worst_node.median,float64
f__pymfe.relative.worst_node.median.relative,float64
f__pymfe.relative.worst_node.min,float64
f__pymfe.relative.worst_node.min.relative,float64
f__pymfe.relative.worst_node.quantiles.0,float64
f__pymfe.relative.worst_node.quantiles.0.relative,float64
f__pymfe.relative.worst_node.quantiles.1,float64
f__pymfe.relative.worst_node.quantiles.1.relative,float64
f__pymfe.relative.worst_node.quantiles.2,float64
f__pymfe.relative.worst_node.quantiles.2.relative,float64
f__pymfe.relative.worst_node.quantiles.3,float64
f__pymfe.relative.worst_node.quantiles.3.relative,float64
f__pymfe.relative.worst_node.quantiles.4,float64
f__pymfe.relative.worst_node.quantiles.4.relative,float64
f__pymfe.relative.worst_node.range,float64
f__pymfe.relative.worst_node.range.relative,float64
f__pymfe.relative.worst_node.sd,float64
f__pymfe.relative.worst_node.sd.relative,float64
f__pymfe.relative.worst_node.skewness,float64
f__pymfe.relative.worst_node.skewness.relative,float64
f__pymfe.statistical.iq_range,float64
f__pymfe.statistical.t_mean,float64
