dataset,rows,n_folds
2dplanes,4590,3
APSFailure,4581,3
Airlines_DepDelay_10M,4019,3
Allstate_Claims_Severity,4581,3
Amazon_employee_access,4434,3
Australian,4590,3
Bioresponse,4560,3
Brazilian_houses,4581,3
Buzzinsocialmedia_Twitter,4581,3
CIFAR_10,4560,3
Click_prediction_small,4590,3
Devnagari-Script,4560,3
Diabetes130US,4590,3
Fashion-MNIST,4560,3
GAMETES_Epistasis_2-Way_1000atts_0_4H_EDM-1_EDM-1_1,4404,3
GAMETES_Epistasis_2-Way_20atts_0_1H_EDM-1_1,4434,3
GAMETES_Epistasis_2-Way_20atts_0_4H_EDM-1_1,4434,3
GAMETES_Epistasis_3-Way_20atts_0_2H_EDM-1_1,4434,3
GAMETES_Heterogeneity_20atts_1600_Het_0_4_0_2_50_EDM-2_001,4434,3
GAMETES_Heterogeneity_20atts_1600_Het_0_4_0_2_75_EDM-2_001,4434,3
GTSRB-HOG01,4560,3
GTSRB-HOG02,4560,3
GTSRB-HOG03,4560,3
GTSRB-HueHist,4581,3
GesturePhaseSegmentationProcessed,4590,3
Higgs,4581,3
Indian_pines,4581,3
Internet-Advertisements,4560,3
KDDCup09-Upselling,4001,3
KDDCup09_appetency,3978,3
KDDCup99,2673,3
Kuzushiji-49,3353,3
Kuzushiji-MNIST,4560,3
LED-display-domain-7digit,4434,3
MIP-2016-regression,4574,3
MagicTelescope,4590,3
Mercedes_Benz_Greener_Manufacturing,4404,3
MiceProtein,4590,3
MiniBooNE,4590,3
Moneyball,4581,3
OVA_Breast,4560,3
OVA_Colon,4560,3
OVA_Endometrium,4560,3
OVA_Kidney,4560,3
OVA_Lung,4560,3
OVA_Ovary,4560,3
OVA_Prostate,4560,3
OnlineNewsPopularity,4581,3
PhishingWebsites,4434,3
QSAR-TID-10980,4404,3
QSAR-TID-11,4404,3
Run_or_walk_information,4590,3
SAT11-HAND-runtime-regression,4581,3
Santander_transaction_value,4560,3
Satellite,4590,3
SpeedDating,4581,3
Titanic,4590,3
Traffic_violations,4590,3
UMIST_Faces_Cropped,4560,3
Yolanda,4581,3
abalone,4581,3
ada,4590,3
adult,4590,3
ailerons,4590,3
airlines,4581,3
albert,4580,3
analcatdata_authorship,4590,3
analcatdata_dmft,4434,3
anneal,4590,3
arcene,4560,3
arsenic-female-bladder,4590,3
artificial-characters,4590,3
autoUniv-au1-1000,4434,3
autoUniv-au6-750,4590,3
autoUniv-au7-1100,4590,3
autoUniv-au7-700,4590,3
balance-scale,4590,3
bank-marketing,4590,3
bank32nh,4590,3
bank8FM,4590,3
baseball,4590,3
black_friday,4581,3
blood-transfusion-service-center,4590,3
boston,4581,3
boston_corrected,4590,3
car,4434,3
cardiotocography,4590,3
christine,4560,3
churn,4590,3
climate-model-simulation-crashes,4590,3
cmc,4590,3
cnae-9,4560,3
colleges,4581,3
colleges_usnews,4590,3
collins,4581,3
connect-4,4434,3
covertype,4581,3
cpu_act,4590,3
cpu_small,4590,3
credit-g,4590,3
cylinder-bands,4590,3
delta_ailerons,4590,3
delta_elevators,4590,3
diabetes,4590,3
diamonds,4581,3
dilbert,4560,3
dionis,2705,3
dna,4425,3
dresses-sales,4590,3
eating,4240,3
eeg-eye-state,4590,3
electricity,4590,3
elevators,4581,3
eucalyptus,4590,3
eye_movements,4590,3
fabert,4560,3
fars,4590,3
first-order-theorem-proving,4590,3
fri_c0_1000_5,4590,3
fri_c0_500_5,4590,3
fri_c1_1000_50,4590,3
fri_c2_1000_25,4590,3
fri_c2_500_50,4590,3
fri_c3_1000_10,4590,3
fri_c3_1000_25,4590,3
fri_c3_500_10,4590,3
fri_c3_500_50,4590,3
fri_c4_500_100,4590,3
fried,4590,3
gina,4560,3
guillermo,4560,3
har,4560,3
helena,4581,3
hill-valley,4590,3
hiva_agnostic,4404,3
house_16H,4581,3
house_prices_nominal,4581,3
house_sales,4581,3
houses,4590,3
hypothyroid,4590,3
ilpd,4590,3
isolet,4560,3
jannis,4590,3
jasmine,4581,3
jm1,4590,3
jungle_chess_2pcs_raw_endgame_complete,4590,3
kc1,4590,3
kc2,4590,3
kdd_el_nino-small,4590,3
kdd_internet_usage,4434,3
kick,4590,3
kin8nm,4590,3
kr-vs-k,4581,3
kropt,4425,3
ldpa,4581,3
led24,4434,3
letter,4581,3
madeline,4581,3
madelon,4560,3
mammography,4590,3
mc1,4590,3
meta,4590,3
mfeat-factors,4581,3
micro-mass,4560,3
microaggregation2,4590,3
mnist_784,4560,3
mozilla4,4590,3
no2,4590,3
nomao,4581,3
numerai28_6,4590,3
nursery,4434,3
nyc-taxi-green-dec-2016,4581,3
okcupid-stem,4590,3
one-hundred-plants-margin,4581,3
optdigits,4590,3
ozone-level-8hr,4590,3
page-blocks,4590,3
parity5_plus_5,4434,3
pbcseq,4590,3
pc1,4590,3
pc2,4590,3
pc3,4590,3
pc4,4590,3
pendigits,4590,3
philippine,4581,3
phoneme,4590,3
pm10,4590,3
pokerhand,4581,3
pol,4581,3
pollen,4590,3
porto-seguro,4581,3
puma32H,4590,3
puma8NH,4590,3
qsar-biodeg,4590,3
quake,4581,3
riccardo,4560,3
ringnorm,4590,3
rmftsa_ladata,4590,3
robert,4560,3
satimage,4590,3
segment,4590,3
semeion,4425,3
sensory,4425,3
sf-police-incidents,4123,3
shuttle,4590,3
socmob,4581,3
soybean,4425,3
space_ga,4581,3
spambase,4590,3
splice,4434,3
spoken-arabic-digit,4533,3
steel-plates-fault,4590,3
sylvine,4590,3
synthetic_control,4590,3
tamilnadu-electricity,4581,3
tecator,4581,3
texture,4581,3
tokyo1,4590,3
topo_2_1,4581,3
twonorm,4590,3
us_crime,4581,3
vehicle,4590,3
visualizing_soil,4590,3
volcanoes-a2,4590,3
volcanoes-a3,4590,3
volcanoes-a4,4590,3
volcanoes-b1,4590,3
volcanoes-b2,4590,3
volcanoes-b5,4590,3
volcanoes-b6,4590,3
volcanoes-d1,4590,3
volcanoes-d4,4590,3
volcanoes-e1,4590,3
volkert,4581,3
walking-activity,4581,3
wall-robot-navigation,4590,3
waveform-5000,4590,3
wilt,4590,3
wind,4590,3
wine-quality-red,4590,3
wine-quality-white,4590,3
wine_quality,4581,3
yeast,4590,3
yprop_4_1,4581,3
