tid,did,name,task_type,NumberOfClasses,NumberOfFeatures,NumberOfInstances,NumberOfNumericFeatures,NumberOfSymbolicFeatures
2,2,anneal,Supervised Classification,5.0,39.0,898.0,6.0,33.0
6,6,letter,Supervised Classification,26.0,17.0,20000.0,16.0,1.0
11,11,balance-scale,Supervised Classification,3.0,5.0,625.0,4.0,1.0
26,26,nursery,Supervised Classification,5.0,9.0,12960.0,0.0,9.0
28,28,optdigits,Supervised Classification,10.0,65.0,5620.0,64.0,1.0
30,30,page-blocks,Supervised Classification,5.0,11.0,5473.0,10.0,1.0
32,32,pendigits,Supervised Classification,10.0,17.0,10992.0,16.0,1.0
37,37,diabetes,Supervised Classification,2.0,9.0,768.0,8.0,1.0
41,42,soybean,Supervised Classification,19.0,36.0,683.0,0.0,36.0
43,44,spambase,Supervised Classification,2.0,58.0,4601.0,57.0,1.0
45,46,splice,Supervised Classification,3.0,61.0,3190.0,0.0,61.0
58,60,waveform-5000,Supervised Classification,3.0,41.0,5000.0,40.0,1.0
219,151,electricity,Supervised Classification,2.0,9.0,45312.0,7.0,2.0
223,155,pokerhand,Supervised Classification,10.0,11.0,829201.0,5.0,6.0
2073,181,yeast,Supervised Classification,10.0,9.0,1484.0,8.0,1.0
2074,182,satimage,Supervised Classification,6.0,37.0,6430.0,36.0,1.0
2076,184,kropt,Supervised Classification,18.0,7.0,28056.0,0.0,7.0
2077,185,baseball,Supervised Classification,3.0,17.0,1340.0,15.0,2.0
3011,57,hypothyroid,Supervised Classification,4.0,30.0,3772.0,7.0,23.0
3481,300,isolet,Supervised Classification,26.0,618.0,7797.0,617.0,1.0
3483,310,mammography,Supervised Classification,2.0,7.0,11183.0,6.0,1.0
3512,377,synthetic_control,Supervised Classification,6.0,61.0,600.0,60.0,1.0
3549,458,analcatdata_authorship,Supervised Classification,4.0,71.0,841.0,70.0,1.0
3560,469,analcatdata_dmft,Supervised Classification,6.0,5.0,797.0,0.0,5.0
3573,554,mnist_784,Supervised Classification,10.0,785.0,70000.0,784.0,1.0
3581,715,fri_c3_1000_25,Supervised Classification,2.0,26.0,1000.0,25.0,1.0
3583,717,rmftsa_ladata,Supervised Classification,2.0,11.0,508.0,10.0,1.0
3591,725,bank8FM,Supervised Classification,2.0,9.0,8192.0,8.0,1.0
3593,727,2dplanes,Supervised Classification,2.0,11.0,40768.0,10.0,1.0
3600,734,ailerons,Supervised Classification,2.0,41.0,13750.0,40.0,1.0
3601,735,cpu_small,Supervised Classification,2.0,13.0,8192.0,12.0,1.0
3606,740,fri_c3_1000_10,Supervised Classification,2.0,11.0,1000.0,10.0,1.0
3608,742,fri_c4_500_100,Supervised Classification,2.0,101.0,500.0,100.0,1.0
3616,750,pm10,Supervised Classification,2.0,8.0,500.0,7.0,1.0
3618,752,puma32H,Supervised Classification,2.0,33.0,8192.0,32.0,1.0
3623,757,meta,Supervised Classification,2.0,22.0,528.0,19.0,3.0
3627,761,cpu_act,Supervised Classification,2.0,22.0,8192.0,21.0,1.0
3664,799,fri_c0_1000_5,Supervised Classification,2.0,6.0,1000.0,5.0,1.0
3667,802,pbcseq,Supervised Classification,2.0,19.0,1945.0,12.0,7.0
3668,803,delta_ailerons,Supervised Classification,2.0,6.0,7129.0,5.0,1.0
3672,807,kin8nm,Supervised Classification,2.0,9.0,8192.0,8.0,1.0
3681,816,puma8NH,Supervised Classification,2.0,9.0,8192.0,8.0,1.0
3684,819,delta_elevators,Supervised Classification,2.0,7.0,9517.0,6.0,1.0
3688,823,houses,Supervised Classification,2.0,9.0,20640.0,8.0,1.0
3690,825,boston_corrected,Supervised Classification,2.0,21.0,506.0,17.0,4.0
3698,833,bank32nh,Supervised Classification,2.0,33.0,8192.0,32.0,1.0
3702,837,fri_c1_1000_50,Supervised Classification,2.0,51.0,1000.0,50.0,1.0
3704,839,kdd_el_nino-small,Supervised Classification,2.0,9.0,782.0,6.0,3.0
3712,847,wind,Supervised Classification,2.0,15.0,6574.0,14.0,1.0
3735,871,pollen,Supervised Classification,2.0,6.0,3848.0,5.0,1.0
3747,884,fri_c0_500_5,Supervised Classification,2.0,6.0,500.0,5.0,1.0
3749,886,no2,Supervised Classification,2.0,8.0,500.0,7.0,1.0
3764,901,fried,Supervised Classification,2.0,11.0,40768.0,10.0,1.0
3766,903,fri_c2_1000_25,Supervised Classification,2.0,26.0,1000.0,25.0,1.0
3783,920,fri_c2_500_50,Supervised Classification,2.0,51.0,500.0,50.0,1.0
3786,923,visualizing_soil,Supervised Classification,2.0,5.0,8641.0,3.0,2.0
3793,930,colleges_usnews,Supervised Classification,2.0,34.0,1302.0,32.0,2.0
3799,936,fri_c3_500_10,Supervised Classification,2.0,11.0,500.0,10.0,1.0
3800,937,fri_c3_500_50,Supervised Classification,2.0,51.0,500.0,50.0,1.0
3812,949,arsenic-female-bladder,Supervised Classification,2.0,5.0,559.0,3.0,2.0
3844,981,kdd_internet_usage,Supervised Classification,2.0,69.0,10108.0,0.0,69.0
3892,1039,hiva_agnostic,Supervised Classification,2.0,1618.0,4229.0,1617.0,1.0
3897,1044,eye_movements,Supervised Classification,3.0,28.0,10936.0,24.0,4.0
3899,1046,mozilla4,Supervised Classification,2.0,6.0,15545.0,5.0,1.0
3903,1050,pc3,Supervised Classification,2.0,38.0,1563.0,37.0,1.0
3904,1053,jm1,Supervised Classification,2.0,22.0,10885.0,21.0,1.0
3907,1056,mc1,Supervised Classification,2.0,39.0,9466.0,38.0,1.0
3913,1063,kc2,Supervised Classification,2.0,22.0,522.0,21.0,1.0
3918,1068,pc1,Supervised Classification,2.0,22.0,1109.0,21.0,1.0
3919,1069,pc2,Supervised Classification,2.0,37.0,5589.0,36.0,1.0
3945,1111,KDDCup09_appetency,Supervised Classification,2.0,231.0,50000.0,192.0,39.0
3954,1120,MagicTelescope,Supervised Classification,2.0,12.0,19020.0,11.0,1.0
3962,1128,OVA_Breast,Supervised Classification,2.0,10936.0,1545.0,10935.0,1.0
3964,1130,OVA_Lung,Supervised Classification,2.0,10936.0,1545.0,10935.0,1.0
3968,1134,OVA_Kidney,Supervised Classification,2.0,10936.0,1545.0,10935.0,1.0
3976,1142,OVA_Endometrium,Supervised Classification,2.0,10936.0,1545.0,10935.0,1.0
3980,1146,OVA_Prostate,Supervised Classification,2.0,10937.0,1545.0,10936.0,1.0
3995,1161,OVA_Colon,Supervised Classification,2.0,10936.0,1545.0,10935.0,1.0
4000,1166,OVA_Ovary,Supervised Classification,2.0,10936.0,1545.0,10935.0,1.0
7307,1233,eating,Supervised Classification,7.0,6374.0,945.0,6373.0,1.0
7593,1596,covertype,Supervised Classification,7.0,55.0,581012.0,10.0,45.0
9904,1549,autoUniv-au6-750,Supervised Classification,8.0,41.0,750.0,37.0,4.0
9905,1553,autoUniv-au7-700,Supervised Classification,3.0,13.0,700.0,8.0,5.0
9906,1552,autoUniv-au7-1100,Supervised Classification,5.0,13.0,1100.0,8.0,5.0
9909,1547,autoUniv-au1-1000,Supervised Classification,2.0,21.0,1000.0,20.0,1.0
9915,1542,volcanoes-e1,Supervised Classification,5.0,4.0,1183.0,3.0,1.0
9920,1538,volcanoes-d1,Supervised Classification,5.0,4.0,8753.0,3.0,1.0
9923,1541,volcanoes-d4,Supervised Classification,5.0,4.0,8654.0,3.0,1.0
9924,1528,volcanoes-a2,Supervised Classification,5.0,4.0,1623.0,3.0,1.0
9925,1529,volcanoes-a3,Supervised Classification,5.0,4.0,1521.0,3.0,1.0
9926,1530,volcanoes-a4,Supervised Classification,5.0,4.0,1515.0,3.0,1.0
9927,1531,volcanoes-b1,Supervised Classification,5.0,4.0,10176.0,3.0,1.0
9928,1532,volcanoes-b2,Supervised Classification,5.0,4.0,10668.0,3.0,1.0
9931,1535,volcanoes-b5,Supervised Classification,5.0,4.0,9989.0,3.0,1.0
9932,1536,volcanoes-b6,Supervised Classification,5.0,4.0,10130.0,3.0,1.0
9943,1507,twonorm,Supervised Classification,2.0,21.0,7400.0,20.0,1.0
9945,1509,walking-activity,Supervised Classification,22.0,5.0,149332.0,4.0,1.0
9954,1491,one-hundred-plants-margin,Supervised Classification,100.0,65.0,1600.0,64.0,1.0
9959,1496,ringnorm,Supervised Classification,2.0,21.0,7400.0,20.0,1.0
9960,1497,wall-robot-navigation,Supervised Classification,4.0,25.0,5456.0,24.0,1.0
9964,1501,semeion,Supervised Classification,10.0,257.0,1593.0,256.0,1.0
9966,1503,spoken-arabic-digit,Supervised Classification,10.0,15.0,263256.0,14.0,1.0
9970,1479,hill-valley,Supervised Classification,2.0,101.0,1212.0,100.0,1.0
9971,1480,ilpd,Supervised Classification,2.0,11.0,583.0,9.0,2.0
9972,1481,kr-vs-k,Supervised Classification,18.0,7.0,28056.0,3.0,4.0
9974,1483,ldpa,Supervised Classification,11.0,8.0,164860.0,5.0,3.0
9976,1485,madelon,Supervised Classification,2.0,501.0,2600.0,500.0,1.0
9979,1466,cardiotocography,Supervised Classification,10.0,36.0,2126.0,35.0,1.0
9983,1471,eeg-eye-state,Supervised Classification,2.0,15.0,14980.0,14.0,1.0
14954,6332,cylinder-bands,Supervised Classification,2.0,40.0,540.0,18.0,22.0
14963,1459,artificial-characters,Supervised Classification,10.0,8.0,10218.0,7.0,1.0
14970,1478,har,Supervised Classification,6.0,562.0,10299.0,561.0,1.0
125920,23381,dresses-sales,Supervised Classification,2.0,13.0,500.0,1.0,12.0
125921,40496,LED-display-domain-7digit,Supervised Classification,10.0,8.0,500.0,7.0,1.0
125922,40499,texture,Supervised Classification,11.0,41.0,5500.0,40.0,1.0
125968,40536,SpeedDating,Supervised Classification,2.0,121.0,8378.0,59.0,62.0
146800,40966,MiceProtein,Supervised Classification,8.0,82.0,1080.0,77.0,5.0
146802,40971,collins,Supervised Classification,30.0,24.0,1000.0,20.0,4.0
146818,40981,Australian,Supervised Classification,2.0,15.0,690.0,6.0,9.0
146819,40994,climate-model-simulation-crashes,Supervised Classification,2.0,21.0,540.0,20.0,1.0
146820,40983,wilt,Supervised Classification,2.0,6.0,4839.0,5.0,1.0
146823,40985,tamilnadu-electricity,Supervised Classification,20.0,4.0,45781.0,2.0,2.0
167120,23517,numerai28.6,Supervised Classification,2.0,22.0,96320.0,21.0,1.0
167121,40923,Devnagari-Script,Supervised Classification,46.0,1025.0,92000.0,1024.0,1.0
167124,40927,CIFAR_10,Supervised Classification,10.0,3073.0,60000.0,3072.0,1.0
167210,41021,Moneyball,Supervised Regression,0.0,15.0,1232.0,9.0,6.0
168300,41084,UMIST_Faces_Cropped,Supervised Classification,20.0,10305.0,575.0,10304.0,1.0
168350,1489,phoneme,Supervised Classification,2.0,6.0,5404.0,5.0,1.0
168757,31,credit-g,Supervised Classification,2.0,21.0,1000.0,7.0,14.0
168784,40982,steel-plates-fault,Supervised Classification,7.0,28.0,1941.0,27.0,1.0
168868,41138,APSFailure,Supervised Classification,2.0,171.0,76000.0,170.0,1.0
168909,41163,dilbert,Supervised Classification,5.0,2001.0,10000.0,2000.0,1.0
168910,41164,fabert,Supervised Classification,7.0,801.0,8237.0,800.0,1.0
168911,41143,jasmine,Supervised Classification,2.0,145.0,2984.0,8.0,137.0
189354,1169,airlines,Supervised Classification,2.0,8.0,539383.0,3.0,5.0
189355,41167,dionis,Supervised Classification,355.0,61.0,416188.0,60.0,1.0
189356,41147,albert,Supervised Classification,2.0,79.0,425240.0,26.0,53.0
189773,41671,microaggregation2,Supervised Classification,5.0,21.0,20000.0,20.0,1.0
189922,41158,gina,Supervised Classification,2.0,971.0,3153.0,970.0,1.0
190137,1487,ozone-level-8hr,Supervised Classification,2.0,73.0,2534.0,72.0,1.0
190146,54,vehicle,Supervised Classification,4.0,19.0,846.0,18.0,1.0
190392,41144,madeline,Supervised Classification,2.0,260.0,3140.0,259.0,1.0
190410,41145,philippine,Supervised Classification,2.0,309.0,5832.0,308.0,1.0
190411,41156,ada,Supervised Classification,2.0,49.0,4147.0,48.0,1.0
190412,41157,arcene,Supervised Classification,2.0,10001.0,100.0,10000.0,1.0
211978,41991,Kuzushiji-49,Supervised Classification,49.0,785.0,270912.0,784.0,1.0
211979,41168,jannis,Supervised Classification,4.0,55.0,83733.0,54.0,1.0
211980,41989,GTSRB-HOG03,Supervised Classification,43.0,2917.0,51839.0,2916.0,1.0
211986,4541,Diabetes130US,Supervised Classification,3.0,50.0,101766.0,13.0,37.0
233211,42225,diamonds,Supervised Regression,0.0,10.0,53940.0,7.0,3.0
233212,42571,Allstate_Claims_Severity,Supervised Regression,0.0,131.0,188318.0,15.0,116.0
233213,4549,Buzzinsocialmedia_Twitter,Supervised Regression,0.0,78.0,583250.0,78.0,0.0
233214,42572,Santander_transaction_value,Supervised Regression,0.0,4992.0,4459.0,4992.0,0.0
233215,42570,Mercedes_Benz_Greener_Manufacturing,Supervised Regression,0.0,377.0,4209.0,369.0,8.0
317614,42705,Yolanda,Supervised Regression,0.0,101.0,400000.0,101.0,0.0
359929,42728,Airlines_DepDelay_10M,Supervised Regression,0.0,10.0,10000000.0,7.0,3.0
359930,550,quake,Supervised Regression,0.0,4.0,2178.0,4.0,0.0
359931,546,sensory,Supervised Regression,0.0,12.0,576.0,1.0,11.0
359932,541,socmob,Supervised Regression,0.0,6.0,1156.0,2.0,4.0
359933,507,space_ga,Supervised Regression,0.0,7.0,3107.0,7.0,0.0
359934,505,tecator,Supervised Regression,0.0,125.0,240.0,125.0,0.0
359935,287,wine_quality,Supervised Regression,0.0,12.0,6497.0,12.0,0.0
359936,216,elevators,Supervised Regression,0.0,19.0,16599.0,19.0,0.0
359937,41540,black_friday,Supervised Regression,0.0,10.0,166821.0,6.0,4.0
359938,42688,Brazilian_houses,Supervised Regression,0.0,13.0,10692.0,9.0,4.0
359939,422,topo_2_1,Supervised Regression,0.0,267.0,8885.0,267.0,0.0
359940,416,yprop_4_1,Supervised Regression,0.0,252.0,8885.0,252.0,0.0
359941,42724,OnlineNewsPopularity,Supervised Regression,0.0,60.0,39644.0,60.0,0.0
359942,42727,colleges,Supervised Regression,0.0,45.0,7063.0,33.0,12.0
359943,42729,nyc-taxi-green-dec-2016,Supervised Regression,0.0,19.0,581835.0,10.0,9.0
359944,42726,abalone,Supervised Regression,0.0,9.0,4177.0,8.0,1.0
359945,42730,us_crime,Supervised Regression,0.0,127.0,1994.0,127.0,0.0
359946,201,pol,Supervised Regression,0.0,49.0,15000.0,49.0,0.0
359948,41980,SAT11-HAND-runtime-regression,Supervised Regression,0.0,117.0,4440.0,116.0,1.0
359949,42731,house_sales,Supervised Regression,0.0,22.0,21613.0,21.0,1.0
359950,531,boston,Supervised Regression,0.0,14.0,506.0,12.0,2.0
359951,42563,house_prices_nominal,Supervised Regression,0.0,80.0,1460.0,37.0,43.0
359952,574,house_16H,Supervised Regression,0.0,17.0,22784.0,17.0,0.0
359953,1515,micro-mass,Supervised Classification,20.0,1301.0,571.0,1300.0,1.0
359954,188,eucalyptus,Supervised Classification,5.0,20.0,736.0,14.0,6.0
359955,1464,blood-transfusion-service-center,Supervised Classification,2.0,5.0,748.0,4.0,1.0
359956,1494,qsar-biodeg,Supervised Classification,2.0,42.0,1055.0,41.0,1.0
359957,1468,cnae-9,Supervised Classification,9.0,857.0,1080.0,856.0,1.0
359958,1049,pc4,Supervised Classification,2.0,38.0,1458.0,37.0,1.0
359959,23,cmc,Supervised Classification,3.0,10.0,1473.0,2.0,8.0
359960,40975,car,Supervised Classification,4.0,7.0,1728.0,0.0,7.0
359961,12,mfeat-factors,Supervised Classification,10.0,217.0,2000.0,216.0,1.0
359962,1067,kc1,Supervised Classification,2.0,22.0,2109.0,21.0,1.0
359963,40984,segment,Supervised Classification,7.0,20.0,2310.0,19.0,1.0
359964,40670,dna,Supervised Classification,3.0,181.0,3186.0,0.0,181.0
359966,40978,Internet-Advertisements,Supervised Classification,2.0,1559.0,3279.0,3.0,1556.0
359967,4134,Bioresponse,Supervised Classification,2.0,1777.0,3751.0,1776.0,1.0
359968,40701,churn,Supervised Classification,2.0,21.0,5000.0,16.0,5.0
359969,1475,first-order-theorem-proving,Supervised Classification,6.0,52.0,6118.0,51.0,1.0
359970,4538,GesturePhaseSegmentationProcessed,Supervised Classification,5.0,33.0,9873.0,32.0,1.0
359971,4534,PhishingWebsites,Supervised Classification,2.0,31.0,11055.0,0.0,31.0
359972,41146,sylvine,Supervised Classification,2.0,21.0,5124.0,20.0,1.0
359973,41142,christine,Supervised Classification,2.0,1637.0,5418.0,1599.0,38.0
359974,40498,wine-quality-white,Supervised Classification,7.0,12.0,4898.0,11.0,1.0
359975,40900,Satellite,Supervised Classification,2.0,37.0,5100.0,36.0,1.0
359976,40996,Fashion-MNIST,Supervised Classification,10.0,785.0,70000.0,784.0,1.0
359977,40668,connect-4,Supervised Classification,3.0,43.0,67557.0,0.0,43.0
359979,4135,Amazon_employee_access,Supervised Classification,2.0,10.0,32769.0,0.0,10.0
359980,1486,nomao,Supervised Classification,2.0,119.0,34465.0,89.0,30.0
359981,41027,jungle_chess_2pcs_raw_endgame_complete,Supervised Classification,3.0,7.0,44819.0,6.0,1.0
359982,1461,bank-marketing,Supervised Classification,2.0,17.0,45211.0,7.0,10.0
359983,1590,adult,Supervised Classification,2.0,15.0,48842.0,6.0,9.0
359984,41169,helena,Supervised Classification,100.0,28.0,65196.0,27.0,1.0
359985,41166,volkert,Supervised Classification,10.0,181.0,58310.0,180.0,1.0
359986,41165,robert,Supervised Classification,10.0,7201.0,10000.0,7200.0,1.0
359987,40685,shuttle,Supervised Classification,7.0,10.0,58000.0,9.0,1.0
359988,41159,guillermo,Supervised Classification,2.0,4297.0,20000.0,4296.0,1.0
359989,41161,riccardo,Supervised Classification,2.0,4297.0,20000.0,4296.0,1.0
359990,41150,MiniBooNE,Supervised Classification,2.0,51.0,130064.0,50.0,1.0
359991,41162,kick,Supervised Classification,2.0,33.0,72983.0,14.0,19.0
359992,42733,Click_prediction_small,Supervised Classification,2.0,12.0,39948.0,5.0,7.0
359993,42734,okcupid-stem,Supervised Classification,3.0,20.0,50789.0,2.0,18.0
359994,42732,sf-police-incidents,Supervised Classification,2.0,9.0,2215023.0,3.0,6.0
360112,42746,KDDCup99,Supervised Classification,23.0,42.0,4898431.0,32.0,10.0
360113,42742,porto-seguro,Supervised Classification,2.0,58.0,595212.0,26.0,32.0
360114,42769,Higgs,Supervised Classification,2.0,29.0,1000000.0,28.0,1.0
360859,41972,Indian_pines,Supervised Classification,8.0,221.0,9144.0,220.0,1.0
360932,3050,QSAR-TID-11,Supervised Regression,0.0,1026.0,5742.0,1025.0,1.0
360933,3277,QSAR-TID-10980,Supervised Regression,0.0,1026.0,5766.0,1025.0,1.0
360945,43071,MIP-2016-regression,Supervised Regression,0.0,145.0,1090.0,144.0,1.0
360975,43072,KDDCup09-Upselling,Supervised Classification,2.0,14892.0,50000.0,14702.0,190.0
361324,41990,GTSRB-HueHist,Supervised Classification,43.0,257.0,51839.0,256.0,1.0
361325,41988,GTSRB-HOG02,Supervised Classification,43.0,1569.0,51839.0,1568.0,1.0
361326,41986,GTSRB-HOG01,Supervised Classification,43.0,1569.0,51839.0,1568.0,1.0
361327,41982,Kuzushiji-MNIST,Supervised Classification,10.0,785.0,70000.0,784.0,1.0
361330,42345,Traffic_violations,Supervised Classification,3.0,21.0,70340.0,1.0,20.0
361331,40645,GAMETES_Epistasis_2-Way_1000atts_0.4H_EDM-1_EDM-1_1,Supervised Classification,2.0,1001.0,1600.0,0.0,1001.0
361332,40646,GAMETES_Epistasis_2-Way_20atts_0.1H_EDM-1_1,Supervised Classification,2.0,21.0,1600.0,0.0,21.0
361333,40647,GAMETES_Epistasis_2-Way_20atts_0.4H_EDM-1_1,Supervised Classification,2.0,21.0,1600.0,0.0,21.0
361334,40648,GAMETES_Epistasis_3-Way_20atts_0.2H_EDM-1_1,Supervised Classification,2.0,21.0,1600.0,0.0,21.0
361335,40649,GAMETES_Heterogeneity_20atts_1600_Het_0.4_0.2_50_EDM-2_001,Supervised Classification,2.0,21.0,1600.0,0.0,21.0
361336,40650,GAMETES_Heterogeneity_20atts_1600_Het_0.4_0.2_75_EDM-2_001,Supervised Classification,2.0,21.0,1600.0,0.0,21.0
361339,40704,Titanic,Supervised Classification,2.0,4.0,2201.0,3.0,1.0
361340,40705,tokyo1,Supervised Classification,2.0,45.0,959.0,42.0,3.0
361341,40706,parity5_plus_5,Supervised Classification,2.0,11.0,1124.0,0.0,11.0
361342,40922,Run_or_walk_information,Supervised Classification,2.0,7.0,88588.0,6.0,1.0
361343,40672,fars,Supervised Classification,8.0,30.0,100968.0,14.0,16.0
361344,40677,led24,Supervised Classification,10.0,25.0,3200.0,0.0,25.0
361345,40691,wine-quality-red,Supervised Classification,6.0,12.0,1599.0,11.0,1.0
