algorithm_a,algorithm_b,n_common_total,n_cc18_common,n_outside_common,delta_cc18,delta_outside,median_delta_cc18,median_delta_outside,interaction_outside_minus_cc18,interaction_ci_lo,interaction_ci_hi,bootstrap_p_two_sided,permutation_p_two_sided,mw_p_two_sided,sign_reversal,cc18_winner,outside_winner,permutation_q_bh,bootstrap_q_bh,abs_interaction
DecisionTree,TabNet,104,46,58,-0.025718596224087797,0.06193870611852191,-0.012848751920001511,0.02514492753623193,0.08765730234260971,0.05650185515989972,0.11999100284869317,0.0,9.999000099990002e-05,6.444506462455734e-07,True,TabNet,DecisionTree,0.0038246175382461757,0.0,0.08765730234260971
SAINT,TabNet,104,46,58,-0.003577301645976444,0.07666622501774238,0.0030810528351725153,0.0303846153846154,0.08024352666371883,0.0466871530241148,0.11842228019201013,0.0,0.00019998000199980003,8.960812727077787e-05,True,TabNet,SAINT,0.005099490050994901,0.0,0.08024352666371883
LinearModel,TabNet,104,46,58,-0.05164658382954226,0.021053304123906588,-0.011436262332814084,0.027500000000000052,0.07269988795344884,0.01729454730415465,0.1244463219868475,0.0132,0.014698530146985302,0.00010971069168841167,True,TabNet,LinearModel,0.07027734726527347,0.056100000000000004,0.07269988795344884
STG,TabNet,104,46,58,-0.029904022592654643,0.037690020419685645,-0.0025179982509663246,0.014222222222222247,0.06759404301234029,0.027416671566269545,0.10758877234995778,0.0004,0.0017998200179982,0.0013260859918591934,True,TabNet,STG,0.019669461625266043,0.00408,0.06759404301234029
MLP,TabNet,104,46,58,-0.0402351014239895,0.02355947676935911,-0.0059407777821298136,0.012450848723848967,0.0637945781933486,0.018503382371823147,0.10894591985615042,0.0052,0.0093990600939906,9.985093049734392e-05,True,TabNet,MLP,0.05117074499446607,0.029466666666666665,0.0637945781933486
MLP-rtdl,TabNet,104,46,58,-0.028912865973496207,0.03352025365994212,-0.0006838855207889072,0.015053627032637518,0.062433119633438325,0.014524854853089308,0.11431063483158754,0.0112,0.017798220177982202,0.002606785534170921,True,TabNet,MLP-rtdl,0.08009199080091992,0.0504,0.062433119633438325
DecisionTree,NODE,104,46,58,-0.03459841243645347,0.0063674165933798686,-0.01886274410756128,-0.00039215686274507444,0.04096582902983334,0.015891570029731374,0.06717363448276183,0.0004,0.0021997800219978004,0.0029637580638648994,True,NODE,DecisionTree,0.021597840215978405,0.00408,0.04096582902983334
DecisionTree,SVM,104,46,58,-0.032282308022088924,0.008010416128251903,-0.011985358539855273,-0.0036862745098039107,0.040292724150340825,0.0073702866568336805,0.07564308737173825,0.0168,0.0225977402259774,0.060773596009926024,True,SVM,DecisionTree,0.08865267319421904,0.06947027027027027,0.040292724150340825
DANet,DecisionTree,104,46,58,0.037519579037807144,-0.00199711813037232,0.015629611694812418,-0.0008411562412862783,-0.03951669716817947,-0.06472080986541444,-0.015797877774541332,0.0012,0.0023997600239976003,0.002551085402968587,True,DANet,DecisionTree,0.021597840215978405,0.010199999999999999,0.03951669716817947
KNN,LinearModel,104,46,58,0.010481059632580092,-0.02463578182271818,0.002625236701669864,-0.01055555555555554,-0.035116841455298274,-0.07168139301191886,-0.0013556197760361513,0.0424,0.06979302069793021,0.023134404101268408,True,KNN,LinearModel,0.20535254166891004,0.12719999999999998,0.035116841455298274
NODE,SAINT,104,46,58,0.012457117858342125,-0.021094935492600327,0.0,-0.003087470858024244,-0.033552053350942454,-0.05939830489053647,-0.011127206601190874,0.0012,0.007599240075992401,0.07030580544193886,True,NODE,SAINT,0.044718605062570665,0.010199999999999999,0.033552053350942454
SAINT,SVM,104,46,58,-0.010141013443977578,0.02273793502747237,-0.0005050505050505083,0.014252647682692576,0.03287894847144995,0.0017960235020149638,0.06777337779791144,0.036,0.06819318068193181,0.03986893198604388,True,SVM,SAINT,0.20535254166891004,0.11719148936170212,0.03287894847144995
DANet,SAINT,104,46,58,0.015378284459695801,-0.01672463702959278,0.0003787829865336545,-0.008896614526961055,-0.03210292148928858,-0.060943487320200454,-0.007371745984859511,0.0064,0.0163983601639836,0.006803418398028114,True,DANet,SAINT,0.07602876076028761,0.033765517241379314,0.03210292148928858
LightGBM,SAINT,104,46,58,0.01693167889390242,-0.008844912515305111,0.0031734132933533554,-0.004174158215958512,-0.02577659140920753,-0.05089713852694179,-0.0033094141930637175,0.0212,0.034096590340965904,0.04997268073073243,True,LightGBM,SAINT,0.12947729617282175,0.08109,0.02577659140920753
NODE,ResNet,104,46,58,0.0026214331672067283,-0.01805975324364775,0.0,-0.0020366826660760395,-0.020681186410854476,-0.04083721086667397,-0.0023771685410792576,0.0296,0.0655934406559344,0.08810174482655762,True,NODE,ResNet,0.2048121718440401,0.10292727272727274,0.020681186410854476
ResNet,SVM,104,46,58,-0.00030532875284218074,0.01970275277851978,0.0,0.010648626691933782,0.020008081531361962,0.00012482687288682052,0.04400371558562332,0.048,0.09349065093490651,0.01299393156215448,True,SVM,ResNet,0.25094858935159114,0.14123076923076924,0.020008081531361962
DANet,ResNet,104,46,58,0.005542599768560403,-0.013689454780640199,-0.000602664134284836,-0.008034383679992096,-0.0192320545492006,-0.0382656002122268,-0.0021523110109952248,0.024,0.0448955104489551,0.003548221538462441,True,DANet,ResNet,0.155024497550245,0.08956097560975611,0.0192320545492006
FTTransformer,NODE,104,46,58,-0.006435249994871034,0.010695751774636185,-0.0018543956043955978,0.0,0.017131001769507218,-0.004034157883770007,0.03961857295516327,0.1108,0.17048295170482952,0.15827955411656747,True,NODE,FTTransformer,0.3780274146498394,0.2592,0.017131001769507218
NODE,RandomForest,104,46,58,0.0011531271802014034,-0.015650843531186953,0.002623066104078725,-0.0040336651677890245,-0.016803970711388356,-0.035860741926907753,0.001872437060721746,0.0776,0.1050894910508949,0.040181219612689056,True,NODE,RandomForest,0.2735573900237095,0.1989,0.016803970711388356
RandomForest,SAINT,104,46,58,0.01130399067814072,-0.005444091961413375,0.002300218895562922,-0.000550949937450973,-0.016748082639554095,-0.04435709230787006,0.007419120826556921,0.1924,0.22467753224677534,0.5668621874461779,True,RandomForest,SAINT,0.43513496751590663,0.37262278481012656,0.016748082639554095
FTTransformer,SVM,104,46,58,-0.004119145580506486,0.01233875130950822,0.0,0.009903358969597653,0.016457896890014707,-0.008014845343080218,0.04291286000073326,0.1868,0.25917408259174085,0.11852266230804133,True,SVM,FTTransformer,0.48328420170031194,0.3664153846153846,0.016457896890014707
FTTransformer,SAINT,104,46,58,0.006021867863471092,-0.010399183717964144,0.00046875000000001776,-0.002527609943723641,-0.016421051581435236,-0.04261659992356636,0.008479851270349175,0.186,0.21057894210578942,0.1169413368854021,True,FTTransformer,SAINT,0.4223967213668244,0.3664153846153846,0.016421051581435236
DANet,FTTransformer,104,46,58,0.009356416596224708,-0.006325453311628637,7.492613032511475e-06,-0.005935587401104614,-0.015681869907853346,-0.03922245140195623,0.006532924219280099,0.1628,0.18888111188881113,0.02179120580746002,True,DANet,FTTransformer,0.3958741112190151,0.3374270270270271,0.015681869907853346
DANet,RandomForest,104,46,58,0.004074293781555078,-0.011280545068179406,0.0051999995541607835,-0.007647314342368261,-0.015354838849734483,-0.033244796578689555,0.0024220834264823137,0.0912,0.1192880711928807,0.012762284264061417,True,DANet,RandomForest,0.2935393960603939,0.22148571428571429,0.015354838849734483
LightGBM,ResNet,104,46,58,0.007095994202767022,-0.005809730266352529,-6.431629240150061e-05,-0.003111694065984938,-0.012905724469119553,-0.03554571030965599,0.008358684110404857,0.244,0.275972402759724,0.34763153478528186,True,LightGBM,ResNet,0.5026640193123545,0.4497831325301205,0.012905724469119553
ResNet,SAINT,104,46,58,0.009835684691135396,-0.003035182248952581,-0.000257229623824462,-0.002604886683216623,-0.012870866940087978,-0.03938610773040494,0.010593128596011922,0.3328,0.3271672832716728,0.41138331664349537,True,ResNet,SAINT,0.5688249356882493,0.5534608695652173,0.012870866940087978
LightGBM,RandomForest,104,46,58,0.005627688215761699,-0.003400820553891736,0.0034087026683951582,-0.00365081110908122,-0.009028508769653436,-0.023849952601628404,0.008933349175849741,0.288,0.37576242375762425,0.012645003843581446,True,LightGBM,RandomForest,0.6181897939238334,0.5064827586206897,0.009028508769653436
MLP-rtdl,STG,104,46,58,0.0009911566191584495,-0.004169766759743521,0.0012353761935273155,0.0014216835858361643,-0.00516092337890197,-0.04591080080283637,0.03876155122245321,0.8112,0.8162183781621838,0.9295831135281587,True,MLP-rtdl,STG,0.9290445955404459,0.9331849624060151,0.00516092337890197
RandomForest,ResNet,104,46,58,0.0014683059870053247,-0.002408909712460794,-0.003452803292744555,-0.0003182674242643291,-0.0038772156994661185,-0.029375982550446735,0.020934635146929368,0.7732,0.7827217278272173,0.5106884871542715,True,RandomForest,ResNet,0.9290445955404459,0.9189272727272726,0.0038772156994661185
