task_id,dataset_name,algorithms,in_cc18
3,openml__kr-vs-kp__3,18,True
4,openml__labor__4,18,False
5,openml__arrhythmia__5,18,False
7,openml__audiology__7,18,False
9,openml__autos__9,18,False
10,openml__lymph__10,18,False
11,openml__balance-scale__11,18,True
12,openml__mfeat-factors__12,18,True
14,openml__mfeat-fourier__14,18,True
15,openml__breast-w__15,18,True
16,openml__mfeat-karhunen__16,18,True
18,openml__mfeat-morphological__18,18,True
22,openml__mfeat-zernike__22,18,True
23,openml__cmc__23,18,True
24,openml__mushroom__24,18,False
25,openml__colic__25,18,False
27,openml__colic__27,18,False
29,openml__credit-approval__29,18,True
30,openml__page-blocks__30,18,False
35,openml__dermatology__35,18,False
37,openml__diabetes__37,18,True
39,openml__sonar__39,18,False
40,openml__glass__40,18,False
43,openml__spambase__43,18,True
45,openml__splice__45,18,True
47,openml__tae__47,18,False
48,openml__heart-c__48,18,False
49,openml__tic-tac-toe__49,18,True
50,openml__heart-h__50,18,False
53,openml__vehicle__53,18,True
59,openml__iris__59,18,False
2074,openml__satimage__2074,18,True
2079,openml__eucalyptus__2079,18,True
2867,openml__anneal__2867,18,False
3021,openml__sick__3021,18,True
3022,openml__vowel__3022,18,True
3485,openml__scene__3485,18,False
3512,openml__synthetic_control__3512,18,False
3540,openml__analcatdata_boxing1__3540,18,False
3543,openml__irish__3543,18,False
3549,openml__analcatdata_authorship__3549,18,True
3560,openml__analcatdata_dmft__3560,18,True
3561,openml__profb__3561,18,False
3567,openml__collins__3567,18,False
3602,openml__visualizing_environmental__3602,18,False
3620,openml__fri_c0_100_5__3620,18,False
3647,openml__rabe_266__3647,18,False
3711,openml__elevators__3711,18,False
3731,openml__visualizing_livestock__3731,18,False
3739,openml__analcatdata_chlamydia__3739,18,False
3748,openml__transplant__3748,18,False
3779,openml__fri_c3_100_5__3779,18,False
3797,openml__socmob__3797,18,False
3896,openml__ada_agnostic__3896,18,False
3902,openml__pc4__3902,18,True
3903,openml__pc3__3903,18,True
3904,openml__jm1__3904,18,True
3913,openml__kc2__3913,18,True
3917,openml__kc1__3917,18,True
3918,openml__pc1__3918,18,True
3950,openml__musk__3950,18,False
3953,openml__adult-census__3953,18,False
9946,openml__wdbc__9946,18,True
9952,openml__phoneme__9952,18,True
9957,openml__qsar-biodeg__9957,18,True
9960,openml__wall-robot-navigation__9960,18,True
9964,openml__semeion__9964,18,True
9971,openml__ilpd__9971,18,True
9978,openml__ozone-level-8hr__9978,18,True
9979,openml__cardiotocography__9979,18,False
9984,openml__fertility__9984,18,False
10089,openml__acute-inflammations__10089,18,False
10093,openml__banknote-authentication__10093,18,True
10101,openml__blood-transfusion-service-center__10101,18,True
14952,openml__PhishingWebsites__14952,18,True
14954,openml__cylinder-bands__14954,18,True
14965,openml__bank-marketing__14965,18,True
14967,openml__cjs__14967,18,False
125920,openml__dresses-sales__125920,18,True
125921,openml__LED-display-domain-7digit__125921,18,False
145793,openml__yeast__145793,18,False
145799,openml__breast-cancer__145799,18,False
145836,openml__blood-transfusion-service-center__145836,18,False
145847,openml__hill-valley__145847,18,False
145977,openml__ecoli__145977,18,False
145984,openml__ionosphere__145984,18,False
146024,openml__lung-cancer__146024,18,False
146032,openml__primary-tumor__146032,18,False
146063,openml__hayes-roth__146063,18,False
146065,openml__monks-problems-2__146065,18,False
146192,openml__car-evaluation__146192,18,False
146210,openml__postoperative-patient-data__146210,18,False
146607,openml__SpeedDating__146607,18,False
146800,openml__MiceProtein__146800,18,True
146817,openml__steel-plates-fault__146817,18,True
146818,openml__Australian__146818,18,False
146820,openml__wilt__146820,18,True
146821,openml__car__146821,18,True
167140,openml__dna__167140,18,True
167141,openml__churn__167141,18,True
167211,openml__Satellite__167211,18,False
168911,openml__jasmine__168911,18,False
190408,openml__Click_prediction_small__190408,18,False
360948,openml__libras__360948,18,False
