source_list,source_line,dataset_name,task_id,base_name
A,5,openml__letter__6,6,openml__letter
A,14,openml__optdigits__28,28,openml__optdigits
A,16,openml__credit-g__31,31,openml__credit-g
A,17,openml__pendigits__32,32,openml__pendigits
A,105,openml__soybean__41,41,openml__soybean
A,107,openml__haberman__42,42,openml__haberman
B,32,openml__hepatitis__54,54,openml__hepatitis
A,23,openml__electricity__219,219,openml__electricity
B,61,openml__solar-flare__2068,2068,openml__solar-flare
B,38,openml__kropt__2076,2076,openml__kropt
A,27,openml__isolet__3481,3481,openml__isolet
B,37,openml__JapaneseVowels__3510,3510,openml__JapaneseVowels
B,23,openml__fl2000__3566,3566,openml__fl2000
A,30,openml__mnist_784__3573,3573,openml__mnist_784
A,103,openml__house_16H__3686,3686,openml__house_16H
B,54,openml__pollen__3735,3735,openml__pollen
B,64,openml__sylva_agnostic__3889,3889,openml__sylva_agnostic
B,27,openml__gina_agnostic__3891,3891,openml__gina_agnostic
A,97,openml__eye_movements__3897,3897,openml__eye_movements
B,14,openml__chess__3952,3952,openml__chess
B,46,openml__MagicTelescope__3954,3954,openml__MagicTelescope
A,37,openml__adult__7592,7592,openml__adult
A,75,openml__covertype__7593,7593,openml__covertype
B,53,openml__poker-hand__9890,9890,openml__poker-hand
B,50,openml__nursery__9892,9892,openml__nursery
A,104,openml__bank-marketing__9899,9899,openml__bank-marketing
A,38,openml__Bioresponse__9910,9910,openml__Bioresponse
B,70,openml__walking-activity__9945,9945,openml__walking-activity
B,51,openml__one-hundred-plants-texture__9956,9956,openml__one-hundred-plants-texture
A,99,openml__skin-segmentation__9965,9965,openml__skin-segmentation
B,40,openml__ldpa__9974,9974,openml__ldpa
A,45,openml__madelon__9976,9976,openml__madelon
A,46,openml__nomao__9977,9977,openml__nomao
A,48,openml__cnae-9__9981,9981,openml__cnae-9
A,49,openml__first-order-theorem-proving__9985,9985,openml__first-order-theorem-proving
B,26,openml__gas-drift__9986,9986,openml__gas-drift
A,101,openml__gas-drift-different-concentrations__9987,9987,openml__gas-drift-different-concentrations
A,102,openml__eeg-eye-state__14951,14951,openml__eeg-eye-state
B,8,openml__artificial-characters__14964,14964,openml__artificial-characters
A,55,openml__GesturePhaseSegmentationProcessed__14969,14969,openml__GesturePhaseSegmentationProcessed
A,56,openml__har__14970,14970,openml__har
A,77,openml__Amazon_employee_access__34539,34539,openml__Amazon_employee_access
A,58,openml__texture__125922,125922,openml__texture
A,59,openml__connect-4__146195,146195,openml__connect-4
B,45,openml__magic__146206,146206,openml__magic
A,78,openml__shuttle__146212,146212,openml__shuttle
A,79,openml__higgs__146606,146606,openml__higgs
A,62,openml__climate-model-simulation-crashes__146819,146819,openml__climate-model-simulation-crashes
A,65,openml__segment__146822,146822,openml__segment
A,66,openml__mfeat-pixel__146824,146824,openml__mfeat-pixel
A,67,openml__Fashion-MNIST__146825,146825,openml__Fashion-MNIST
A,68,openml__jungle_chess_2pcs_raw_endgame_complete__167119,167119,openml__jungle_chess_2pcs_raw_endgame_complete
A,69,openml__numerai28.6__167120,167120,openml__numerai28.6
A,70,openml__Devnagari-Script__167121,167121,openml__Devnagari-Script
A,71,openml__CIFAR_10__167124,167124,openml__CIFAR_10
A,72,openml__Internet-Advertisements__167125,167125,openml__Internet-Advertisements
A,81,openml__helena__168329,168329,openml__helena
A,82,openml__jannis__168330,168330,openml__jannis
A,83,openml__volkert__168331,168331,openml__volkert
A,84,openml__robert__168332,168332,openml__robert
A,85,openml__MiniBooNE__168335,168335,openml__MiniBooNE
A,86,openml__guillermo__168337,168337,openml__guillermo
A,87,openml__riccardo__168338,168338,openml__riccardo
B,13,openml__Census-Income__168340,168340,openml__Census-Income
A,88,openml__APSFailure__168868,168868,openml__APSFailure
A,89,openml__christine__168908,168908,openml__christine
A,90,openml__dilbert__168909,168909,openml__dilbert
A,91,openml__fabert__168910,168910,openml__fabert
A,93,openml__sylvine__168912,168912,openml__sylvine
A,94,openml__airlines__189354,189354,openml__airlines
A,95,openml__dionis__189355,189355,openml__dionis
A,96,openml__albert__189356,189356,openml__albert
A,100,openml__philippine__190410,190410,openml__philippine
