system,app,file,tasks,runtime_complete,positive_runtime_tasks,work_s,span_s,parallelism,max_width,levels,recorded_makespan_s
streamflow,streamflow,1000genome-streamflow-001.json,26,1,26,1379.1510700000001,234.898727,5.871258169909112,14,4,255.622014
helloworld,helloworld,helloworld-forkjoin-10-chameleon.json,10,1,10,1028.704,307.36,3.3469026548672565,8,3,437.0
helloworld,helloworld,helloworld-chain-5-chameleon.json,5,1,5,501.24,501.24,1.0,1,5,661.0
pegasus,soykb,soykb-chameleon-30fastq-10ch-001.json,256,1,256,33912.057,7321.724999999999,4.631703184700327,150,11,15545.0
pegasus,soykb,soykb-chameleon-50fastq-20ch-001.json,676,1,676,118736.145,38628.123999999996,3.073826339586153,500,11,54029.0
pegasus,soykb,soykb-chameleon-40fastq-20ch-001.json,546,1,546,91650.568,32670.564000000002,2.8052949437909915,400,11,44358.0
pegasus,soykb,soykb-chameleon-10fastq-20ch-001.json,156,1,156,24451.265,7869.049,3.1072706498587057,100,11,13459.0
pegasus,soykb,soykb-chameleon-30fastq-20ch-001.json,416,1,416,69114.171,22435.624,3.080554880042561,300,11,35300.0
pegasus,soykb,soykb-chameleon-50fastq-10ch-001.json,416,1,416,73854.655,12568.904,5.875982106315713,250,11,25912.0
pegasus,soykb,soykb-chameleon-10fastq-10ch-001.json,96,1,96,11814.517,2933.276,4.027754974301771,50,11,9323.0
pegasus,soykb,soykb-chameleon-20fastq-10ch-001.json,176,1,176,33279.666,5357.880000000001,6.21134963828977,100,11,14086.0
pegasus,soykb,soykb-chameleon-20fastq-20ch-001.json,286,1,286,47969.859,15994.012999999999,2.9992384650431383,200,11,24583.0
pegasus,soykb,soykb-chameleon-40fastq-10ch-001.json,336,1,336,48264.727,9791.652,4.929170991779528,200,11,21506.0
pegasus,montage,montage-chameleon-2mass-01d-001.json,103,1,103,362.633,21.122,17.168497301391913,45,8,1362.0
pegasus,montage,montage-chameleon-2mass-15d-001.json,7117,1,6613,59265.969,252.96900000000002,234.28154833200904,4731,8,10354.0
pegasus,montage,montage-chameleon-2mass-10d-001.json,4846,1,4729,31498.057,187.334,168.138495948413,3411,8,7109.0
pegasus,montage,montage-chameleon-2mass-04d-001.json,1312,1,1312,3022.465,37.653,80.27155870714154,936,8,1520.0
pegasus,montage,montage-chameleon-dss-20d-001.json,6448,1,6448,137334.748,1408.975,97.47138735605671,6048,8,13298.0
pegasus,montage,montage-chameleon-2mass-03d-001.json,748,1,748,1747.181,31.123,56.1379365742377,516,8,982.0
pegasus,montage,montage-chameleon-dss-05d-001.json,58,1,58,5585.811,559.7940000000001,9.978333101105047,18,8,870.0
pegasus,montage,montage-chameleon-dss-15d-001.json,2122,1,2122,78087.502,989.4580000000001,78.91947106395621,1890,8,6197.0
pegasus,montage,montage-chameleon-2mass-025d-001.json,619,1,619,1321.9,25.654999999999998,51.5260183200156,423,8,812.0
pegasus,montage,montage-chameleon-2mass-015d-001.json,310,1,310,854.867,26.384999999999998,32.39973469774493,198,8,3185.0
pegasus,montage,montage-chameleon-dss-075d-001.json,178,1,178,8139.98,370.4340000000001,21.97417083745012,108,8,681.0
pegasus,montage,montage-chameleon-2mass-02d-001.json,619,1,609,1603.283,22.732999999999997,70.52667927682225,423,8,7331.0
pegasus,montage,montage-chameleon-dss-10d-001.json,472,1,472,37089.295,935.823,39.632809836902915,360,8,2172.0
pegasus,montage,montage-chameleon-2mass-05d-001.json,1738,1,1738,8694.654,102.42999999999998,84.88386214976083,1242,8,2554.0
pegasus,montage,montage-chameleon-2mass-005d-001.json,58,1,58,221.726,21.385,10.36829553425298,18,8,1060.0
pegasus,montage,montage-chameleon-2mass-20d-001.json,9805,1,8881,72039.543,313.717,229.632257735475,6285,8,14522.0
pegasus,montage,montage-chameleon-dss-125d-001.json,1066,1,1066,36969.148,635.451,58.1778107202601,900,8,1933.0
pegasus,1000genome,1000genome-chameleon-22ch-100k-001.json,572,1,572,38867.428,338.11699999999996,114.95259924818924,308,3,3014.0
pegasus,1000genome,1000genome-chameleon-10ch-250k-001.json,410,1,410,25977.677,358.879,72.3856146500631,260,3,5053.0
pegasus,1000genome,1000genome-chameleon-20ch-250k-001.json,820,1,820,52148.163,387.14,134.7010461331818,520,3,9460.0
pegasus,1000genome,1000genome-chameleon-6ch-100k-001.json,156,1,156,10853.633,293.945,36.924026603616326,84,3,1522.0
pegasus,1000genome,1000genome-chameleon-12ch-100k-001.json,312,1,312,18343.788,266.50199999999995,68.8317085800482,168,3,2091.0
pegasus,1000genome,1000genome-chameleon-16ch-100k-001.json,416,1,416,29793.865,349.73699999999997,85.18934227719687,224,3,2498.0
pegasus,1000genome,1000genome-chameleon-4ch-250k-001.json,164,1,164,11884.262,347.49800000000005,34.19951193963706,104,3,2924.0
pegasus,1000genome,1000genome-chameleon-2ch-250k-001.json,82,1,82,4436.465,265.99,16.67906688221362,52,3,2391.0
pegasus,1000genome,1000genome-chameleon-2ch-100k-001.json,52,1,52,2771.295,204.68599999999998,13.539250363972135,28,3,776.0
pegasus,1000genome,1000genome-chameleon-12ch-250k-001.json,492,1,492,28130.192,305.475,92.08672395449709,312,3,6433.0
pegasus,1000genome,1000genome-chameleon-18ch-250k-001.json,738,1,738,42669.182,329.974,129.3107396340318,468,3,10038.0
pegasus,1000genome,1000genome-chameleon-22ch-250k-001.json,902,1,902,53409.625,313.98,170.10518185871712,572,3,10417.0
pegasus,1000genome,1000genome-chameleon-14ch-250k-001.json,574,1,574,35361.54,366.57399999999996,96.4649429583113,364,3,7401.0
pegasus,1000genome,1000genome-chameleon-16ch-250k-001.json,656,1,656,40407.45,350.095,115.41852925634468,416,3,7879.0
pegasus,1000genome,1000genome-chameleon-10ch-100k-001.json,260,1,260,16032.386,293.604,54.60547540224248,140,3,2814.0
pegasus,1000genome,1000genome-chameleon-6ch-250k-001.json,246,1,246,17336.492,371.72499999999997,46.63795009751833,156,3,3348.0
pegasus,1000genome,1000genome-chameleon-18ch-100k-001.json,468,1,468,32295.458,336.044,96.10484936496411,252,3,2533.0
pegasus,1000genome,1000genome-chameleon-8ch-250k-001.json,328,1,328,21720.413,372.872,58.25166008710764,208,3,5138.0
pegasus,1000genome,1000genome-chameleon-8ch-100k-001.json,208,1,208,16617.042,401.27700000000004,41.41040229068698,112,3,1787.0
pegasus,1000genome,1000genome-chameleon-4ch-100k-001.json,104,1,104,8609.878,329.72400000000005,26.112378838058497,56,3,1391.0
pegasus,1000genome,1000genome-chameleon-14ch-100k-001.json,364,1,364,23402.29,313.467,74.6563115096645,196,3,2290.0
pegasus,1000genome,1000genome-chameleon-20ch-100k-001.json,520,1,520,35824.399,323.80899999999997,110.63435234968763,280,3,2765.0
pegasus,cycles,cycles-chameleon-10l-3c-12p-001.json,6543,1,6543,96036.684,647.49,148.3214937682435,3240,4,8465.0
pegasus,cycles,cycles-chameleon-2l-1c-12p-001.json,437,1,437,8307.311,268.296,30.963230909145125,216,4,1239.0
pegasus,cycles,cycles-chameleon-2l-3c-9p-001.json,399,1,399,13754.376,251.328,54.72679526355997,192,4,862.0
pegasus,cycles,cycles-chameleon-5l-1c-9p-001.json,331,1,331,10516.268,379.363,27.72085838629492,160,4,788.0
pegasus,cycles,cycles-chameleon-1l-3c-9p-001.json,201,1,201,6534.344,251.007,26.03251702143765,96,4,616.0
pegasus,cycles,cycles-chameleon-2l-2c-12p-001.json,874,1,874,18804.552,302.82499999999993,62.097092380087524,432,4,2659.0
pegasus,cycles,cycles-chameleon-10l-1c-9p-001.json,661,1,661,13694.506,545.698,25.09539342273565,320,4,1503.0
pegasus,cycles,cycles-chameleon-10l-3c-9p-001.json,1983,1,1983,25048.871,604.127,41.46292253118963,960,4,4835.0
pegasus,cycles,cycles-chameleon-1l-2c-9p-001.json,134,1,134,3306.149,214.459,15.416228743023142,64,4,572.0
pegasus,cycles,cycles-chameleon-10l-2c-9p-001.json,1322,1,1322,17853.101,533.569,33.459779335006345,640,4,3189.0
pegasus,cycles,cycles-chameleon-5l-1c-12p-001.json,1091,1,1091,15858.172,454.825,34.86653548067938,540,4,4127.0
pegasus,cycles,cycles-chameleon-10l-1c-12p-001.json,2181,1,2181,29406.03,605.079,48.59866232343215,1080,4,2919.0
pegasus,cycles,cycles-chameleon-1l-3c-12p-001.json,657,1,657,10652.95,237.639,44.82828996923906,324,4,1544.0
pegasus,cycles,cycles-chameleon-5l-3c-9p-001.json,993,1,993,19285.125,370.303,52.07931072662117,480,4,1890.0
pegasus,cycles,cycles-chameleon-2l-3c-12p-001.json,1311,1,1311,28486.587,314.09900000000005,90.69302035345542,648,4,4690.0
pegasus,cycles,cycles-chameleon-5l-3c-12p-001.json,3273,1,3273,50495.614,476.718,105.92344740496478,1620,4,6632.0
pegasus,cycles,cycles-chameleon-1l-1c-12p-001.json,219,1,219,4875.9710000000005,250.11200000000002,19.49515017272262,108,4,673.0
pegasus,cycles,cycles-chameleon-10l-2c-12p-001.json,4362,1,4362,73870.768,667.482,110.67080160963143,2160,4,6681.0
pegasus,cycles,cycles-chameleon-2l-1c-9p-001.json,133,1,133,3666.676,219.06,16.73822696977997,64,4,606.0
pegasus,cycles,cycles-chameleon-2l-2c-9p-001.json,266,1,266,7950.209,251.959,31.55358213042598,128,4,704.0
pegasus,cycles,cycles-chameleon-1l-2c-12p-001.json,438,1,438,7216.225,231.625,31.15477603885591,216,4,1188.0
pegasus,cycles,cycles-chameleon-1l-1c-9p-001.json,67,1,67,862.699,163.415,5.2791910167365295,32,4,454.0
pegasus,cycles,cycles-chameleon-5l-2c-12p-001.json,2182,1,2182,43557.393,454.706,95.79243071347199,1080,4,4406.0
pegasus,cycles,cycles-chameleon-5l-2c-9p-001.json,662,1,662,22375.753,413.348,54.132965443161694,320,4,1218.0
pegasus,srasearch,srasearch-chameleon-10a-002.json,22,1,22,16260.481,3011.61,5.399265177097964,11,3,5645.0
pegasus,srasearch,srasearch-chameleon-40a-002.json,84,1,84,34873.977,2697.935,12.926173907080786,41,4,7037.0
pegasus,srasearch,srasearch-chameleon-50a-004.json,104,1,104,81046.144,3818.861,21.222595952039104,51,4,5641.0
pegasus,srasearch,srasearch-chameleon-10a-003.json,22,1,22,18985.646,2894.5119999999997,6.5591871790477985,11,3,5813.0
pegasus,srasearch,srasearch-chameleon-40a-004.json,84,1,84,76203.121,4097.147,18.599069303591012,41,4,6925.0
pegasus,srasearch,srasearch-chameleon-10a-005.json,22,1,22,6039.3,848.6859999999999,7.116059414200306,11,3,1486.0
pegasus,srasearch,srasearch-chameleon-30a-005.json,64,1,64,62442.293,4154.016,15.03178923721045,31,4,10492.0
pegasus,srasearch,srasearch-chameleon-30a-001.json,64,1,64,50375.156,3920.258,12.849959364919352,31,4,8109.0
pegasus,srasearch,srasearch-chameleon-50a-005.json,104,1,104,74033.081,3062.527,24.173854140714518,51,4,8130.0
pegasus,srasearch,srasearch-chameleon-20a-002.json,42,1,42,48022.174,4443.325999999999,10.80770890994719,21,3,7878.0
pegasus,srasearch,srasearch-chameleon-50a-003.json,104,1,104,57806.749,3009.7940000000003,19.206214445241102,51,4,7463.0
pegasus,srasearch,srasearch-chameleon-20a-001.json,42,1,42,46182.798,4151.557000000001,11.124211470539846,21,3,7576.0
pegasus,srasearch,srasearch-chameleon-50a-001.json,104,1,104,65893.525,2833.017,23.25913504931315,51,4,7349.0
pegasus,srasearch,srasearch-chameleon-10a-004.json,22,1,22,12180.335000000001,1748.409,6.966524995009749,11,3,5488.0
pegasus,srasearch,srasearch-chameleon-30a-003.json,64,1,64,36650.383,3255.7879999999996,11.256993084316303,31,4,8403.0
pegasus,srasearch,srasearch-chameleon-50a-002.json,104,1,104,65144.719,2713.365,24.00882999522733,51,4,12339.0
pegasus,srasearch,srasearch-chameleon-10a-001.json,22,1,22,6996.779,1005.8580000000001,6.956030572903929,11,3,3488.0
pegasus,srasearch,srasearch-chameleon-40a-001.json,84,1,84,62378.627,2954.2010000000005,21.115227772247046,41,4,11419.0
pegasus,srasearch,srasearch-chameleon-40a-003.json,84,1,84,37763.805,1915.777,19.712004580908946,41,4,5465.0
pegasus,srasearch,srasearch-chameleon-20a-003.json,42,1,42,31868.883,3951.454,8.065102870993817,21,3,7853.0
pegasus,srasearch,srasearch-chameleon-20a-004.json,42,1,42,33954.384,3092.5319999999997,10.979477011070541,21,3,7707.0
pegasus,srasearch,srasearch-chameleon-30a-002.json,64,1,64,63527.556,3386.818,18.7572984435538,31,4,7479.0
pegasus,srasearch,srasearch-chameleon-30a-004.json,64,1,64,45082.456,3231.7870000000003,13.949699036477341,31,4,7701.0
pegasus,srasearch,srasearch-chameleon-40a-005.json,84,1,84,84372.728,4034.476,20.91293342679446,41,4,9043.0
pegasus,srasearch,srasearch-chameleon-20a-005.json,42,1,42,27369.197,2267.273,12.071416631345231,21,3,7860.0
pegasus,epigenomics,epigenomics-chameleon-hep-2seq-100k-001.json,119,1,119,2898.667,214.26199999999997,13.5286098328215,28,9,841.0
pegasus,epigenomics,epigenomics-chameleon-ilmn-5seq-100k-001.json,713,1,713,16160.316,256.431,63.02013407115365,175,9,1237.0
pegasus,epigenomics,epigenomics-chameleon-hep-3seq-100k-001.json,233,1,233,5331.948,213.46699999999998,24.977856062061118,56,9,838.0
pegasus,epigenomics,epigenomics-chameleon-ilmn-1seq-50k-001.json,241,1,241,3532.96,137.144,25.760951992066733,59,9,872.0
pegasus,epigenomics,epigenomics-chameleon-ilmn-5seq-50k-001.json,1397,1,1397,20892.946,221.32899999999995,94.39768850896179,346,9,1976.0
pegasus,epigenomics,epigenomics-chameleon-ilmn-6seq-50k-001.json,1695,1,1695,26059.999,1084.123,24.03786194001972,420,9,2538.0
pegasus,epigenomics,epigenomics-chameleon-ilmn-4seq-100k-001.json,559,1,559,12685.028,224.46300000000002,56.512779389030705,137,9,1116.0
pegasus,epigenomics,epigenomics-chameleon-hep-5seq-50k-001.json,817,1,817,20264.239,217.40100000000004,93.21134217413902,201,9,1173.0
pegasus,epigenomics,epigenomics-chameleon-ilmn-3seq-50k-001.json,793,1,793,15020.969,188.849,79.5395739453214,196,9,1168.0
pegasus,epigenomics,epigenomics-chameleon-ilmn-6seq-100k-001.json,863,1,863,11626.689,223.22299999999998,52.08553330077994,212,9,1498.0
pegasus,epigenomics,epigenomics-chameleon-hep-7seq-50k-001.json,1121,1,1121,22554.02,988.8850000000001,22.80752564757277,276,9,2434.0
pegasus,epigenomics,epigenomics-chameleon-hep-1seq-50k-001.json,73,1,73,1243.776,117.86200000000001,10.552816005158576,17,9,728.0
pegasus,epigenomics,epigenomics-chameleon-ilmn-4seq-50k-001.json,1095,1,1095,20417.621,211.802,96.39956657633073,271,9,1563.0
pegasus,epigenomics,epigenomics-chameleon-hep-7seq-100k-001.json,577,1,577,15905.598,818.0480000000001,19.443355402127988,140,9,1818.0
pegasus,epigenomics,epigenomics-chameleon-hep-3seq-50k-001.json,445,1,445,8049.0199999999995,164.101,49.04918312502666,109,9,894.0
pegasus,epigenomics,epigenomics-chameleon-hep-1seq-100k-001.json,41,1,41,539.307,104.822,5.144979107439278,9,9,594.0
pegasus,epigenomics,epigenomics-chameleon-ilmn-2seq-50k-001.json,515,1,515,8790.647,164.36999999999998,53.48084808663383,127,9,931.0
pegasus,epigenomics,epigenomics-chameleon-ilmn-2seq-100k-001.json,263,1,263,5182.894,183.862,28.189043956880706,64,9,834.0
pegasus,epigenomics,epigenomics-chameleon-hep-6seq-100k-001.json,507,1,507,13218.423,677.5069999999998,19.510385870551897,123,9,1318.0
pegasus,epigenomics,epigenomics-chameleon-hep-4seq-50k-001.json,671,1,671,13834.018,192.65700000000004,71.80646433817613,165,9,991.0
pegasus,epigenomics,epigenomics-chameleon-hep-2seq-50k-001.json,223,1,223,3631.637,125.246,28.996031809399106,54,9,727.0
pegasus,epigenomics,epigenomics-chameleon-hep-4seq-100k-001.json,347,1,347,9985.453,226.23700000000002,44.13713495140052,84,9,924.0
pegasus,epigenomics,epigenomics-chameleon-hep-5seq-100k-001.json,421,1,421,12528.817000000001,257.121,48.727319044341,102,9,1056.0
pegasus,epigenomics,epigenomics-chameleon-ilmn-3seq-100k-001.json,405,1,405,10074.054,236.08100000000002,42.672023585125444,99,9,1072.0
pegasus,epigenomics,epigenomics-chameleon-hep-6seq-50k-001.json,983,1,983,18044.416,194.482,92.7819335465493,242,9,1346.0
pegasus,epigenomics,epigenomics-chameleon-ilmn-1seq-100k-001.json,125,1,125,2578.345,143.445,17.974450137683434,30,9,653.0
pegasus,seismology,seismology-chameleon-500p-001.json,501,1,501,288.103,5.815,49.54479793637145,500,2,1004.0
pegasus,seismology,seismology-chameleon-400p-001.json,401,1,401,260.84,4.928999999999999,52.91945627916413,400,2,498.0
pegasus,seismology,seismology-chameleon-800p-001.json,801,1,801,388.551,3.4429999999999996,112.85245425501017,800,2,2034.0
pegasus,seismology,seismology-chameleon-200p-001.json,201,1,201,147.193,4.437,33.17399143565472,200,2,356.0
pegasus,seismology,seismology-chameleon-1000p-001.json,1001,1,1001,538.433,5.437,99.03126724296486,1000,2,2194.0
pegasus,seismology,seismology-chameleon-600p-001.json,601,1,601,325.973,4.537000000000001,71.84769671589154,600,2,1063.0
pegasus,seismology,seismology-chameleon-700p-001.json,701,1,701,361.64,5.016,72.09728867623605,700,2,1715.0
pegasus,seismology,seismology-chameleon-1100p-001.json,1101,1,1101,584.776,5.445,107.39687786960513,1100,2,2354.0
pegasus,seismology,seismology-chameleon-900p-001.json,901,1,901,492.678,5.013,98.28007181328546,900,2,2403.0
pegasus,seismology,seismology-chameleon-300p-001.json,301,1,301,230.298,4.523999999999999,50.905835543766585,300,2,518.0
pegasus,seismology,seismology-chameleon-100p-001.json,101,1,101,71.893,2.84,25.31443661971831,100,2,354.0
makeflow,blast,blast-chameleon-small-002.json,43,1,43,383.036258,10.691229,35.82714933895813,40,3,1001.4
makeflow,blast,blast-chameleon-large-002.json,103,1,103,150906.908738,1788.560168,84.37340349961322,100,3,3719.58
makeflow,blast,blast-chameleon-large-003.json,103,1,103,142796.262043,1767.466221,80.79150840133651,100,3,3215.92
makeflow,blast,blast-chameleon-small-004.json,43,1,43,373.801885,11.144933,33.54007466891008,40,3,1196.62
makeflow,blast,blast-chameleon-medium-004.json,303,1,303,31542.743221,121.14562700000002,260.3704648868588,300,3,5926.01
makeflow,blast,blast-chameleon-medium-005.json,303,1,303,31408.226422,118.990067,263.9567084368479,300,3,5420.43
makeflow,blast,blast-chameleon-large-001.json,103,1,103,154331.155807,1819.1171920000002,84.83849005754435,100,3,3908.44
makeflow,blast,blast-chameleon-small-003.json,43,1,43,371.422047,10.352704000000001,35.87681508135459,40,3,1986.72
makeflow,blast,blast-chameleon-medium-003.json,303,1,303,32023.990710000002,119.137908,268.7976585084909,300,3,6225.07
makeflow,blast,blast-chameleon-medium-001.json,303,1,303,31513.114385,119.34868,264.0424207875613,300,3,5074.08
makeflow,blast,blast-chameleon-large-004.json,103,1,103,143981.628822,1809.3803409999998,79.57510400628367,100,3,3848.0
makeflow,blast,blast-chameleon-medium-002.json,303,1,303,31545.069586,118.16281,266.96275745304297,300,3,6317.08
makeflow,blast,blast-chameleon-small-005.json,43,1,43,380.318167,10.626762000000001,35.78871597952415,40,3,902.68
makeflow,blast,blast-chameleon-large-005.json,103,1,103,142295.710906,1750.7633859999999,81.27638037433803,100,3,3391.87
makeflow,blast,blast-chameleon-small-001.json,43,1,43,382.91272,10.413171,36.77196120182795,40,3,1279.3
makeflow,bwa,bwa-chameleon-large-001.json,1004,1,1004,13276.74808,1655.530557,8.01963335793626,1000,3,52218.36
makeflow,bwa,bwa-chameleon-small-004.json,104,1,104,360.240997,91.88968299999999,3.9203639107123704,100,3,778.42
makeflow,bwa,bwa-chameleon-large-004.json,1004,1,1004,13034.89424,1695.550902,7.687704465035282,1000,3,52283.24
makeflow,bwa,bwa-chameleon-large-003.json,1004,1,1004,13498.468015,1685.7404490000001,8.007441491368047,1000,3,50094.81
makeflow,bwa,bwa-chameleon-medium-004.json,1004,1,1004,3630.474126,142.83830799999998,25.416669917428596,1000,3,4978.41
makeflow,bwa,bwa-chameleon-small-005.json,104,1,104,362.272305,89.025012,4.0693317176974935,100,3,847.27
makeflow,bwa,bwa-chameleon-small-001.json,104,1,104,379.989466,91.37092700000001,4.1587568220687965,100,3,689.9
makeflow,bwa,bwa-chameleon-small-003.json,104,1,104,398.098384,91.532231,4.34926997463877,100,3,800.88
makeflow,bwa,bwa-chameleon-medium-005.json,1004,1,1004,3472.084804,149.339438,23.249617452022285,1000,3,4926.59
makeflow,bwa,bwa-chameleon-large-002.json,1004,1,1004,12462.165316999999,1643.6351329999998,7.5820752834929825,1000,3,46526.95
makeflow,bwa,bwa-chameleon-large-005.json,1004,1,1004,13596.934155,1651.687,8.232149405426089,1000,3,57274.42
makeflow,bwa,bwa-chameleon-small-002.json,104,1,104,361.031289,89.091637,4.052358909961437,100,3,698.21
makeflow,bwa,bwa-chameleon-medium-003.json,1004,1,1004,3875.876323,146.821887,26.398491411569992,1000,3,5482.26
makeflow,bwa,bwa-chameleon-medium-002.json,1004,1,1004,3748.405715,145.452317,25.770684113612297,1000,3,5145.76
makeflow,bwa,bwa-chameleon-medium-001.json,1004,1,1004,3612.111479,147.635015,24.466495830951757,1000,3,4607.52
nextflow,legacy,hic-dirt02-001.json,38,1,34,577.099,274.603,2.1015757293256083,6,13,1507.0
nextflow,legacy,scrnaseq-dirt02-001.json,14,1,13,1374.344,799.868,1.7182135052283627,5,5,2126.0
nextflow,legacy,fetchngs-dirt02-001.json,43,1,34,104.356,13.0,8.027384615384616,26,3,246.0
nextflow,legacy,viralrecon-dirt02-001.json,203,1,143,2529.646,487.893,5.184837659076888,27,18,4309.0
nextflow,legacy,bacass-dirt02-001.json,11,1,10,3961.87,2150.0,1.8427302325581394,4,5,4243.0
nextflow,legacy,taxprofiler-dirt02-001.json,127,1,109,3398.646,741.5799999999999,4.58297958413118,20,10,3731.0
nextflow,legacy,airrflow-dirt02-001.json,212,1,212,3329.878,438.06100000000004,7.601402544394502,16,25,4706.0
nextflow,legacy,cutandrun-dirt02-001.json,120,1,56,904.304,317.0,2.8526940063091484,13,22,1544.0
nextflow,legacy,atacseq-dirt02-001.json,265,1,209,7799.574,936.159,8.331462924567301,32,17,8549.0
nextflow,legacy,chipseq-dirt02-001.json,210,1,159,5095.675,887.333,5.742686229408802,38,16,5689.0
nextflow,legacy,sarek-dirt02-001.json,26,1,11,393.226,309.657,1.2698760241170068,9,10,518.0
nextflow,legacy,rnaseq-dirt02-001.json,197,1,141,2580.36,759.454,3.397651470661818,86,10,3131.0
nextflow,legacy,smrnaseq-dirt02-001.json,197,1,172,7300.396,977.0,7.472257932446264,40,9,9404.0
nextflow,legacy,mag-dirt02-001.json,157,1,152,3692.488,526.088,7.018764921458007,31,13,4104.0
nextflow,legacy,methylseq-dirt02-001.json,36,1,32,446.366,203.209,2.196585781141583,8,7,528.0
nextflow,ro-crate,rnaseq-gse110004-disco-001.json,101,1,101,362957.5,126830.5,2.8617524964421017,36,9,16218.501266
nextflow,sarek_germline,sarek_germline_w2_t07.json,612,1,612,283713.7,78735.4,3.6033817063226965,157,14,5248.906488
nextflow,sarek_germline,sarek_germline_w2_t10.json,772,1,772,365215.8,79685.4,4.583221016647968,197,14,5538.454387
nextflow,sarek_germline,sarek_germline_w1_t04.json,480,1,480,414957.1,77318.5,5.366853987079418,124,14,4492.387246
nextflow,sarek_germline,sarek_germline_w4_t07.json,612,1,612,317472.2,117932.4,2.691984560646608,157,14,8000.871224
nextflow,sarek_germline,sarek_germline_w5_t08.json,668,1,668,610163.2,54721.4,11.150357995226729,171,14,10674.326471
nextflow,sarek_germline,sarek_germline_w1_t06.json,556,1,556,351581.8,76793.20000000001,4.578293390560622,143,14,4687.705612
nextflow,sarek_germline,sarek_germline_w4_t08.json,668,1,668,575378.9,110577.9,5.203380603176584,171,14,8021.973589
nextflow,sarek_germline,sarek_germline_w2_t09.json,740,1,740,435202.5,80210.50000000001,5.425754732859163,189,14,5502.609229
nextflow,sarek_germline,sarek_germline_w5_t06.json,556,1,556,605686.2,59281.4,10.217137247096053,143,14,10510.708168
nextflow,sarek_germline,sarek_germline_w3_t01.json,344,1,344,237751.2,88548.3,2.6849888704808564,90,14,5536.254027
nextflow,sarek_germline,sarek_germline_w5_t04.json,480,1,480,443860.5,50461.4,8.79604014157356,124,14,10615.390195
nextflow,sarek_germline,sarek_germline_w1_t08.json,668,1,668,410521.7,77323.70000000001,5.309131611653347,171,14,4874.124209
nextflow,sarek_germline,sarek_germline_w4_t02.json,396,1,396,459079.5,109438.59999999999,4.194859035111926,103,14,7627.426203
nextflow,sarek_germline,sarek_germline_w1_t03.json,428,1,428,423297.9,70944.0,5.966648342354533,111,14,4534.890289
nextflow,sarek_germline,sarek_germline_w3_t02.json,396,1,396,481941.4,87669.99999999999,5.497221398425917,103,14,5990.431454
nextflow,sarek_germline,sarek_germline_w2_t01.json,344,1,344,383613.4,75660.6,5.070187125135143,90,14,4715.47804
nextflow,sarek_germline,sarek_germline_w4_t10.json,772,1,772,557474.8,59168.5,9.421817352138385,197,14,8370.177466
nextflow,sarek_germline,sarek_germline_w5_t10.json,772,1,772,510922.9,49021.4,10.422446115370022,197,14,10978.254715
nextflow,sarek_germline,sarek_germline_w4_t01.json,344,1,344,250848.7,110938.3,2.26115507448735,90,14,7552.277351
nextflow,sarek_germline,sarek_germline_w2_t03.json,428,1,428,302597.7,75358.5,4.015442186349251,111,14,4920.927904
nextflow,sarek_germline,sarek_germline_w2_t05.json,516,1,516,351844.0,76731.9,4.585368015127998,133,14,5148.28416
nextflow,sarek_germline,sarek_germline_w5_t07.json,612,1,612,504900.2,52141.4,9.683288135723245,157,14,10633.511401
nextflow,sarek_germline,sarek_germline_w4_t05.json,516,1,516,395046.2,110594.0,3.5720400745067544,133,14,7931.77231
nextflow,sarek_germline,sarek_germline_w5_t02.json,396,1,396,370056.6,58081.4,6.371344354647098,103,14,10166.58381
nextflow,sarek_germline,sarek_germline_w4_t09.json,740,1,740,585087.6,107227.7,5.456496782081496,189,14,8114.007606
nextflow,sarek_germline,sarek_germline_w4_t06.json,556,1,556,557059.3,113092.4,4.925700577580811,143,14,8024.068349
nextflow,sarek_germline,sarek_germline_w5_t05.json,516,1,516,375106.4,53641.4,6.992852535541578,133,14,10456.408432
nextflow,sarek_germline,sarek_germline_w5_t09.json,740,1,740,579451.7,50941.4,11.374867985567729,189,14,10841.967531
nextflow,sarek_germline,sarek_germline_w3_t03.json,428,1,428,313535.4,81970.6,3.8249738320812585,111,14,5695.80196
nextflow,sarek_germline,sarek_germline_w3_t07.json,612,1,612,488998.3,84495.6,5.787263478808364,157,14,5948.956942
nextflow,sarek_germline,sarek_germline_w3_t10.json,772,1,772,290416.0,87563.6,3.3166292843144864,197,14,6384.802925
nextflow,sarek_germline,sarek_germline_w3_t06.json,556,1,556,438879.6,90743.2,4.836501247476395,143,14,5958.408995
nextflow,sarek_germline,sarek_germline_w4_t03.json,428,1,428,520942.3,108258.9,4.812004371003216,111,14,7734.317128
nextflow,sarek_germline,sarek_germline_w3_t04.json,480,1,480,317618.2,86224.6,3.683614652894881,124,14,5831.041392
nextflow,sarek_germline,sarek_germline_w2_t06.json,556,1,556,405482.5,79239.5,5.117176408230743,143,14,5361.730895
nextflow,sarek_germline,sarek_germline_w1_t01.json,344,1,344,395960.1,84090.0,4.708765608276846,90,14,4278.093542
nextflow,sarek_germline,sarek_germline_w1_t09.json,740,1,740,432564.4,77490.90000000001,5.582131579320927,189,14,4950.602215
nextflow,sarek_germline,sarek_germline_w2_t02.json,396,1,396,390597.5,72976.4,5.352381043734687,103,14,4807.910338
nextflow,sarek_germline,sarek_germline_w3_t09.json,740,1,740,512251.3,94349.5,5.429295332778658,189,14,6498.034886
nextflow,sarek_germline,sarek_germline_w4_t04.json,480,1,480,511738.6,109580.90000000001,4.669961644775686,124,14,7762.654276
nextflow,sarek_germline,sarek_germline_w1_t05.json,516,1,516,382372.2,75647.9,5.0546307300004365,133,14,4616.143462
nextflow,sarek_germline,sarek_germline_w3_t08.json,668,1,668,468214.5,88516.4,5.289579106244719,171,14,6112.22343
nextflow,sarek_germline,sarek_germline_w1_t10.json,772,1,772,287901.5,73094.3,3.9387681392393112,197,14,4975.650571
nextflow,sarek_germline,sarek_germline_w2_t04.json,480,1,480,383838.6,73399.9,5.229415843890796,124,14,5051.941881
nextflow,sarek_germline,sarek_germline_w1_t02.json,396,1,396,384220.5,72122.2,5.327354129519066,103,14,4385.633382
nextflow,sarek_germline,sarek_germline_w1_t07.json,612,1,612,412817.5,74069.49999999999,5.573380406240086,157,14,4868.073417
nextflow,sarek_germline,sarek_germline_w3_t05.json,516,1,516,472604.5,82210.4,5.7487191401574504,133,14,5815.693662
nextflow,sarek_germline,sarek_germline_w5_t03.json,428,1,428,273761.5,49201.4,5.564099802038153,111,14,10502.773822
nextflow,sarek_germline,sarek_germline_w2_t08.json,668,1,668,448803.8,78618.40000000001,5.708635637458915,171,14,5386.882801
nextflow,sarek_germline,sarek_germline_w5_t01.json,344,1,344,443651.8,58021.5,7.646334548400162,90,14,9986.011386
nextflow,sarek_somatic,sarek_somatic_w3_t02.json,354,1,354,437795.0,84671.0,5.170542452551641,144,14,23183.129012
nextflow,sarek_somatic,sarek_somatic_w5_t02.json,354,1,354,428578.3,85045.9,5.0393763838115655,144,14,35481.641488
nextflow,sarek_somatic,sarek_somatic_w1_t04.json,844,1,844,314475.6,115551.90000000001,2.7215095554465134,389,14,10396.186933
nextflow,sarek_somatic,sarek_somatic_w5_t09.json,2184,1,2184,441618.6,85296.40000000001,5.177458837653171,1059,14,43541.055763
nextflow,sarek_somatic,sarek_somatic_w4_t08.json,2024,1,2024,382884.8,71901.19999999998,5.3251517359932805,979,14,36043.68184
nextflow,sarek_somatic,sarek_somatic_w2_t10.json,2324,1,2324,305389.2,80774.90000000001,3.7807437706515263,1129,14,22933.090277
nextflow,sarek_somatic,sarek_somatic_w1_t07.json,1764,1,1764,191331.3,83208.2,2.299428421718052,849,14,13758.173845
nextflow,sarek_somatic,sarek_somatic_w5_t08.json,2024,1,2024,313241.8,33802.3,9.266878289347174,979,14,42960.125582
nextflow,sarek_somatic,sarek_somatic_w5_t05.json,1144,1,1144,241332.8,33125.9,7.2853205497812885,539,14,39384.568916
nextflow,sarek_somatic,sarek_somatic_w1_t01.json,164,1,164,458552.0,109404.8,4.191333469829477,49,14,8678.801855
nextflow,sarek_somatic,sarek_somatic_w3_t03.json,624,1,624,235763.9,67964.0,3.4689526808310283,279,14,24941.272334
nextflow,sarek_somatic,sarek_somatic_w2_t05.json,1144,1,1144,273682.6,85241.4,3.2106769715185344,539,14,17769.357093
nextflow,sarek_somatic,sarek_somatic_w3_t09.json,2184,1,2184,310471.5,81557.3,3.806789827520038,1059,14,31420.646326
nextflow,sarek_somatic,sarek_somatic_w5_t06.json,1364,1,1364,327287.0,83640.5,3.913020606046114,649,14,39611.218689
nextflow,sarek_somatic,sarek_somatic_w4_t10.json,2324,1,2324,325225.6,81569.3,3.987107894759425,1129,14,37884.516615
nextflow,sarek_somatic,sarek_somatic_w4_t01.json,164,1,164,402179.4,82720.3,4.861919021086723,49,14,28373.204773
nextflow,sarek_somatic,sarek_somatic_w1_t10.json,2324,1,2324,396446.9,108329.6,3.6596359628393347,1129,14,16422.466109
nextflow,sarek_somatic,sarek_somatic_w3_t05.json,1144,1,1144,344559.2,81132.40000000001,4.246875477614369,539,14,25955.215358
nextflow,sarek_somatic,sarek_somatic_w2_t08.json,2024,1,2024,238022.5,87187.6,2.730004037271355,979,14,21161.791679
nextflow,sarek_somatic,sarek_somatic_w1_t05.json,1144,1,1144,218445.1,73299.79999999999,2.980159563873299,539,14,11436.608172
nextflow,sarek_somatic,sarek_somatic_w2_t04.json,844,1,844,229747.3,89696.1,2.5613967608402146,389,14,16397.146791
nextflow,sarek_somatic,sarek_somatic_w4_t05.json,1144,1,1144,352263.9,76796.40000000001,4.5869845461506005,539,14,32774.67348
nextflow,sarek_somatic,sarek_somatic_w4_t04.json,844,1,844,376946.5,87761.0,4.2951481865521135,389,14,31630.907423
nextflow,sarek_somatic,sarek_somatic_w1_t09.json,2184,1,2184,322213.1,117397.4,2.744635741507052,1059,14,15820.81192
nextflow,sarek_somatic,sarek_somatic_w3_t04.json,844,1,844,203453.7,30981.2,6.567005151511239,389,14,24880.512481
nextflow,sarek_somatic,sarek_somatic_w1_t02.json,354,1,354,346032.0,73029.8,4.738230147145412,144,14,8754.723025
nextflow,sarek_somatic,sarek_somatic_w1_t03.json,624,1,624,351474.7,117163.5,2.9998651457151757,279,14,10035.895526
nextflow,sarek_somatic,sarek_somatic_w5_t04.json,844,1,844,427213.2,85332.8,5.006435977724861,389,14,37628.951354
nextflow,sarek_somatic,sarek_somatic_w2_t01.json,164,1,164,375632.5,83590.9,4.493700869353004,49,14,14006.242684
nextflow,sarek_somatic,sarek_somatic_w4_t03.json,624,1,624,287537.1,75403.0,3.8133376656101214,279,14,30414.866037
nextflow,sarek_somatic,sarek_somatic_w3_t10.json,2324,1,2324,314397.6,63807.8,4.9272596767166394,1129,14,31491.263602
nextflow,sarek_somatic,sarek_somatic_w5_t03.json,624,1,624,474099.0,89637.6,5.289063964229296,279,14,37182.051595
nextflow,sarek_somatic,sarek_somatic_w5_t01.json,164,1,164,608725.7,86125.90000000001,7.067858797411695,49,14,35204.144757
nextflow,sarek_somatic,sarek_somatic_w3_t06.json,1364,1,1364,272281.0,80294.0,3.391050389817421,649,14,26898.097216
nextflow,sarek_somatic,sarek_somatic_w4_t07.json,1764,1,1764,286390.0,32233.600000000002,8.884828253747642,849,14,34659.130051
nextflow,sarek_somatic,sarek_somatic_w2_t07.json,1764,1,1764,211169.0,70601.70000000001,2.990990301933239,849,14,20186.851327
nextflow,sarek_somatic,sarek_somatic_w2_t02.json,354,1,354,335134.5,78460.40000000001,4.271384035768362,144,14,14665.725735
nextflow,sarek_somatic,sarek_somatic_w2_t09.json,2184,1,2184,324179.3,88813.90000000001,3.650096437607176,1059,14,22120.381343
nextflow,sarek_somatic,sarek_somatic_w3_t01.json,164,1,164,373682.5,75055.99999999999,4.9787158921338746,49,14,22120.981047
nextflow,sarek_somatic,sarek_somatic_w1_t08.json,2024,1,2024,359369.2,113990.1,3.1526351849853627,979,14,14802.997504
nextflow,sarek_somatic,sarek_somatic_w1_t06.json,1364,1,1364,285758.1,84056.70000000001,3.399587421347732,649,14,12348.687908
nextflow,sarek_somatic,sarek_somatic_w4_t09.json,2184,1,2184,427622.6,81378.90000000001,5.254710987737607,1059,14,36845.628427
nextflow,sarek_somatic,sarek_somatic_w3_t08.json,2024,1,2024,307758.0,34984.7,8.796931229937659,979,14,29760.349396
nextflow,sarek_somatic,sarek_somatic_w5_t10.json,2324,1,2324,385973.7,79460.5,4.857428533673964,1129,14,44215.784437
nextflow,sarek_somatic,sarek_somatic_w2_t03.json,624,1,624,253609.7,82661.0,3.068069585415129,279,14,15810.259483
nextflow,sarek_somatic,sarek_somatic_w4_t06.json,1364,1,1364,263303.0,82769.9,3.181144353200862,649,14,33098.826422
nextflow,sarek_somatic,sarek_somatic_w2_t06.json,1364,1,1364,232177.5,70693.0,3.2843067913371904,649,14,18398.040302
nextflow,sarek_somatic,sarek_somatic_w5_t07.json,1764,1,1764,504251.8,88235.00000000001,5.714872782909275,849,14,41230.818532
nextflow,sarek_somatic,sarek_somatic_w4_t02.json,354,1,354,204267.4,33232.9,6.146541529628771,144,14,29901.271085
nextflow,sarek_somatic,sarek_somatic_w3_t07.json,1764,1,1764,268931.0,85815.0,3.133846064207889,849,14,28218.309401
snakemake,rna-seq-star-deseq2,rna-seq-star-deseq2_12sample_trim_pca_2contrast_additive.json,133,1,133,21820.023105,905.4346830000001,24.098947737127933,97,7,8722.979465961456
snakemake,rna-seq-star-deseq2,rna-seq-star-deseq2_4sample_notrim_pca_1contrast_default.json,47,1,47,7209.482035,816.9072910000001,8.825336870447885,33,6,2880.4184539318085
snakemake,rna-seq-star-deseq2,rna-seq-star-deseq2_4sample_trim_pca_2contrast_additive.json,53,1,53,7137.000753,819.01407,8.714136929295977,33,7,3092.6070408821106
snakemake,rna-seq-star-deseq2,rna-seq-star-deseq2_4sample_trim_pca_1contrast_default.json,51,1,51,7045.040352,774.1747509999999,9.100064737192652,33,7,3055.685823202133
snakemake,rna-seq-star-deseq2,rna-seq-star-deseq2_24sample_notrim_nopca_1contrast_additive.json,225,1,225,43075.16981,942.4267080000001,45.7066522461076,193,6,16259.381057977676
snakemake,rna-seq-star-deseq2,rna-seq-star-deseq2_8sample_notrim_nopca_1contrast_default.json,81,1,81,14504.507763,829.0309159999999,17.495738075707663,65,6,5571.3075299263
snakemake,rna-seq-star-deseq2,rna-seq-star-deseq2_8sample_trim_pca_1contrast_default.json,91,1,91,15114.687673,929.9483130000001,16.253255650564313,65,7,6087.337650060654
snakemake,rna-seq-star-deseq2,rna-seq-star-deseq2_8sample_notrim_pca_1contrast_default.json,83,1,83,14766.499338,865.5506679999999,17.060236776340865,65,6,5639.245645999908
snakemake,rna-seq-star-deseq2,rna-seq-star-deseq2_16sample_trim_pca_2contrast_additive.json,173,1,173,30072.129907,934.150212,32.191963905479476,129,7,11751.759684085846
snakemake,rna-seq-star-deseq2,rna-seq-star-deseq2_4sample_notrim_nopca_1contrast_default.json,45,1,45,6976.968987,836.796564,8.33771227937308,33,6,2918.6041600704193
snakemake,rna-seq-star-deseq2,rna-seq-star-deseq2_12sample_trim_pca_1contrast_additive.json,131,1,131,21847.349701,930.5969230000002,23.47670528564599,97,7,8728.61742591858
snakemake,rna-seq-star-deseq2,rna-seq-star-deseq2_8sample_trim_pca_2contrast_additive.json,93,1,93,14844.440137,917.805671,16.17383788969855,65,7,5991.791553020477
snakemake,rna-seq-star-deseq2,rna-seq-star-deseq2_4sample_trim_nopca_1contrast_default.json,49,1,49,7448.78007,887.768534,8.390452899291427,33,7,3156.1486868858337
snakemake,rna-seq-star-deseq2,rna-seq-star-deseq2_24sample_trim_pca_1contrast_additive.json,251,1,251,43780.489354,984.044799,44.49034169835595,193,7,17293.081717967987
snakemake,rna-seq-star-deseq2,rna-seq-star-deseq2_12sample_notrim_nopca_1contrast_additive.json,117,1,117,21534.49135,872.5716630000001,24.67933840065581,97,6,8217.508121013641
snakemake,rna-seq-star-deseq2,rna-seq-star-deseq2_8sample_trim_pca_3contrast_additive.json,95,1,95,15037.017332,933.024964,16.11641479294867,65,7,6028.403711080551
snakemake,rna-seq-star-deseq2,rna-seq-star-deseq2_8sample_trim_nopca_1contrast_default.json,89,1,89,15256.564072,921.3640820000002,16.55867031291545,65,7,5967.581799983978
snakemake,rna-seq-star-deseq2,rna-seq-star-deseq2_16sample_notrim_nopca_1contrast_additive.json,153,1,153,29042.741311,913.404072,31.796159226012296,129,6,10895.46509885788
snakemake,rna-seq-star-deseq2,rna-seq-star-deseq2_16sample_trim_pca_1contrast_additive.json,171,1,171,29442.409848,930.066506,31.65624141721323,129,7,11668.843861103058
snakemake,varlociraptor,varlociraptor_disco_1pct_2scatter.json,91,1,91,16122.956826000001,15777.089670000003,1.0219221138520662,8,37,15826.68459701538
snakemake,varlociraptor,varlociraptor_disco_1pct_4scatter.json,127,1,127,16266.928178,15774.253119,1.031232861250754,8,37,15921.563017129898
snakemake,varlociraptor,varlociraptor_disco_1pct_16scatter.json,343,1,343,16550.172085,15698.843275000001,1.0542287603670595,32,37,15995.635912895203
snakemake,varlociraptor,varlociraptor_disco_1pct_8scatter.json,199,1,199,16321.765101,15683.372804000002,1.0407050387042498,16,37,15912.667073011398
snakemake,varlociraptor,varlociraptor_disco_1pct_32scatter.json,631,1,631,16828.921262,15588.048976999999,1.079604079178279,64,37,16027.876013994217
snakemake,varlociraptor,varlociraptor_disco_1pct_64scatter.json,1207,1,1207,17628.92753,15569.386043,1.1322814837599824,128,37,16277.559367895126
snakemake,varlociraptor,varlociraptor_disco_1pct_12scatter.json,271,1,271,16363.880742,15620.268336999996,1.0476056101570672,24,37,15877.631722927094
snakemake,varlociraptor,varlociraptor_disco_1pct_96scatter.json,1783,1,1783,18421.090879,15492.624262000003,1.1890232776239775,192,37,16465.54433608055
snakemake,RASflow,RASflow-snakemake-n501.json,501,1,501,3455.308486,446.50518000000005,7.738563046457825,250,4,3501.0673809051514
snakemake,RASflow,RASflow-snakemake-n101.json,101,1,101,1003.519823,410.094493,2.447045352057434,50,4,1010.1111960411072
snakemake,RASflow,RASflow-snakemake-n011.json,11,1,11,442.702327,405.8825310000001,1.0907153996238383,5,4,443.6532139778137
snakemake,RASflow,RASflow-snakemake-n201.json,201,1,201,1642.586992,446.75922999999995,3.6766716425758013,100,4,1657.5216121673584
snakemake,RASflow,RASflow-snakemake-n031.json,31,1,31,569.83722,413.63927,1.3776187642918913,15,4,572.2652199268341
snakemake,RASflow,RASflow-snakemake-n019.json,19,1,19,496.805945,407.92580300000003,1.2178831085122603,9,4,498.4683291912079
snakemake,RASflow,RASflow-snakemake-n051.json,51,1,51,690.376246,412.843543,1.672246684502463,25,4,694.1170880794525
