dataset,tid,metric,problem_type,NumberOfInstances,NumberOfFeatures,NumberOfClasses,NumberOfNumericFeatures,NumberOfSymbolicFeatures,in_cc18,is_classification,log1p_n,log1p_p
2dplanes,3593,roc_auc,binary,40768.0,11.0,2.0,10.0,1.0,False,True,10.615677267673389,2.4849066497880004
APSFailure,168868,roc_auc,binary,76000.0,171.0,2.0,170.0,1.0,False,True,11.23850177707664,5.147494476813453
Airlines_DepDelay_10M,359929,rmse,regression,10000000.0,10.0,0.0,7.0,3.0,False,False,16.118095750958314,2.3978952727983707
Allstate_Claims_Severity,233212,rmse,regression,188318.0,131.0,0.0,15.0,116.0,False,False,12.145892612369554,4.882801922586371
Amazon_employee_access,359979,roc_auc,binary,32769.0,10.0,2.0,0.0,10.0,False,True,10.39726874169286,2.3978952727983707
Australian,146818,roc_auc,binary,690.0,15.0,2.0,6.0,9.0,False,True,6.53813982376767,2.772588722239781
Bioresponse,359967,roc_auc,binary,3751.0,1777.0,2.0,1776.0,1.0,False,True,8.230044310126114,7.48324441607385
Brazilian_houses,359938,rmse,regression,10692.0,13.0,0.0,9.0,4.0,False,False,9.277344600756656,2.6390573296152584
Buzzinsocialmedia_Twitter,233213,rmse,regression,583250.0,78.0,0.0,78.0,0.0,False,False,13.276372904412854,4.3694478524670215
CIFAR_10,167124,log_loss,multiclass,60000.0,3073.0,10.0,3072.0,1.0,True,True,11.002116507732017,8.03073492409854
Click_prediction_small,359992,roc_auc,binary,39948.0,12.0,2.0,5.0,7.0,False,True,10.595358919592021,2.5649493574615367
Devnagari-Script,167121,log_loss,multiclass,92000.0,1025.0,46.0,1024.0,1.0,True,True,11.429554725537322,6.933423025730715
Diabetes130US,211986,log_loss,multiclass,101766.0,50.0,3.0,13.0,37.0,False,True,11.53044116551625,3.9318256327243257
Fashion-MNIST,359976,log_loss,multiclass,70000.0,785.0,10.0,784.0,1.0,False,True,11.156264806643742,6.666956792429207
GAMETES_Epistasis_2-Way_1000atts_0_4H_EDM-1_EDM-1_1,361331,roc_auc,binary,1600.0,1001.0,2.0,0.0,1001.0,False,True,7.3783837129967145,6.90975328164481
GAMETES_Epistasis_2-Way_20atts_0_1H_EDM-1_1,361332,roc_auc,binary,1600.0,21.0,2.0,0.0,21.0,False,True,7.3783837129967145,3.091042453358316
GAMETES_Epistasis_2-Way_20atts_0_4H_EDM-1_1,361333,roc_auc,binary,1600.0,21.0,2.0,0.0,21.0,False,True,7.3783837129967145,3.091042453358316
GAMETES_Epistasis_3-Way_20atts_0_2H_EDM-1_1,361334,roc_auc,binary,1600.0,21.0,2.0,0.0,21.0,False,True,7.3783837129967145,3.091042453358316
GAMETES_Heterogeneity_20atts_1600_Het_0_4_0_2_50_EDM-2_001,361335,roc_auc,binary,1600.0,21.0,2.0,0.0,21.0,False,True,7.3783837129967145,3.091042453358316
GAMETES_Heterogeneity_20atts_1600_Het_0_4_0_2_75_EDM-2_001,361336,roc_auc,binary,1600.0,21.0,2.0,0.0,21.0,False,True,7.3783837129967145,3.091042453358316
GTSRB-HOG01,361326,log_loss,multiclass,51839.0,1569.0,43.0,1568.0,1.0,False,True,10.855917331026156,7.358830898342354
GTSRB-HOG02,361325,log_loss,multiclass,51839.0,1569.0,43.0,1568.0,1.0,False,True,10.855917331026156,7.358830898342354
GTSRB-HOG03,211980,log_loss,multiclass,51839.0,2917.0,43.0,2916.0,1.0,False,True,10.855917331026156,7.978653729082731
GTSRB-HueHist,361324,log_loss,multiclass,51839.0,257.0,43.0,256.0,1.0,False,True,10.855917331026156,5.552959584921617
GesturePhaseSegmentationProcessed,359970,log_loss,multiclass,9873.0,33.0,5.0,32.0,1.0,False,True,9.197660318818809,3.5263605246161616
Higgs,360114,roc_auc,binary,1000000.0,29.0,2.0,28.0,1.0,False,True,13.815511557963774,3.4011973816621555
Indian_pines,360859,log_loss,multiclass,9144.0,221.0,8.0,220.0,1.0,False,True,9.120962560824966,5.402677381872279
Internet-Advertisements,359966,roc_auc,binary,3279.0,1559.0,2.0,3.0,1556.0,False,True,8.09559870137819,7.352441100243583
KDDCup09-Upselling,360975,roc_auc,binary,50000.0,14892.0,2.0,14702.0,190.0,False,True,10.819798284210286,9.608646582885868
KDDCup09_appetency,3945,roc_auc,binary,50000.0,231.0,2.0,192.0,39.0,False,True,10.819798284210286,5.44673737166631
KDDCup99,360112,log_loss,multiclass,4898431.0,42.0,23.0,32.0,10.0,False,True,15.40442571186993,3.7612001156935624
Kuzushiji-49,211978,log_loss,multiclass,270912.0,785.0,49.0,784.0,1.0,False,True,12.509553015109313,6.666956792429207
Kuzushiji-MNIST,361327,log_loss,multiclass,70000.0,785.0,10.0,784.0,1.0,False,True,11.156264806643742,6.666956792429207
LED-display-domain-7digit,125921,log_loss,multiclass,500.0,8.0,10.0,7.0,1.0,False,True,6.2166061010848646,2.1972245773362196
MIP-2016-regression,360945,rmse,regression,1090.0,145.0,0.0,144.0,1.0,False,False,6.994849985833071,4.983606621708336
MagicTelescope,3954,roc_auc,binary,19020.0,12.0,2.0,11.0,1.0,False,True,9.85329891095284,2.5649493574615367
Mercedes_Benz_Greener_Manufacturing,233215,rmse,regression,4209.0,377.0,0.0,369.0,8.0,False,False,8.345217926676428,5.934894195619588
MiceProtein,146800,log_loss,multiclass,1080.0,82.0,8.0,77.0,5.0,True,True,6.985641817639208,4.418840607796598
MiniBooNE,359990,roc_auc,binary,130064.0,51.0,2.0,50.0,1.0,False,True,11.775789604479371,3.9512437185814275
Moneyball,167210,rmse,regression,1232.0,15.0,0.0,9.0,6.0,False,False,7.117205503164344,2.772588722239781
OVA_Breast,3962,roc_auc,binary,1545.0,10936.0,2.0,10935.0,1.0,False,True,7.343426229147367,9.299906815335225
OVA_Colon,3995,roc_auc,binary,1545.0,10936.0,2.0,10935.0,1.0,False,True,7.343426229147367,9.299906815335225
OVA_Endometrium,3976,roc_auc,binary,1545.0,10936.0,2.0,10935.0,1.0,False,True,7.343426229147367,9.299906815335225
OVA_Kidney,3968,roc_auc,binary,1545.0,10936.0,2.0,10935.0,1.0,False,True,7.343426229147367,9.299906815335225
OVA_Lung,3964,roc_auc,binary,1545.0,10936.0,2.0,10935.0,1.0,False,True,7.343426229147367,9.299906815335225
OVA_Ovary,4000,roc_auc,binary,1545.0,10936.0,2.0,10935.0,1.0,False,True,7.343426229147367,9.299906815335225
OVA_Prostate,3980,roc_auc,binary,1545.0,10937.0,2.0,10936.0,1.0,False,True,7.343426229147367,9.299998243906717
OnlineNewsPopularity,359941,rmse,regression,39644.0,60.0,0.0,60.0,0.0,False,False,10.5877201157065,4.110873864173311
PhishingWebsites,359971,roc_auc,binary,11055.0,31.0,2.0,0.0,31.0,False,True,9.310728546007452,3.4657359027997265
QSAR-TID-10980,360933,rmse,regression,5766.0,1026.0,0.0,1025.0,1.0,False,False,8.659907293615413,6.934397209928558
QSAR-TID-11,360932,rmse,regression,5742.0,1026.0,0.0,1025.0,1.0,False,False,8.655737000864297,6.934397209928558
Run_or_walk_information,361342,roc_auc,binary,88588.0,7.0,2.0,6.0,1.0,False,True,11.391762975386618,2.0794415416798357
SAT11-HAND-runtime-regression,359948,rmse,regression,4440.0,117.0,0.0,116.0,1.0,False,False,8.398634855292102,4.770684624465665
Santander_transaction_value,233214,rmse,regression,4459.0,4992.0,0.0,4992.0,0.0,False,False,8.40290404501411,8.51579221050061
Satellite,359975,roc_auc,binary,5100.0,37.0,2.0,36.0,1.0,False,True,8.537191877922927,3.6375861597263857
SpeedDating,125968,roc_auc,binary,8378.0,121.0,2.0,59.0,62.0,False,True,9.033483854613287,4.804021044733257
Titanic,361339,roc_auc,binary,2201.0,4.0,2.0,3.0,1.0,False,True,7.697121317282625,1.6094379124341003
Traffic_violations,361330,log_loss,multiclass,70340.0,21.0,3.0,1.0,20.0,False,True,11.161110122588845,3.091042453358316
UMIST_Faces_Cropped,168300,log_loss,multiclass,575.0,10305.0,20.0,10304.0,1.0,False,True,6.3561076606958915,9.24048152888817
Yolanda,317614,rmse,regression,400000.0,101.0,0.0,101.0,0.0,False,False,12.899222326086994,4.624972813284271
abalone,359944,rmse,regression,4177.0,9.0,0.0,8.0,1.0,False,False,8.33758794211651,2.302585092994046
ada,190411,roc_auc,binary,4147.0,49.0,2.0,48.0,1.0,False,True,8.330381569349418,3.912023005428146
adult,359983,roc_auc,binary,48842.0,15.0,2.0,6.0,9.0,False,True,10.796366351399625,2.772588722239781
ailerons,3600,roc_auc,binary,13750.0,41.0,2.0,40.0,1.0,False,True,9.528866827722945,3.7376696182833684
airlines,189354,roc_auc,binary,539383.0,8.0,2.0,3.0,5.0,False,True,13.198183026659763,2.1972245773362196
albert,189356,roc_auc,binary,425240.0,79.0,2.0,26.0,53.0,False,True,12.960411346012982,4.382026634673881
analcatdata_authorship,3549,log_loss,multiclass,841.0,71.0,4.0,70.0,1.0,True,True,6.7357800142423265,4.276666119016055
analcatdata_dmft,3560,log_loss,multiclass,797.0,5.0,6.0,0.0,5.0,True,True,6.682108597449809,1.791759469228055
anneal,2,log_loss,multiclass,898.0,39.0,5.0,6.0,33.0,False,True,6.80128303447162,3.6888794541139363
arcene,190412,roc_auc,binary,100.0,10001.0,2.0,10000.0,1.0,False,True,4.61512051684126,9.21054035197885
arsenic-female-bladder,3812,roc_auc,binary,559.0,5.0,2.0,3.0,2.0,False,True,6.327936783729195,1.791759469228055
artificial-characters,14963,log_loss,multiclass,10218.0,8.0,10.0,7.0,1.0,False,True,9.23200401161221,2.1972245773362196
autoUniv-au1-1000,9909,roc_auc,binary,1000.0,21.0,2.0,20.0,1.0,False,True,6.90875477931522,3.091042453358316
autoUniv-au6-750,9904,log_loss,multiclass,750.0,41.0,8.0,37.0,4.0,False,True,6.621405651764134,3.7376696182833684
autoUniv-au7-1100,9906,log_loss,multiclass,1100.0,13.0,5.0,8.0,5.0,False,True,7.00397413672268,2.6390573296152584
autoUniv-au7-700,9905,log_loss,multiclass,700.0,13.0,3.0,8.0,5.0,False,True,6.55250788703459,2.6390573296152584
balance-scale,11,log_loss,multiclass,625.0,5.0,3.0,4.0,1.0,True,True,6.439350371100098,1.791759469228055
bank-marketing,359982,roc_auc,binary,45211.0,17.0,2.0,7.0,10.0,False,True,10.719117817310622,2.8903717578961645
bank32nh,3698,roc_auc,binary,8192.0,33.0,2.0,32.0,1.0,False,True,9.011035410141815,3.5263605246161616
bank8FM,3591,roc_auc,binary,8192.0,9.0,2.0,8.0,1.0,False,True,9.011035410141815,2.302585092994046
baseball,2077,log_loss,multiclass,1340.0,17.0,3.0,15.0,2.0,False,True,7.201170883281678,2.8903717578961645
black_friday,359937,rmse,regression,166821.0,10.0,0.0,6.0,4.0,False,False,12.024682654693883,2.3978952727983707
blood-transfusion-service-center,359955,roc_auc,binary,748.0,5.0,2.0,4.0,1.0,False,True,6.618738983517219,1.791759469228055
boston,359950,rmse,regression,506.0,14.0,0.0,12.0,2.0,False,False,6.2285110035911835,2.70805020110221
boston_corrected,3690,roc_auc,binary,506.0,21.0,2.0,17.0,4.0,False,True,6.2285110035911835,3.091042453358316
car,359960,log_loss,multiclass,1728.0,7.0,4.0,0.0,7.0,False,True,7.455298485683291,2.0794415416798357
cardiotocography,9979,log_loss,multiclass,2126.0,36.0,10.0,35.0,1.0,False,True,7.6624678152002375,3.6109179126442243
christine,359973,roc_auc,binary,5418.0,1637.0,2.0,1599.0,38.0,False,True,8.597666575566114,7.401231264413015
churn,359968,roc_auc,binary,5000.0,21.0,2.0,16.0,5.0,False,True,8.517393171418904,3.091042453358316
climate-model-simulation-crashes,146819,roc_auc,binary,540.0,21.0,2.0,20.0,1.0,True,True,6.293419278846481,3.091042453358316
cmc,359959,log_loss,multiclass,1473.0,10.0,3.0,2.0,8.0,False,True,7.295735072749282,2.3978952727983707
cnae-9,359957,log_loss,multiclass,1080.0,857.0,9.0,856.0,1.0,False,True,6.985641817639208,6.754604099487962
colleges,359942,rmse,regression,7063.0,45.0,0.0,33.0,12.0,False,False,8.862766742283796,3.828641396489095
colleges_usnews,3793,roc_auc,binary,1302.0,34.0,2.0,32.0,2.0,False,True,7.172424577124845,3.5553480614894135
collins,146802,log_loss,multiclass,1000.0,24.0,30.0,20.0,4.0,False,True,6.90875477931522,3.2188758248682006
connect-4,359977,log_loss,multiclass,67557.0,43.0,3.0,0.0,43.0,False,True,11.120741767167978,3.784189633918261
covertype,7593,log_loss,multiclass,581012.0,55.0,7.0,10.0,45.0,False,True,13.272528410798873,4.02535169073515
cpu_act,3627,roc_auc,binary,8192.0,22.0,2.0,21.0,1.0,False,True,9.011035410141815,3.1354942159291497
cpu_small,3601,roc_auc,binary,8192.0,13.0,2.0,12.0,1.0,False,True,9.011035410141815,2.6390573296152584
credit-g,168757,roc_auc,binary,1000.0,21.0,2.0,7.0,14.0,False,True,6.90875477931522,3.091042453358316
cylinder-bands,14954,roc_auc,binary,540.0,40.0,2.0,18.0,22.0,True,True,6.293419278846481,3.713572066704308
delta_ailerons,3668,roc_auc,binary,7129.0,6.0,2.0,5.0,1.0,False,True,8.872066513408342,1.9459101490553132
delta_elevators,3684,roc_auc,binary,9517.0,7.0,2.0,6.0,1.0,False,True,9.160940021681055,2.0794415416798357
diabetes,37,roc_auc,binary,768.0,9.0,2.0,8.0,1.0,True,True,6.645090969505644,2.302585092994046
diamonds,233211,rmse,regression,53940.0,10.0,0.0,7.0,3.0,False,False,10.895646135639412,2.3978952727983707
dilbert,168909,log_loss,multiclass,10000.0,2001.0,5.0,2000.0,1.0,False,True,9.210440366976517,7.601901959875166
dionis,189355,log_loss,multiclass,416188.0,61.0,355.0,60.0,1.0,False,True,12.93889476299125,4.127134385045092
dna,359964,log_loss,multiclass,3186.0,181.0,3.0,0.0,181.0,False,True,8.066835314417336,5.204006687076795
dresses-sales,125920,roc_auc,binary,500.0,13.0,2.0,1.0,12.0,True,True,6.2166061010848646,2.6390573296152584
eating,7307,log_loss,multiclass,945.0,6374.0,7.0,6373.0,1.0,False,True,6.852242569051878,8.760139370026627
eeg-eye-state,9983,roc_auc,binary,14980.0,15.0,2.0,14.0,1.0,False,True,9.614538010517382,2.772588722239781
electricity,219,roc_auc,binary,45312.0,9.0,2.0,7.0,2.0,True,True,10.72134924601891,2.302585092994046
elevators,359936,rmse,regression,16599.0,19.0,0.0,19.0,0.0,False,False,9.717157974344635,2.995732273553991
eucalyptus,359954,log_loss,multiclass,736.0,20.0,5.0,14.0,6.0,False,True,6.602587892189336,3.044522437723423
eye_movements,3897,log_loss,multiclass,10936.0,28.0,3.0,24.0,4.0,False,True,9.299906815335225,3.367295829986474
fabert,168910,log_loss,multiclass,8237.0,801.0,7.0,800.0,1.0,False,True,9.016512874996026,6.687108607866515
fars,361343,log_loss,multiclass,100968.0,30.0,8.0,14.0,16.0,False,True,11.522568818017461,3.4339872044851463
first-order-theorem-proving,359969,log_loss,multiclass,6118.0,52.0,6.0,51.0,1.0,False,True,8.71915396346254,3.970291913552122
fri_c0_1000_5,3664,roc_auc,binary,1000.0,6.0,2.0,5.0,1.0,False,True,6.90875477931522,1.9459101490553132
fri_c0_500_5,3747,roc_auc,binary,500.0,6.0,2.0,5.0,1.0,False,True,6.2166061010848646,1.9459101490553132
fri_c1_1000_50,3702,roc_auc,binary,1000.0,51.0,2.0,50.0,1.0,False,True,6.90875477931522,3.9512437185814275
fri_c2_1000_25,3766,roc_auc,binary,1000.0,26.0,2.0,25.0,1.0,False,True,6.90875477931522,3.295836866004329
fri_c2_500_50,3783,roc_auc,binary,500.0,51.0,2.0,50.0,1.0,False,True,6.2166061010848646,3.9512437185814275
fri_c3_1000_10,3606,roc_auc,binary,1000.0,11.0,2.0,10.0,1.0,False,True,6.90875477931522,2.4849066497880004
fri_c3_1000_25,3581,roc_auc,binary,1000.0,26.0,2.0,25.0,1.0,False,True,6.90875477931522,3.295836866004329
fri_c3_500_10,3799,roc_auc,binary,500.0,11.0,2.0,10.0,1.0,False,True,6.2166061010848646,2.4849066497880004
fri_c3_500_50,3800,roc_auc,binary,500.0,51.0,2.0,50.0,1.0,False,True,6.2166061010848646,3.9512437185814275
fri_c4_500_100,3608,roc_auc,binary,500.0,101.0,2.0,100.0,1.0,False,True,6.2166061010848646,4.624972813284271
fried,3764,roc_auc,binary,40768.0,11.0,2.0,10.0,1.0,False,True,10.615677267673389,2.4849066497880004
gina,189922,roc_auc,binary,3153.0,971.0,2.0,970.0,1.0,False,True,8.056426767522984,6.879355804460439
guillermo,359988,roc_auc,binary,20000.0,4297.0,2.0,4296.0,1.0,False,True,9.90353755128617,8.365905077202456
har,14970,log_loss,multiclass,10299.0,562.0,6.0,561.0,1.0,True,True,9.239899174217728,6.333279628139691
helena,359984,log_loss,multiclass,65196.0,28.0,100.0,27.0,1.0,False,True,11.085168734586208,3.367295829986474
hill-valley,9970,roc_auc,binary,1212.0,101.0,2.0,100.0,1.0,False,True,7.10085190894405,4.624972813284271
hiva_agnostic,3892,roc_auc,binary,4229.0,1618.0,2.0,1617.0,1.0,False,True,8.349957272040324,7.389563953677635
house_16H,359952,rmse,regression,22784.0,17.0,0.0,17.0,0.0,False,False,10.033857703697983,2.8903717578961645
house_prices_nominal,359951,rmse,regression,1460.0,80.0,0.0,37.0,43.0,False,False,7.2868764117507,4.394449154672439
house_sales,359949,rmse,regression,21613.0,22.0,0.0,21.0,1.0,False,False,9.98109653186311,3.1354942159291497
houses,3688,roc_auc,binary,20640.0,9.0,2.0,8.0,1.0,False,True,9.935034668034257,2.302585092994046
hypothyroid,3011,log_loss,multiclass,3772.0,30.0,4.0,7.0,23.0,False,True,8.235625719964311,3.4339872044851463
ilpd,9971,roc_auc,binary,583.0,11.0,2.0,9.0,2.0,True,True,6.369900982828227,2.4849066497880004
isolet,3481,log_loss,multiclass,7797.0,618.0,26.0,617.0,1.0,True,True,8.961622569542543,6.428105272684596
jannis,211979,log_loss,multiclass,83733.0,55.0,4.0,54.0,1.0,False,True,11.335400386659815,4.02535169073515
jasmine,168911,roc_auc,binary,2984.0,145.0,2.0,8.0,137.0,False,True,8.001355025826703,4.983606621708336
jm1,3904,roc_auc,binary,10885.0,22.0,2.0,21.0,1.0,True,True,9.295232838994146,3.1354942159291497
jungle_chess_2pcs_raw_endgame_complete,359981,log_loss,multiclass,44819.0,7.0,3.0,6.0,1.0,False,True,10.710409747354918,2.0794415416798357
kc1,359962,roc_auc,binary,2109.0,22.0,2.0,21.0,1.0,False,True,7.6544432264701125,3.1354942159291497
kc2,3913,roc_auc,binary,522.0,22.0,2.0,21.0,1.0,True,True,6.259581464064923,3.1354942159291497
kdd_el_nino-small,3704,roc_auc,binary,782.0,9.0,2.0,6.0,3.0,False,True,6.663132695990803,2.302585092994046
kdd_internet_usage,3844,roc_auc,binary,10108.0,69.0,2.0,0.0,69.0,False,True,9.221181395154058,4.248495242049359
kick,359991,roc_auc,binary,72983.0,33.0,2.0,14.0,19.0,False,True,11.19799551802531,3.5263605246161616
kin8nm,3672,roc_auc,binary,8192.0,9.0,2.0,8.0,1.0,False,True,9.011035410141815,2.302585092994046
kr-vs-k,9972,log_loss,multiclass,28056.0,7.0,18.0,3.0,4.0,False,True,10.241993434184533,2.0794415416798357
kropt,2076,log_loss,multiclass,28056.0,7.0,18.0,0.0,7.0,False,True,10.241993434184533,2.0794415416798357
ldpa,9974,log_loss,multiclass,164860.0,8.0,11.0,5.0,3.0,False,True,12.012857973601582,2.1972245773362196
led24,361344,log_loss,multiclass,3200.0,25.0,10.0,0.0,25.0,False,True,8.071218539969863,3.258096538021482
letter,6,log_loss,multiclass,20000.0,17.0,26.0,16.0,1.0,True,True,9.90353755128617,2.8903717578961645
madeline,190392,roc_auc,binary,3140.0,260.0,2.0,259.0,1.0,False,True,8.052296499538647,5.564520407322694
madelon,9976,roc_auc,binary,2600.0,501.0,2.0,500.0,1.0,True,True,7.8636512654486515,6.218600119691729
mammography,3483,roc_auc,binary,11183.0,7.0,2.0,6.0,1.0,False,True,9.322239464473592,2.0794415416798357
mc1,3907,roc_auc,binary,9466.0,39.0,2.0,38.0,1.0,False,True,9.15556734612889,3.6888794541139363
meta,3623,roc_auc,binary,528.0,22.0,2.0,19.0,3.0,False,True,6.270988431858299,3.1354942159291497
mfeat-factors,359961,log_loss,multiclass,2000.0,217.0,10.0,216.0,1.0,False,True,7.601402334583733,5.384495062789089
micro-mass,359953,log_loss,multiclass,571.0,1301.0,20.0,1300.0,1.0,False,True,6.349138991379798,7.171656822768514
microaggregation2,189773,log_loss,multiclass,20000.0,21.0,5.0,20.0,1.0,False,True,9.90353755128617,3.091042453358316
mnist_784,3573,log_loss,multiclass,70000.0,785.0,10.0,784.0,1.0,True,True,11.156264806643742,6.666956792429207
mozilla4,3899,roc_auc,binary,15545.0,6.0,2.0,5.0,1.0,False,True,9.651558649790164,1.9459101490553132
no2,3749,roc_auc,binary,500.0,8.0,2.0,7.0,1.0,False,True,6.2166061010848646,2.1972245773362196
nomao,359980,roc_auc,binary,34465.0,119.0,2.0,89.0,30.0,False,True,10.447728609841523,4.787491742782046
numerai28_6,167120,roc_auc,binary,96320.0,22.0,2.0,21.0,1.0,True,True,11.475441642548555,3.1354942159291497
nursery,26,log_loss,multiclass,12960.0,9.0,5.0,0.0,9.0,False,True,9.469700127423375,2.302585092994046
nyc-taxi-green-dec-2016,359943,rmse,regression,581835.0,19.0,0.0,10.0,9.0,False,False,13.273943900062594,2.995732273553991
okcupid-stem,359993,log_loss,multiclass,50789.0,20.0,3.0,2.0,18.0,False,True,10.83545476379529,3.044522437723423
one-hundred-plants-margin,9954,log_loss,multiclass,1600.0,65.0,100.0,64.0,1.0,False,True,7.3783837129967145,4.189654742026425
optdigits,28,log_loss,multiclass,5620.0,65.0,10.0,64.0,1.0,True,True,8.634264863002075,4.189654742026425
ozone-level-8hr,190137,roc_auc,binary,2534.0,73.0,2.0,72.0,1.0,False,True,7.837948916025283,4.30406509320417
page-blocks,30,log_loss,multiclass,5473.0,11.0,5.0,10.0,1.0,False,True,8.607764889600624,2.4849066497880004
parity5_plus_5,361341,roc_auc,binary,1124.0,11.0,2.0,0.0,11.0,False,True,7.025538314638521,2.4849066497880004
pbcseq,3667,roc_auc,binary,1945.0,19.0,2.0,12.0,7.0,False,True,7.57353126274595,2.995732273553991
pc1,3918,roc_auc,binary,1109.0,22.0,2.0,21.0,1.0,True,True,7.01211529430638,3.1354942159291497
pc2,3919,roc_auc,binary,5589.0,37.0,2.0,36.0,1.0,False,True,8.628734566149145,3.6375861597263857
pc3,3903,roc_auc,binary,1563.0,38.0,2.0,37.0,1.0,True,True,7.355001921105257,3.6635616461296463
pc4,359958,roc_auc,binary,1458.0,38.0,2.0,37.0,1.0,False,True,7.285506548522785,3.6635616461296463
pendigits,32,log_loss,multiclass,10992.0,17.0,10.0,16.0,1.0,True,True,9.305013985578864,2.8903717578961645
philippine,190410,roc_auc,binary,5832.0,309.0,2.0,308.0,1.0,False,True,8.671286726753637,5.736572297479192
phoneme,168350,roc_auc,binary,5404.0,6.0,2.0,5.0,1.0,False,True,8.595079730073309,1.9459101490553132
pm10,3616,roc_auc,binary,500.0,8.0,2.0,7.0,1.0,False,True,6.2166061010848646,2.1972245773362196
pokerhand,223,log_loss,multiclass,829201.0,11.0,10.0,5.0,6.0,False,True,13.62821907150419,2.4849066497880004
pol,359946,rmse,regression,15000.0,49.0,0.0,49.0,0.0,False,False,9.61587214452889,3.912023005428146
pollen,3735,roc_auc,binary,3848.0,6.0,2.0,5.0,1.0,False,True,8.255568653283746,1.9459101490553132
porto-seguro,360113,roc_auc,binary,595212.0,58.0,2.0,26.0,32.0,False,True,13.29667460366035,4.07753744390572
puma32H,3618,roc_auc,binary,8192.0,33.0,2.0,32.0,1.0,False,True,9.011035410141815,3.5263605246161616
puma8NH,3681,roc_auc,binary,8192.0,9.0,2.0,8.0,1.0,False,True,9.011035410141815,2.302585092994046
qsar-biodeg,359956,roc_auc,binary,1055.0,42.0,2.0,41.0,1.0,False,True,6.962243464266207,3.7612001156935624
quake,359930,rmse,regression,2178.0,4.0,0.0,4.0,0.0,False,False,7.68662133494462,1.6094379124341003
riccardo,359989,roc_auc,binary,20000.0,4297.0,2.0,4296.0,1.0,False,True,9.90353755128617,8.365905077202456
ringnorm,9959,roc_auc,binary,7400.0,21.0,2.0,20.0,1.0,False,True,8.909370405197466,3.091042453358316
rmftsa_ladata,3583,roc_auc,binary,508.0,11.0,2.0,10.0,1.0,False,True,6.2324480165505225,2.4849066497880004
robert,359986,log_loss,multiclass,10000.0,7201.0,10.0,7200.0,1.0,False,True,9.210440366976517,8.882114044208821
satimage,2074,log_loss,multiclass,6430.0,37.0,6.0,36.0,1.0,True,True,8.768885326134862,3.6375861597263857
segment,359963,log_loss,multiclass,2310.0,20.0,7.0,19.0,1.0,False,True,7.745435610274381,3.044522437723423
semeion,9964,log_loss,multiclass,1593.0,257.0,10.0,256.0,1.0,True,True,7.374001859350161,5.552959584921617
sensory,359931,rmse,regression,576.0,12.0,0.0,1.0,11.0,False,False,6.3578422665081,2.5649493574615367
sf-police-incidents,359994,roc_auc,binary,2215023.0,9.0,2.0,3.0,6.0,False,True,14.610773796617119,2.302585092994046
shuttle,359987,log_loss,multiclass,58000.0,10.0,7.0,9.0,1.0,False,True,10.968215530759236,2.3978952727983707
socmob,359932,rmse,regression,1156.0,6.0,0.0,2.0,4.0,False,False,7.053585727193677,1.9459101490553132
soybean,41,log_loss,multiclass,683.0,36.0,19.0,0.0,36.0,False,True,6.52795791762255,3.6109179126442243
space_ga,359933,rmse,regression,3107.0,7.0,0.0,7.0,0.0,False,False,8.041734711487537,2.0794415416798357
spambase,43,roc_auc,binary,4601.0,58.0,2.0,57.0,1.0,True,True,8.434246270595311,4.07753744390572
splice,45,log_loss,multiclass,3190.0,61.0,3.0,0.0,61.0,True,True,8.068089626278244,4.127134385045092
spoken-arabic-digit,9966,log_loss,multiclass,263256.0,15.0,10.0,14.0,1.0,False,True,12.480886020335953,2.772588722239781
steel-plates-fault,168784,log_loss,multiclass,1941.0,28.0,7.0,27.0,1.0,False,True,7.571473648851271,3.367295829986474
sylvine,359972,roc_auc,binary,5124.0,21.0,2.0,20.0,1.0,False,True,8.54188580400661,3.091042453358316
synthetic_control,3512,log_loss,multiclass,600.0,61.0,6.0,60.0,1.0,False,True,6.398594934535208,4.127134385045092
tamilnadu-electricity,146823,log_loss,multiclass,45781.0,4.0,20.0,2.0,2.0,False,True,10.731646279751951,1.6094379124341003
tecator,359934,rmse,regression,240.0,125.0,0.0,125.0,0.0,False,False,5.484796933490655,4.836281906951478
texture,125922,log_loss,multiclass,5500.0,41.0,11.0,40.0,1.0,True,True,8.612685172875459,3.7376696182833684
tokyo1,361340,roc_auc,binary,959.0,45.0,2.0,42.0,3.0,False,True,6.866933284461882,3.828641396489095
topo_2_1,359939,rmse,regression,8885.0,267.0,0.0,267.0,0.0,False,False,9.092232283495854,5.5909869805108565
twonorm,9943,roc_auc,binary,7400.0,21.0,2.0,20.0,1.0,False,True,8.909370405197466,3.091042453358316
us_crime,359945,rmse,regression,1994.0,127.0,0.0,127.0,0.0,False,False,7.598399329323964,4.852030263919617
vehicle,190146,log_loss,multiclass,846.0,19.0,4.0,18.0,1.0,False,True,6.741700694652055,2.995732273553991
visualizing_soil,3786,roc_auc,binary,8641.0,5.0,2.0,3.0,2.0,False,True,9.064389316491878,1.791759469228055
volcanoes-a2,9924,log_loss,multiclass,1623.0,4.0,5.0,3.0,1.0,False,True,7.392647520721623,1.6094379124341003
volcanoes-a3,9925,log_loss,multiclass,1521.0,4.0,5.0,3.0,1.0,False,True,7.3277805384216315,1.6094379124341003
volcanoes-a4,9926,log_loss,multiclass,1515.0,4.0,5.0,3.0,1.0,False,True,7.323830566202317,1.6094379124341003
volcanoes-b1,9927,log_loss,multiclass,10176.0,4.0,5.0,3.0,1.0,False,True,9.227885551191932,1.6094379124341003
volcanoes-b2,9928,log_loss,multiclass,10668.0,4.0,5.0,3.0,1.0,False,True,9.275097619191461,1.6094379124341003
volcanoes-b5,9931,log_loss,multiclass,9989.0,4.0,5.0,3.0,1.0,False,True,9.2093398716426,1.6094379124341003
volcanoes-b6,9932,log_loss,multiclass,10130.0,4.0,5.0,3.0,1.0,False,True,9.223355309053677,1.6094379124341003
volcanoes-d1,9920,log_loss,multiclass,8753.0,4.0,5.0,3.0,1.0,False,True,9.07726601775084,1.6094379124341003
volcanoes-d4,9923,log_loss,multiclass,8654.0,4.0,5.0,3.0,1.0,False,True,9.06589246761031,1.6094379124341003
volcanoes-e1,9915,log_loss,multiclass,1183.0,4.0,5.0,3.0,1.0,False,True,7.076653815443951,1.6094379124341003
volkert,359985,log_loss,multiclass,58310.0,181.0,10.0,180.0,1.0,False,True,10.973546033786176,5.204006687076795
walking-activity,9945,log_loss,multiclass,149332.0,5.0,22.0,4.0,1.0,False,True,11.913933990583665,1.791759469228055
wall-robot-navigation,9960,log_loss,multiclass,5456.0,25.0,4.0,24.0,1.0,True,True,8.604654467186231,3.258096538021482
waveform-5000,58,log_loss,multiclass,5000.0,41.0,3.0,40.0,1.0,False,True,8.517393171418904,3.7376696182833684
wilt,146820,roc_auc,binary,4839.0,6.0,2.0,5.0,1.0,True,True,8.484669999710677,1.9459101490553132
wind,3712,roc_auc,binary,6574.0,15.0,2.0,14.0,1.0,False,True,8.791029857045965,2.772588722239781
wine-quality-red,361345,log_loss,multiclass,1599.0,12.0,6.0,11.0,1.0,False,True,7.3777589082278725,2.5649493574615367
wine-quality-white,359974,log_loss,multiclass,4898.0,12.0,7.0,11.0,1.0,False,True,8.496786381638575,2.5649493574615367
wine_quality,359935,rmse,regression,6497.0,12.0,0.0,12.0,0.0,False,False,8.779249716229046,2.5649493574615367
yeast,2073,log_loss,multiclass,1484.0,9.0,10.0,8.0,1.0,False,True,7.3031700512368,2.302585092994046
yprop_4_1,359940,rmse,regression,8885.0,252.0,0.0,252.0,0.0,False,False,9.092232283495854,5.53338948872752
