domain,fail_frac,fail_h,fail_n,frac,h,n,succ_frac,succ_h,succ_n,task_id
airline,0.0,0,11,0.0,0,12,0.0,0,1,0
airline,0.4,2,5,0.6666666666666666,8,12,0.8571428571428571,6,7,1
airline,0.0,0,10,0.0,0,12,0.0,0,2,10
airline,0.0,0,9,0.0,0,12,0.0,0,3,11
airline,,0,0,0.5,6,12,0.5,6,12,12
airline,0.0,0,4,0.25,3,12,0.375,3,8,13
airline,0.0,0,6,0.0,0,12,0.0,0,6,14
airline,0.3333333333333333,2,6,0.4166666666666667,5,12,0.5,3,6,15
airline,0.4,2,5,0.75,9,12,1.0,7,7,16
airline,0.1,1,10,0.16666666666666666,2,12,0.5,1,2,17
airline,,0,0,0.0,0,12,0.0,0,12,18
airline,0.0,0,12,0.0,0,12,,0,0,19
airline,0.75,3,4,0.8333333333333334,10,12,0.875,7,8,2
airline,0.0,0,4,0.0,0,12,0.0,0,8,20
airline,0.0,0,3,0.08333333333333333,1,12,0.1111111111111111,1,9,21
airline,0.08333333333333333,1,12,0.08333333333333333,1,12,,0,0,22
airline,0.0,0,12,0.0,0,12,,0,0,23
airline,0.0,0,2,0.0,0,12,0.0,0,10,24
airline,0.08333333333333333,1,12,0.08333333333333333,1,12,,0,0,25
airline,0.1,1,10,0.08333333333333333,1,12,0.0,0,2,26
airline,0.2222222222222222,2,9,0.16666666666666666,2,12,0.0,0,3,27
airline,0.7,7,10,0.75,9,12,1.0,2,2,28
airline,0.625,5,8,0.6666666666666666,8,12,0.75,3,4,29
airline,0.9166666666666666,11,12,0.9166666666666666,11,12,,0,0,3
airline,1.0,9,9,1.0,12,12,1.0,3,3,30
airline,1.0,8,8,0.9166666666666666,11,12,0.75,3,4,31
airline,0.0,0,10,0.0,0,12,0.0,0,2,32
airline,0.6666666666666666,8,12,0.6666666666666666,8,12,,0,0,33
airline,0.25,1,4,0.3333333333333333,4,12,0.375,3,8,34
airline,0.0,0,1,0.0,0,12,0.0,0,11,35
airline,,0,0,0.08333333333333333,1,12,0.08333333333333333,1,12,36
airline,1.0,6,6,0.8333333333333334,10,12,0.6666666666666666,4,6,37
airline,,0,0,0.0,0,12,0.0,0,12,38
airline,0.0,0,4,0.0,0,12,0.0,0,8,39
airline,0.75,6,8,0.8333333333333334,10,12,1.0,4,4,4
airline,1.0,3,3,1.0,12,12,1.0,9,9,40
airline,0.0,0,6,0.0,0,12,0.0,0,6,41
airline,,0,0,0.0,0,12,0.0,0,12,42
airline,0.0,0,3,0.0,0,12,0.0,0,9,43
airline,0.0,0,2,0.0,0,12,0.0,0,10,44
airline,0.2,2,10,0.16666666666666666,2,12,0.0,0,2,45
airline,0.6,6,10,0.5833333333333334,7,12,0.5,1,2,46
airline,0.6666666666666666,6,9,0.5,6,12,0.0,0,3,47
airline,0.0,0,6,0.0,0,12,0.0,0,6,48
airline,,0,0,0.0,0,12,0.0,0,12,49
airline,0.5,3,6,0.6666666666666666,8,12,0.8333333333333334,5,6,5
airline,0.6666666666666666,6,9,0.6666666666666666,8,12,0.6666666666666666,2,3,6
airline,0.6,6,10,0.5833333333333334,7,12,0.5,1,2,7
airline,0.0,0,12,0.0,0,12,,0,0,8
airline,0.0,0,8,0.0,0,12,0.0,0,4,9
retail,0.3333333333333333,1,3,0.16666666666666666,2,12,0.1111111111111111,1,9,0
retail,0.0,0,1,0.25,3,12,0.2727272727272727,3,11,1
retail,,0,0,0.8333333333333334,10,12,0.8333333333333334,10,12,10
retail,0.8571428571428571,6,7,0.75,9,12,0.6,3,5,100
retail,0.8181818181818182,9,11,0.8333333333333334,10,12,1.0,1,1,101
retail,0.5,4,8,0.4166666666666667,5,12,0.25,1,4,102
retail,0.5,1,2,0.5,6,12,0.5,5,10,103
retail,0.2727272727272727,3,11,0.25,3,12,0.0,0,1,104
retail,0.18181818181818182,2,11,0.16666666666666666,2,12,0.0,0,1,105
retail,0.0,0,1,0.0,0,12,0.0,0,11,106
retail,0.5,1,2,0.75,9,12,0.8,8,10,107
retail,0.0,0,3,0.08333333333333333,1,12,0.1111111111111111,1,9,108
retail,0.3333333333333333,1,3,0.8333333333333334,10,12,1.0,9,9,109
retail,,0,0,0.8333333333333334,10,12,0.8333333333333334,10,12,11
retail,0.2222222222222222,2,9,0.25,3,12,0.3333333333333333,1,3,110
retail,0.42857142857142855,3,7,0.5833333333333334,7,12,0.8,4,5,111
retail,0.5,3,6,0.6666666666666666,8,12,0.8333333333333334,5,6,112
retail,0.3333333333333333,2,6,0.25,3,12,0.16666666666666666,1,6,113
retail,,0,0,1.0,12,12,1.0,12,12,114
retail,1.0,1,1,0.75,9,12,0.7272727272727273,8,11,12
retail,0.0,0,1,0.5833333333333334,7,12,0.6363636363636364,7,11,13
retail,0.3333333333333333,1,3,0.8333333333333334,10,12,1.0,9,9,14
retail,0.6666666666666666,2,3,0.4166666666666667,5,12,0.3333333333333333,3,9,15
retail,1.0,5,5,1.0,12,12,1.0,7,7,16
retail,,0,0,0.0,0,12,0.0,0,12,17
retail,,0,0,0.6666666666666666,8,12,0.6666666666666666,8,12,18
retail,0.6666666666666666,2,3,0.9166666666666666,11,12,1.0,9,9,19
retail,1.0,2,2,0.9166666666666666,11,12,0.9,9,10,2
retail,0.9,9,10,0.9166666666666666,11,12,1.0,2,2,20
retail,0.6666666666666666,6,9,0.5,6,12,0.0,0,3,21
retail,0.0,0,9,0.0,0,12,0.0,0,3,22
retail,0.3333333333333333,1,3,0.5833333333333334,7,12,0.6666666666666666,6,9,23
retail,0.0,0,1,0.6666666666666666,8,12,0.7272727272727273,8,11,24
retail,,0,0,0.16666666666666666,2,12,0.16666666666666666,2,12,25
retail,0.0,0,1,0.08333333333333333,1,12,0.09090909090909091,1,11,26
retail,0.625,5,8,0.6666666666666666,8,12,0.75,3,4,27
retail,0.75,3,4,0.6666666666666666,8,12,0.625,5,8,28
retail,1.0,1,1,0.3333333333333333,4,12,0.2727272727272727,3,11,29
retail,1.0,6,6,0.8333333333333334,10,12,0.6666666666666666,4,6,3
retail,1.0,1,1,0.75,9,12,0.7272727272727273,8,11,30
retail,,0,0,0.3333333333333333,4,12,0.3333333333333333,4,12,31
retail,0.0,0,2,0.5833333333333334,7,12,0.7,7,10,32
retail,0.0,0,6,0.0,0,12,0.0,0,6,33
retail,0.08333333333333333,1,12,0.08333333333333333,1,12,,0,0,34
retail,1.0,3,3,0.9166666666666666,11,12,0.8888888888888888,8,9,35
retail,,0,0,0.3333333333333333,4,12,0.3333333333333333,4,12,36
retail,,0,0,0.08333333333333333,1,12,0.08333333333333333,1,12,37
retail,0.0,0,1,0.0,0,12,0.0,0,11,38
retail,,0,0,0.0,0,12,0.0,0,12,39
retail,0.8,4,5,0.75,9,12,0.7142857142857143,5,7,4
retail,,0,0,0.0,0,12,0.0,0,12,40
retail,0.6666666666666666,8,12,0.6666666666666666,8,12,,0,0,41
retail,0.0,0,10,0.0,0,12,0.0,0,2,42
retail,1.0,1,1,1.0,12,12,1.0,11,11,43
retail,,0,0,0.0,0,12,0.0,0,12,44
retail,0.75,3,4,0.5,6,12,0.375,3,8,45
retail,0.3333333333333333,1,3,0.16666666666666666,2,12,0.1111111111111111,1,9,46
retail,0.0,0,1,0.3333333333333333,4,12,0.36363636363636365,4,11,47
retail,0.0,0,1,0.6666666666666666,8,12,0.7272727272727273,8,11,48
retail,0.42857142857142855,3,7,0.5833333333333334,7,12,0.8,4,5,49
retail,0.09090909090909091,1,11,0.16666666666666666,2,12,1.0,1,1,5
retail,,0,0,0.0,0,12,0.0,0,12,50
retail,0.0,0,1,0.0,0,12,0.0,0,11,51
retail,,0,0,0.08333333333333333,1,12,0.08333333333333333,1,12,52
retail,,0,0,0.6666666666666666,8,12,0.6666666666666666,8,12,53
retail,1.0,10,10,1.0,12,12,1.0,2,2,54
retail,0.8888888888888888,8,9,0.8333333333333334,10,12,0.6666666666666666,2,3,55
retail,0.6,3,5,0.8333333333333334,10,12,1.0,7,7,56
retail,0.0,0,2,0.0,0,12,0.0,0,10,57
retail,0.0,0,1,0.16666666666666666,2,12,0.18181818181818182,2,11,58
retail,,0,0,0.0,0,12,0.0,0,12,59
retail,0.0,0,7,0.3333333333333333,4,12,0.8,4,5,6
retail,0.0,0,5,0.0,0,12,0.0,0,7,60
retail,,0,0,0.0,0,12,0.0,0,12,61
retail,,0,0,0.8333333333333334,10,12,0.8333333333333334,10,12,62
retail,,0,0,0.6666666666666666,8,12,0.6666666666666666,8,12,63
retail,0.3333333333333333,2,6,0.25,3,12,0.16666666666666666,1,6,64
retail,,0,0,0.4166666666666667,5,12,0.4166666666666667,5,12,65
retail,1.0,9,9,0.75,9,12,0.0,0,3,66
retail,0.0,0,2,0.0,0,12,0.0,0,10,67
retail,,0,0,0.5833333333333334,7,12,0.5833333333333334,7,12,68
retail,0.0,0,1,0.3333333333333333,4,12,0.36363636363636365,4,11,69
retail,0.14285714285714285,1,7,0.25,3,12,0.4,2,5,7
retail,,0,0,0.5,6,12,0.5,6,12,70
retail,0.2,1,5,0.08333333333333333,1,12,0.0,0,7,71
retail,0.5714285714285714,4,7,0.6666666666666666,8,12,0.8,4,5,72
retail,,0,0,0.0,0,12,0.0,0,12,73
retail,0.6,6,10,0.5833333333333334,7,12,0.5,1,2,74
retail,1.0,1,1,0.5,6,12,0.45454545454545453,5,11,75
retail,0.0,0,2,0.25,3,12,0.3,3,10,76
retail,0.0,0,2,0.0,0,12,0.0,0,10,77
retail,0.0,0,1,0.0,0,12,0.0,0,11,78
retail,0.75,9,12,0.75,9,12,,0,0,79
retail,0.1,1,10,0.16666666666666666,2,12,0.5,1,2,8
retail,0.0,0,1,0.16666666666666666,2,12,0.18181818181818182,2,11,80
retail,0.16666666666666666,1,6,0.08333333333333333,1,12,0.0,0,6,81
retail,0.7,7,10,0.75,9,12,1.0,2,2,82
retail,0.0,0,3,0.75,9,12,1.0,9,9,83
retail,,0,0,0.9166666666666666,11,12,0.9166666666666666,11,12,84
retail,0.75,3,4,0.9166666666666666,11,12,1.0,8,8,85
retail,1.0,1,1,1.0,12,12,1.0,11,11,86
retail,1.0,3,3,0.4166666666666667,5,12,0.2222222222222222,2,9,87
retail,1.0,1,1,0.75,9,12,0.7272727272727273,8,11,88
retail,0.8333333333333334,5,6,0.6666666666666666,8,12,0.5,3,6,89
retail,0.0,0,8,0.16666666666666666,2,12,0.5,2,4,9
retail,1.0,1,1,0.5,6,12,0.45454545454545453,5,11,90
retail,0.18181818181818182,2,11,0.25,3,12,1.0,1,1,91
retail,0.0,0,9,0.0,0,12,0.0,0,3,92
retail,0.375,3,8,0.5,6,12,0.75,3,4,93
retail,0.4,2,5,0.75,9,12,1.0,7,7,94
retail,0.5,4,8,0.5833333333333334,7,12,0.75,3,4,95
retail,0.5,2,4,0.5833333333333334,7,12,0.625,5,8,96
retail,0.4,2,5,0.5833333333333334,7,12,0.7142857142857143,5,7,97
retail,0.0,0,3,0.6666666666666666,8,12,0.8888888888888888,8,9,98
retail,0.75,9,12,0.75,9,12,,0,0,99
