dataset_name_clean,task_id,base,norm_clean,dataset_name_meta,norm_meta
openml__Australian__146818,146818,Australian,australian,,
openml__Click_prediction_small__190408,190408,Click_prediction_small,click-prediction-small,,
openml__LED-display-domain-7digit__125921,125921,LED-display-domain-7digit,led-display-domain-7digit,,
openml__MiceProtein__146800,146800,MiceProtein,miceprotein,,
openml__PhishingWebsites__14952,14952,PhishingWebsites,phishingwebsites,,
openml__Satellite__167211,167211,Satellite,satellite,,
openml__SpeedDating__146607,146607,SpeedDating,speeddating,,
openml__acute-inflammations__10089,10089,acute-inflammations,acute-inflammations,,
openml__ada_agnostic__3896,3896,ada_agnostic,ada-agnostic,,
openml__adult-census__3953,3953,adult-census,adult-census,,
openml__analcatdata_authorship__3549,3549,analcatdata_authorship,analcatdata-authorship,,
openml__analcatdata_boxing1__3540,3540,analcatdata_boxing1,analcatdata-boxing1,,
openml__analcatdata_chlamydia__3739,3739,analcatdata_chlamydia,analcatdata-chlamydia,,
openml__analcatdata_dmft__3560,3560,analcatdata_dmft,analcatdata-dmft,,
openml__anneal__2867,2867,anneal,anneal,,
openml__arrhythmia__5,5,arrhythmia,arrhythmia,,
openml__audiology__7,7,audiology,audiology,,
openml__autos__9,9,autos,autos,,
openml__balance-scale__11,11,balance-scale,balance-scale,,
openml__bank-marketing__14965,14965,bank-marketing,bank-marketing,,
openml__banknote-authentication__10093,10093,banknote-authentication,banknote-authentication,,
openml__blood-transfusion-service-center__10101,10101,blood-transfusion-service-center,blood-transfusion-service-center,,
openml__blood-transfusion-service-center__145836,145836,blood-transfusion-service-center,blood-transfusion-service-center,,
openml__breast-cancer__145799,145799,breast-cancer,breast-cancer,,
openml__breast-w__15,15,breast-w,breast-w,,
openml__car-evaluation__146192,146192,car-evaluation,car-evaluation,,
openml__car__146821,146821,car,car,,
openml__cardiotocography__9979,9979,cardiotocography,cardiotocography,,
openml__churn__167141,167141,churn,churn,,
openml__cjs__14967,14967,cjs,cjs,,
openml__cmc__23,23,cmc,cmc,,
openml__colic__25,25,colic,colic,,
openml__colic__27,27,colic,colic,,
openml__collins__3567,3567,collins,collins,,
openml__credit-approval__29,29,credit-approval,credit-approval,,
openml__cylinder-bands__14954,14954,cylinder-bands,cylinder-bands,,
openml__dermatology__35,35,dermatology,dermatology,,
openml__diabetes__37,37,diabetes,diabetes,,
openml__dna__167140,167140,dna,dna,,
openml__dresses-sales__125920,125920,dresses-sales,dresses-sales,,
openml__ecoli__145977,145977,ecoli,ecoli,,
openml__elevators__3711,3711,elevators,elevators,,
openml__eucalyptus__2079,2079,eucalyptus,eucalyptus,,
openml__fertility__9984,9984,fertility,fertility,,
openml__fri_c0_100_5__3620,3620,fri_c0_100_5,fri-c0-100-5,,
openml__fri_c3_100_5__3779,3779,fri_c3_100_5,fri-c3-100-5,,
openml__glass__40,40,glass,glass,,
openml__hayes-roth__146063,146063,hayes-roth,hayes-roth,,
openml__heart-c__48,48,heart-c,heart-c,,
openml__heart-h__50,50,heart-h,heart-h,,
openml__hill-valley__145847,145847,hill-valley,hill-valley,,
openml__ilpd__9971,9971,ilpd,ilpd,,
openml__ionosphere__145984,145984,ionosphere,ionosphere,,
openml__iris__59,59,iris,iris,,
openml__irish__3543,3543,irish,irish,,
openml__jasmine__168911,168911,jasmine,jasmine,,
openml__jm1__3904,3904,jm1,jm1,,
openml__kc1__3917,3917,kc1,kc1,,
openml__kc2__3913,3913,kc2,kc2,,
openml__kr-vs-kp__3,3,kr-vs-kp,kr-vs-kp,,
openml__labor__4,4,labor,labor,,
openml__libras__360948,360948,libras,libras,,
openml__lung-cancer__146024,146024,lung-cancer,lung-cancer,,
openml__lymph__10,10,lymph,lymph,,
openml__mfeat-factors__12,12,mfeat-factors,mfeat-factors,,
openml__mfeat-fourier__14,14,mfeat-fourier,mfeat-fourier,,
openml__mfeat-karhunen__16,16,mfeat-karhunen,mfeat-karhunen,,
openml__mfeat-morphological__18,18,mfeat-morphological,mfeat-morphological,,
openml__mfeat-zernike__22,22,mfeat-zernike,mfeat-zernike,,
openml__monks-problems-2__146065,146065,monks-problems-2,monks-problems-2,,
openml__mushroom__24,24,mushroom,mushroom,,
openml__musk__3950,3950,musk,musk,,
openml__ozone-level-8hr__9978,9978,ozone-level-8hr,ozone-level-8hr,,
openml__page-blocks__30,30,page-blocks,page-blocks,,
openml__pc1__3918,3918,pc1,pc1,,
openml__pc3__3903,3903,pc3,pc3,,
openml__pc4__3902,3902,pc4,pc4,,
openml__phoneme__9952,9952,phoneme,phoneme,,
openml__postoperative-patient-data__146210,146210,postoperative-patient-data,postoperative-patient-data,,
openml__primary-tumor__146032,146032,primary-tumor,primary-tumor,,
openml__profb__3561,3561,profb,profb,,
openml__qsar-biodeg__9957,9957,qsar-biodeg,qsar-biodeg,,
openml__rabe_266__3647,3647,rabe_266,rabe-266,,
openml__satimage__2074,2074,satimage,satimage,,
openml__scene__3485,3485,scene,scene,,
openml__semeion__9964,9964,semeion,semeion,,
openml__sick__3021,3021,sick,sick,,
openml__socmob__3797,3797,socmob,socmob,,
openml__sonar__39,39,sonar,sonar,,
openml__spambase__43,43,spambase,spambase,,
openml__splice__45,45,splice,splice,,
openml__steel-plates-fault__146817,146817,steel-plates-fault,steel-plates-fault,,
openml__synthetic_control__3512,3512,synthetic_control,synthetic-control,,
openml__tae__47,47,tae,tae,,
openml__tic-tac-toe__49,49,tic-tac-toe,tic-tac-toe,,
openml__transplant__3748,3748,transplant,transplant,,
openml__vehicle__53,53,vehicle,vehicle,,
openml__visualizing_environmental__3602,3602,visualizing_environmental,visualizing-environmental,,
openml__visualizing_livestock__3731,3731,visualizing_livestock,visualizing-livestock,,
openml__vowel__3022,3022,vowel,vowel,,
openml__wall-robot-navigation__9960,9960,wall-robot-navigation,wall-robot-navigation,,
openml__wdbc__9946,9946,wdbc,wdbc,,
openml__wilt__146820,146820,wilt,wilt,,
openml__yeast__145793,145793,yeast,yeast,,
