task_id,dataset_name_clean,base,norm,candidate_rows,candidate_names
3,openml__kr-vs-kp__3,kr-vs-kp,kr-vs-kp,0,
4,openml__labor__4,labor,labor,0,
5,openml__arrhythmia__5,arrhythmia,arrhythmia,0,
7,openml__audiology__7,audiology,audiology,0,
9,openml__autos__9,autos,autos,0,
10,openml__lymph__10,lymph,lymph,0,
11,openml__balance-scale__11,balance-scale,balance-scale,0,
12,openml__mfeat-factors__12,mfeat-factors,mfeat-factors,0,
14,openml__mfeat-fourier__14,mfeat-fourier,mfeat-fourier,0,
15,openml__breast-w__15,breast-w,breast-w,0,
16,openml__mfeat-karhunen__16,mfeat-karhunen,mfeat-karhunen,0,
18,openml__mfeat-morphological__18,mfeat-morphological,mfeat-morphological,0,
22,openml__mfeat-zernike__22,mfeat-zernike,mfeat-zernike,0,
23,openml__cmc__23,cmc,cmc,0,
24,openml__mushroom__24,mushroom,mushroom,0,
25,openml__colic__25,colic,colic,0,
27,openml__colic__27,colic,colic,0,
29,openml__credit-approval__29,credit-approval,credit-approval,0,
30,openml__page-blocks__30,page-blocks,page-blocks,0,
35,openml__dermatology__35,dermatology,dermatology,0,
37,openml__diabetes__37,diabetes,diabetes,0,
39,openml__sonar__39,sonar,sonar,0,
40,openml__glass__40,glass,glass,0,
43,openml__spambase__43,spambase,spambase,0,
45,openml__splice__45,splice,splice,0,
47,openml__tae__47,tae,tae,0,
48,openml__heart-c__48,heart-c,heart-c,0,
49,openml__tic-tac-toe__49,tic-tac-toe,tic-tac-toe,0,
50,openml__heart-h__50,heart-h,heart-h,0,
53,openml__vehicle__53,vehicle,vehicle,0,
59,openml__iris__59,iris,iris,0,
2074,openml__satimage__2074,satimage,satimage,0,
2079,openml__eucalyptus__2079,eucalyptus,eucalyptus,0,
2867,openml__anneal__2867,anneal,anneal,0,
3021,openml__sick__3021,sick,sick,0,
3022,openml__vowel__3022,vowel,vowel,0,
3485,openml__scene__3485,scene,scene,0,
3512,openml__synthetic_control__3512,synthetic_control,synthetic-control,0,
3540,openml__analcatdata_boxing1__3540,analcatdata_boxing1,analcatdata-boxing1,0,
3543,openml__irish__3543,irish,irish,0,
3549,openml__analcatdata_authorship__3549,analcatdata_authorship,analcatdata-authorship,0,
3560,openml__analcatdata_dmft__3560,analcatdata_dmft,analcatdata-dmft,0,
3561,openml__profb__3561,profb,profb,0,
3567,openml__collins__3567,collins,collins,0,
3602,openml__visualizing_environmental__3602,visualizing_environmental,visualizing-environmental,0,
3620,openml__fri_c0_100_5__3620,fri_c0_100_5,fri-c0-100-5,0,
3647,openml__rabe_266__3647,rabe_266,rabe-266,0,
3711,openml__elevators__3711,elevators,elevators,0,
3731,openml__visualizing_livestock__3731,visualizing_livestock,visualizing-livestock,0,
3739,openml__analcatdata_chlamydia__3739,analcatdata_chlamydia,analcatdata-chlamydia,0,
3748,openml__transplant__3748,transplant,transplant,0,
3779,openml__fri_c3_100_5__3779,fri_c3_100_5,fri-c3-100-5,0,
3797,openml__socmob__3797,socmob,socmob,0,
3896,openml__ada_agnostic__3896,ada_agnostic,ada-agnostic,0,
3902,openml__pc4__3902,pc4,pc4,0,
3903,openml__pc3__3903,pc3,pc3,0,
3904,openml__jm1__3904,jm1,jm1,0,
3913,openml__kc2__3913,kc2,kc2,0,
3917,openml__kc1__3917,kc1,kc1,0,
3918,openml__pc1__3918,pc1,pc1,0,
3950,openml__musk__3950,musk,musk,0,
3953,openml__adult-census__3953,adult-census,adult-census,0,
9946,openml__wdbc__9946,wdbc,wdbc,0,
9952,openml__phoneme__9952,phoneme,phoneme,0,
9957,openml__qsar-biodeg__9957,qsar-biodeg,qsar-biodeg,0,
9960,openml__wall-robot-navigation__9960,wall-robot-navigation,wall-robot-navigation,0,
9964,openml__semeion__9964,semeion,semeion,0,
9971,openml__ilpd__9971,ilpd,ilpd,0,
9978,openml__ozone-level-8hr__9978,ozone-level-8hr,ozone-level-8hr,0,
9979,openml__cardiotocography__9979,cardiotocography,cardiotocography,0,
9984,openml__fertility__9984,fertility,fertility,0,
10089,openml__acute-inflammations__10089,acute-inflammations,acute-inflammations,0,
10093,openml__banknote-authentication__10093,banknote-authentication,banknote-authentication,0,
10101,openml__blood-transfusion-service-center__10101,blood-transfusion-service-center,blood-transfusion-service-center,0,
14952,openml__PhishingWebsites__14952,PhishingWebsites,phishingwebsites,0,
14954,openml__cylinder-bands__14954,cylinder-bands,cylinder-bands,0,
14965,openml__bank-marketing__14965,bank-marketing,bank-marketing,0,
14967,openml__cjs__14967,cjs,cjs,0,
125920,openml__dresses-sales__125920,dresses-sales,dresses-sales,0,
125921,openml__LED-display-domain-7digit__125921,LED-display-domain-7digit,led-display-domain-7digit,0,
145793,openml__yeast__145793,yeast,yeast,0,
145799,openml__breast-cancer__145799,breast-cancer,breast-cancer,0,
145836,openml__blood-transfusion-service-center__145836,blood-transfusion-service-center,blood-transfusion-service-center,0,
145847,openml__hill-valley__145847,hill-valley,hill-valley,0,
145977,openml__ecoli__145977,ecoli,ecoli,0,
145984,openml__ionosphere__145984,ionosphere,ionosphere,0,
146024,openml__lung-cancer__146024,lung-cancer,lung-cancer,0,
146032,openml__primary-tumor__146032,primary-tumor,primary-tumor,0,
146063,openml__hayes-roth__146063,hayes-roth,hayes-roth,0,
146065,openml__monks-problems-2__146065,monks-problems-2,monks-problems-2,0,
146192,openml__car-evaluation__146192,car-evaluation,car-evaluation,0,
146210,openml__postoperative-patient-data__146210,postoperative-patient-data,postoperative-patient-data,0,
146607,openml__SpeedDating__146607,SpeedDating,speeddating,0,
146800,openml__MiceProtein__146800,MiceProtein,miceprotein,0,
146817,openml__steel-plates-fault__146817,steel-plates-fault,steel-plates-fault,0,
146818,openml__Australian__146818,Australian,australian,0,
146820,openml__wilt__146820,wilt,wilt,0,
146821,openml__car__146821,car,car,0,
167140,openml__dna__167140,dna,dna,0,
167141,openml__churn__167141,churn,churn,0,
167211,openml__Satellite__167211,Satellite,satellite,0,
168911,openml__jasmine__168911,jasmine,jasmine,0,
190408,openml__Click_prediction_small__190408,Click_prediction_small,click-prediction-small,0,
360948,openml__libras__360948,libras,libras,0,
