framework,effect_shift_outside_minus_cc18,abs_shift,family
NeuralNetTorch_r21_BAG_L1,-0.09528819193333848,0.09528819193333848,NeuralNetTorch
NeuralNetTorch_r193_BAG_L1,-0.09160127015909446,0.09160127015909446,NeuralNetTorch
NeuralNetTorch_r52_BAG_L1,-0.0879704988139115,0.0879704988139115,NeuralNetTorch
LinearModel_c1_BAG_L1,-0.08569636101682433,0.08569636101682433,LinearModel
NeuralNetTorch_r151_BAG_L1,-0.0851523403148276,0.0851523403148276,NeuralNetTorch
NeuralNetTorch_r110_BAG_L1,-0.08339894874288212,0.08339894874288212,NeuralNetTorch
NeuralNetTorch_r74_BAG_L1,0.08011339738071813,0.08011339738071813,NeuralNetTorch
NeuralNetTorch_r113_BAG_L1,0.07667775943886783,0.07667775943886783,NeuralNetTorch
NeuralNetTorch_r168_BAG_L1,0.07645672524326487,0.07645672524326487,NeuralNetTorch
NeuralNetTorch_r166_BAG_L1,0.07573970796000268,0.07573970796000268,NeuralNetTorch
NeuralNetTorch_r84_BAG_L1,-0.07550236230796578,0.07550236230796578,NeuralNetTorch
NeuralNetTorch_r94_BAG_L1,-0.07527218114109822,0.07527218114109822,NeuralNetTorch
NeuralNetTorch_r10_BAG_L1,-0.07416566459298556,0.07416566459298556,NeuralNetTorch
LinearModel_r36_BAG_L1,-0.07215760557024024,0.07215760557024024,LinearModel
LinearModel_r41_BAG_L1,-0.07182831583879007,0.07182831583879007,LinearModel
LinearModel_r8_BAG_L1,-0.0718261981170149,0.0718261981170149,LinearModel
LinearModel_r40_BAG_L1,-0.07169478497884023,0.07169478497884023,LinearModel
LinearModel_r29_BAG_L1,-0.07168391502230914,0.07168391502230914,LinearModel
LinearModel_r14_BAG_L1,-0.0716425549943107,0.0716425549943107,LinearModel
LinearModel_r28_BAG_L1,-0.07156560273703774,0.07156560273703774,LinearModel
LinearModel_r3_BAG_L1,-0.07153699921598487,0.07153699921598487,LinearModel
NeuralNetTorch_r11_BAG_L1,0.07135479963762315,0.07135479963762315,NeuralNetTorch
LinearModel_r34_BAG_L1,-0.07131950519379765,0.07131950519379765,LinearModel
LinearModel_r22_BAG_L1,-0.07128650484743022,0.07128650484743022,LinearModel
LinearModel_r18_BAG_L1,-0.07125011807194537,0.07125011807194537,LinearModel
LinearModel_r39_BAG_L1,-0.07124471684960738,0.07124471684960738,LinearModel
LinearModel_r25_BAG_L1,-0.07123270917153068,0.07123270917153068,LinearModel
LinearModel_r44_BAG_L1,-0.07107652212897073,0.07107652212897073,LinearModel
LinearModel_r46_BAG_L1,-0.07094626618169826,0.07094626618169826,LinearModel
LinearModel_r35_BAG_L1,-0.07094386989208863,0.07094386989208863,LinearModel
LinearModel_r4_BAG_L1,-0.07080513305950449,0.07080513305950449,LinearModel
LinearModel_r23_BAG_L1,-0.07077143205324986,0.07077143205324986,LinearModel
LinearModel_r50_BAG_L1,-0.0707471391446038,0.0707471391446038,LinearModel
LinearModel_r42_BAG_L1,-0.0706456777627746,0.0706456777627746,LinearModel
LinearModel_r32_BAG_L1,-0.07063149433160465,0.07063149433160465,LinearModel
LinearModel_r38_BAG_L1,-0.07052826898186595,0.07052826898186595,LinearModel
LinearModel_r49_BAG_L1,-0.07048241079886636,0.07048241079886636,LinearModel
LinearModel_r15_BAG_L1,-0.07039028254136619,0.07039028254136619,LinearModel
NeuralNetTorch_r126_BAG_L1,0.07033321042921784,0.07033321042921784,NeuralNetTorch
LinearModel_r5_BAG_L1,-0.07029751363015457,0.07029751363015457,LinearModel
LinearModel_r31_BAG_L1,-0.07025124882199853,0.07025124882199853,LinearModel
LinearModel_r27_BAG_L1,-0.07020375603318822,0.07020375603318822,LinearModel
LinearModel_r20_BAG_L1,-0.0699978315126289,0.0699978315126289,LinearModel
LinearModel_r16_BAG_L1,-0.06987936375487129,0.06987936375487129,LinearModel
LinearModel_r45_BAG_L1,-0.06976845199174372,0.06976845199174372,LinearModel
LinearModel_r21_BAG_L1,-0.06968339493877419,0.06968339493877419,LinearModel
LinearModel_r48_BAG_L1,-0.06962291566600184,0.06962291566600184,LinearModel
LinearModel_r47_BAG_L1,-0.0693617940477691,0.0693617940477691,LinearModel
LinearModel_r17_BAG_L1,-0.06935906829799685,0.06935906829799685,LinearModel
LinearModel_r24_BAG_L1,-0.06909583009084803,0.06909583009084803,LinearModel
LinearModel_r6_BAG_L1,-0.0689595066430701,0.0689595066430701,LinearModel
LinearModel_r43_BAG_L1,-0.06892870969006198,0.06892870969006198,LinearModel
XGBoost_r23_BAG_L1,0.06340739019049652,0.06340739019049652,XGBoost
NeuralNetTorch_r171_BAG_L1,0.06192317594881251,0.06192317594881251,NeuralNetTorch
NeuralNetTorch_r137_BAG_L1,-0.06111721215140841,0.06111721215140841,NeuralNetTorch
XGBoost_r32_BAG_L1,0.059032241930211254,0.059032241930211254,XGBoost
LightGBM_r74_BAG_L1,0.05808241219092524,0.05808241219092524,LightGBM
LightGBM_r181_BAG_L1,0.05744405024350477,0.05744405024350477,LightGBM
XGBoost_r42_BAG_L1,0.05583249375231254,0.05583249375231254,XGBoost
NeuralNetTorch_r25_BAG_L1,-0.054909682850979885,0.054909682850979885,NeuralNetTorch
LightGBM_r33_BAG_L1,0.0536022978776175,0.0536022978776175,LightGBM
NeuralNetTorch_r196_BAG_L1,-0.05332598599282548,0.05332598599282548,NeuralNetTorch
NeuralNetTorch_r191_BAG_L1,-0.053154891646640536,0.053154891646640536,NeuralNetTorch
NeuralNetTorch_r107_BAG_L1,-0.05180423577417621,0.05180423577417621,NeuralNetTorch
NeuralNetTorch_r114_BAG_L1,-0.05110151330682122,0.05110151330682122,NeuralNetTorch
XGBoost_r35_BAG_L1,0.049028842611645154,0.049028842611645154,XGBoost
LightGBM_r30_BAG_L1,0.04865548742375875,0.04865548742375875,LightGBM
NeuralNetTorch_r56_BAG_L1,-0.0483455020666412,0.0483455020666412,NeuralNetTorch
NeuralNetTorch_r91_BAG_L1,0.04818954923776789,0.04818954923776789,NeuralNetTorch
LightGBM_r54_BAG_L1,0.047738405994065085,0.047738405994065085,LightGBM
LightGBM_r184_BAG_L1,0.047372921606732274,0.047372921606732274,LightGBM
NeuralNetTorch_r55_BAG_L1,-0.045937306377603855,0.045937306377603855,NeuralNetTorch
XGBoost_r19_BAG_L1,0.045678937456955886,0.045678937456955886,XGBoost
NeuralNetTorch_r111_BAG_L1,-0.044620371335554805,0.044620371335554805,NeuralNetTorch
NeuralNetTorch_r124_BAG_L1,-0.04458944208518695,0.04458944208518695,NeuralNetTorch
LightGBM_r79_BAG_L1,0.044311291038726344,0.044311291038726344,LightGBM
NeuralNetTorch_r68_BAG_L1,-0.04406482797462821,0.04406482797462821,NeuralNetTorch
LightGBM_r56_BAG_L1,0.04376949864336753,0.04376949864336753,LightGBM
LightGBM_r156_BAG_L1,0.043763162853723094,0.043763162853723094,LightGBM
NeuralNetTorch_r122_BAG_L1,0.04315201037692991,0.04315201037692991,NeuralNetTorch
LightGBM_r150_BAG_L1,0.04307922856630361,0.04307922856630361,LightGBM
LightGBM_r154_BAG_L1,0.04284915363238051,0.04284915363238051,LightGBM
LightGBM_r63_BAG_L1,0.04268467331519807,0.04268467331519807,LightGBM
XGBoost_r33_BAG_L1,0.04116735938166968,0.04116735938166968,XGBoost
LinearModel_c2_BAG_L1,-0.04097490349576974,0.04097490349576974,LinearModel
LightGBM_r95_BAG_L1,0.040931544301900734,0.040931544301900734,LightGBM
LightGBM_r89_BAG_L1,0.040818220132630714,0.040818220132630714,LightGBM
LightGBM_r64_BAG_L1,0.040527526400137535,0.040527526400137535,LightGBM
NeuralNetTorch_r121_BAG_L1,0.040011858457513656,0.040011858457513656,NeuralNetTorch
LightGBM_c3_BAG_L1,0.03963968466527257,0.03963968466527257,LightGBM
LightGBM_r15_BAG_L1,0.039449574246253324,0.039449574246253324,LightGBM
NeuralNetTorch_r4_BAG_L1,0.03933693641265008,0.03933693641265008,NeuralNetTorch
NeuralNetTorch_r140_BAG_L1,0.03931800541711285,0.03931800541711285,NeuralNetTorch
LightGBM_r191_BAG_L1,0.039291826558406094,0.039291826558406094,LightGBM
LightGBM_r77_BAG_L1,0.039202717262501484,0.039202717262501484,LightGBM
NeuralNetTorch_r141_BAG_L1,0.03908763297356784,0.03908763297356784,NeuralNetTorch
LightGBM_r75_BAG_L1,0.03890840167320924,0.03890840167320924,LightGBM
NeuralNetTorch_r75_BAG_L1,-0.03884896563965113,0.03884896563965113,NeuralNetTorch
LightGBM_r101_BAG_L1,0.038659201307822404,0.038659201307822404,LightGBM
LightGBM_r46_BAG_L1,0.03828185926718136,0.03828185926718136,LightGBM
XGBoost_r43_BAG_L1,0.03800121433604277,0.03800121433604277,XGBoost
LightGBM_r85_BAG_L1,0.03747263160720586,0.03747263160720586,LightGBM
LightGBM_r175_BAG_L1,0.03745264226452749,0.03745264226452749,LightGBM
LightGBM_r195_BAG_L1,0.03729755676535839,0.03729755676535839,LightGBM
NeuralNetTorch_r163_BAG_L1,-0.03729623003716704,0.03729623003716704,NeuralNetTorch
LightGBM_c2_BAG_L1,0.037206692524879355,0.037206692524879355,LightGBM
LightGBM_r2_BAG_L1,0.03719532868352809,0.03719532868352809,LightGBM
LightGBM_r31_BAG_L1,0.0371475122111695,0.0371475122111695,LightGBM
NeuralNetTorch_r167_BAG_L1,-0.03709384838792189,0.03709384838792189,NeuralNetTorch
NeuralNetTorch_r131_BAG_L1,-0.03707222445699117,0.03707222445699117,NeuralNetTorch
LightGBM_r98_BAG_L1,0.0369456449741301,0.0369456449741301,LightGBM
LightGBM_c4_BAG_L1,0.03677230027890844,0.03677230027890844,LightGBM
XGBoost_r21_BAG_L1,0.03635726114081149,0.03635726114081149,XGBoost
LightGBM_r11_BAG_L1,0.036308336794930375,0.036308336794930375,LightGBM
LinearModel_r12_BAG_L1,-0.035121639660401584,0.035121639660401584,LinearModel
LightGBM_r131_BAG_L1,0.03497866428190591,0.03497866428190591,LightGBM
LinearModel_r2_BAG_L1,-0.034887090277724644,0.034887090277724644,LinearModel
NeuralNetTorch_r57_BAG_L1,0.03473318154046677,0.03473318154046677,NeuralNetTorch
LightGBM_r127_BAG_L1,0.03460346270204929,0.03460346270204929,LightGBM
LightGBM_r67_BAG_L1,0.03450747347055034,0.03450747347055034,LightGBM
LightGBM_r58_BAG_L1,0.03449288081732334,0.03449288081732334,LightGBM
LightGBM_r90_BAG_L1,0.03426856161190738,0.03426856161190738,LightGBM
LightGBM_r37_BAG_L1,0.03416637176172249,0.03416637176172249,LightGBM
LightGBM_r38_BAG_L1,0.03410262108484509,0.03410262108484509,LightGBM
LightGBM_r176_BAG_L1,0.034076264031023894,0.034076264031023894,LightGBM
LinearModel_r9_BAG_L1,-0.0340079439496486,0.0340079439496486,LinearModel
LinearModel_r19_BAG_L1,-0.03396038448650832,0.03396038448650832,LinearModel
LightGBM_r188_BAG_L1,0.03380739180349432,0.03380739180349432,LightGBM
NeuralNetTorch_r88_BAG_L1,0.03326260399851224,0.03326260399851224,NeuralNetTorch
LinearModel_r11_BAG_L1,-0.03312183441234741,0.03312183441234741,LinearModel
NeuralNetTorch_r90_BAG_L1,0.032957100005566675,0.032957100005566675,NeuralNetTorch
LightGBM_r53_BAG_L1,0.03294725048026014,0.03294725048026014,LightGBM
LightGBM_r133_BAG_L1,0.032868140066692246,0.032868140066692246,LightGBM
LightGBM_r60_BAG_L1,0.032503730041197096,0.032503730041197096,LightGBM
NeuralNetTorch_r165_BAG_L1,0.03241881926681902,0.03241881926681902,NeuralNetTorch
LinearModel_r10_BAG_L1,-0.03198989691750315,0.03198989691750315,LinearModel
LinearModel_r1_BAG_L1,-0.031975670920172845,0.031975670920172845,LinearModel
LinearModel_r33_BAG_L1,-0.03190596829236141,0.03190596829236141,LinearModel
LightGBM_r55_BAG_L1,0.03155428795454057,0.03155428795454057,LightGBM
LightGBM_r172_BAG_L1,0.0314927035096556,0.0314927035096556,LightGBM
LinearModel_r37_BAG_L1,-0.03126449081741477,0.03126449081741477,LinearModel
LightGBM_r52_BAG_L1,0.031178757533788435,0.031178757533788435,LightGBM
LightGBM_r159_BAG_L1,0.031143424173566827,0.031143424173566827,LightGBM
LinearModel_r26_BAG_L1,-0.031125443168192556,0.031125443168192556,LinearModel
LightGBM_r4_BAG_L1,0.031073134641341392,0.031073134641341392,LightGBM
LinearModel_r13_BAG_L1,-0.030853433179452047,0.030853433179452047,LinearModel
NeuralNetTorch_r9_BAG_L1,-0.0307278177352612,0.0307278177352612,NeuralNetTorch
NeuralNetTorch_r99_BAG_L1,0.030478952576818926,0.030478952576818926,NeuralNetTorch
NeuralNetTorch_r89_BAG_L1,0.0302369862702672,0.0302369862702672,NeuralNetTorch
LinearModel_r7_BAG_L1,-0.03019298533107255,0.03019298533107255,LinearModel
NeuralNetTorch_r62_BAG_L1,-0.030173159657059995,0.030173159657059995,NeuralNetTorch
LightGBM_r81_BAG_L1,0.029966167558624787,0.029966167558624787,LightGBM
LightGBM_r143_BAG_L1,0.029931013465477073,0.029931013465477073,LightGBM
LightGBM_r185_BAG_L1,0.029752699628199125,0.029752699628199125,LightGBM
LinearModel_r30_BAG_L1,-0.029606165904531617,0.029606165904531617,LinearModel
NeuralNetTorch_r119_BAG_L1,-0.02958748921836202,0.02958748921836202,NeuralNetTorch
LightGBM_r80_BAG_L1,0.029585177704071132,0.029585177704071132,LightGBM
LightGBM_r168_BAG_L1,0.029525718013804374,0.029525718013804374,LightGBM
XGBoost_r39_BAG_L1,0.029197149251196965,0.029197149251196965,XGBoost
NeuralNetTorch_r45_BAG_L1,-0.029191652629817173,0.029191652629817173,NeuralNetTorch
XGBoost_r13_BAG_L1,0.02910857261978205,0.02910857261978205,XGBoost
LightGBM_r7_BAG_L1,0.028980010942318474,0.028980010942318474,LightGBM
LightGBM_r50_BAG_L1,0.028866554227525577,0.028866554227525577,LightGBM
LightGBM_r43_BAG_L1,0.028711280698318468,0.028711280698318468,LightGBM
LightGBM_r104_BAG_L1,0.028661934094620214,0.028661934094620214,LightGBM
LightGBM_r186_BAG_L1,0.02858473253600945,0.02858473253600945,LightGBM
LightGBM_r170_BAG_L1,0.028561221784642328,0.028561221784642328,LightGBM
LightGBM_r61_BAG_L1,0.02853396111918183,0.02853396111918183,LightGBM
LightGBM_r92_BAG_L1,0.028444926156163685,0.028444926156163685,LightGBM
XGBoost_r40_BAG_L1,0.028369570655093813,0.028369570655093813,XGBoost
XGBoost_r41_BAG_L1,0.028220306796063275,0.028220306796063275,XGBoost
NeuralNetTorch_r95_BAG_L1,0.027993408218525934,0.027993408218525934,NeuralNetTorch
XGBoost_r16_BAG_L1,0.027883376824388184,0.027883376824388184,XGBoost
NeuralNetTorch_r50_BAG_L1,-0.027858025800136434,0.027858025800136434,NeuralNetTorch
LightGBM_r100_BAG_L1,0.02780375918511598,0.02780375918511598,LightGBM
NeuralNetTorch_r118_BAG_L1,-0.027699746101022753,0.027699746101022753,NeuralNetTorch
NeuralNetTorch_r35_BAG_L1,-0.027361467855390252,0.027361467855390252,NeuralNetTorch
NeuralNetTorch_r61_BAG_L1,0.02704630241599969,0.02704630241599969,NeuralNetTorch
LightGBM_r139_BAG_L1,0.02703940521844321,0.02703940521844321,LightGBM
LightGBM_r12_BAG_L1,0.026737783182136612,0.026737783182136612,LightGBM
LightGBM_r107_BAG_L1,0.026483375299814264,0.026483375299814264,LightGBM
NeuralNetTorch_r66_BAG_L1,0.026459662605937035,0.026459662605937035,NeuralNetTorch
NeuralNetTorch_r7_BAG_L1,-0.02636503140422601,0.02636503140422601,NeuralNetTorch
NeuralNetTorch_r103_BAG_L1,0.02596309784750644,0.02596309784750644,NeuralNetTorch
LightGBM_r24_BAG_L1,0.025856937276676446,0.025856937276676446,LightGBM
NeuralNetTorch_r108_BAG_L1,-0.025749737889995083,0.025749737889995083,NeuralNetTorch
LightGBM_r145_BAG_L1,0.02537060097573958,0.02537060097573958,LightGBM
NeuralNetTorch_c4_BAG_L1,-0.025308945158410662,0.025308945158410662,NeuralNetTorch
XGBoost_r38_BAG_L1,0.025255032829415894,0.025255032829415894,XGBoost
LightGBM_r151_BAG_L1,0.025230784700230775,0.025230784700230775,LightGBM
LightGBM_r108_BAG_L1,0.02501286266364959,0.02501286266364959,LightGBM
NeuralNetTorch_r186_BAG_L1,0.02500391554385113,0.02500391554385113,NeuralNetTorch
XGBoost_r34_BAG_L1,0.024715535784104,0.024715535784104,XGBoost
LightGBM_c1_BAG_L1,0.024641897310025952,0.024641897310025952,LightGBM
NeuralNetTorch_r18_BAG_L1,-0.02446229452132306,0.02446229452132306,NeuralNetTorch
XGBoost_r30_BAG_L1,0.024342930892544076,0.024342930892544076,XGBoost
NeuralNetTorch_r129_BAG_L1,-0.02374739862046655,0.02374739862046655,NeuralNetTorch
LightGBM_r35_BAG_L1,0.023711996585930026,0.023711996585930026,LightGBM
NeuralNetTorch_r14_BAG_L1,-0.02369662832742345,0.02369662832742345,NeuralNetTorch
NeuralNetTorch_r32_BAG_L1,0.02353782332011492,0.02353782332011492,NeuralNetTorch
NeuralNetTorch_r134_BAG_L1,-0.023488236216885363,0.023488236216885363,NeuralNetTorch
NeuralNetTorch_r162_BAG_L1,-0.023362749444730487,0.023362749444730487,NeuralNetTorch
XGBoost_r31_BAG_L1,0.02328102783609148,0.02328102783609148,XGBoost
LightGBM_r141_BAG_L1,0.022880369054438333,0.022880369054438333,LightGBM
NeuralNetTorch_r176_BAG_L1,0.022841212464231667,0.022841212464231667,NeuralNetTorch
NeuralNetTorch_r65_BAG_L1,0.022708030339193903,0.022708030339193903,NeuralNetTorch
LightGBM_r44_BAG_L1,0.02256841767518953,0.02256841767518953,LightGBM
NeuralNetTorch_r53_BAG_L1,0.0223651616754191,0.0223651616754191,NeuralNetTorch
XGBoost_r14_BAG_L1,0.02214200892952557,0.02214200892952557,XGBoost
NeuralNetTorch_r169_BAG_L1,0.02201491263589788,0.02201491263589788,NeuralNetTorch
XGBoost_r17_BAG_L1,0.02201217168802047,0.02201217168802047,XGBoost
NeuralNetTorch_r59_BAG_L1,0.021964971446507546,0.021964971446507546,NeuralNetTorch
NeuralNetTorch_r48_BAG_L1,0.021822726121407985,0.021822726121407985,NeuralNetTorch
LightGBM_r21_BAG_L1,0.021772148785345807,0.021772148785345807,LightGBM
LightGBM_r16_BAG_L1,0.021634764226468865,0.021634764226468865,LightGBM
NeuralNetTorch_r13_BAG_L1,-0.021549379799395897,0.021549379799395897,NeuralNetTorch
NeuralNetTorch_r135_BAG_L1,0.02142964324347863,0.02142964324347863,NeuralNetTorch
LightGBM_r19_BAG_L1,0.021414464027320966,0.021414464027320966,LightGBM
NeuralNetTorch_r127_BAG_L1,0.02115296144165638,0.02115296144165638,NeuralNetTorch
NeuralNetTorch_r159_BAG_L1,-0.021099507334063936,0.021099507334063936,NeuralNetTorch
LightGBM_r196_BAG_L1,0.02100804778258749,0.02100804778258749,LightGBM
LightGBM_r178_BAG_L1,0.020836826224957406,0.020836826224957406,LightGBM
NeuralNetTorch_r42_BAG_L1,0.020698786864971057,0.020698786864971057,NeuralNetTorch
NeuralNetTorch_r197_BAG_L1,-0.02065443430971129,0.02065443430971129,NeuralNetTorch
NeuralNetTorch_r187_BAG_L1,-0.020653217230221312,0.020653217230221312,NeuralNetTorch
NeuralNetTorch_r148_BAG_L1,0.020610215755623697,0.020610215755623697,NeuralNetTorch
NeuralNetTorch_r177_BAG_L1,-0.020389308734891483,0.020389308734891483,NeuralNetTorch
LightGBM_r134_BAG_L1,0.020138258474746866,0.020138258474746866,LightGBM
NeuralNetTorch_r190_BAG_L1,-0.020128247648856276,0.020128247648856276,NeuralNetTorch
LightGBM_r82_BAG_L1,0.02005420222599971,0.02005420222599971,LightGBM
NeuralNetTorch_r98_BAG_L1,-0.02000223565536102,0.02000223565536102,NeuralNetTorch
NeuralNetTorch_r194_BAG_L1,-0.019975211908545943,0.019975211908545943,NeuralNetTorch
XGBoost_r20_BAG_L1,0.0198803245842076,0.0198803245842076,XGBoost
LightGBM_r70_BAG_L1,0.019842478180666097,0.019842478180666097,LightGBM
NeuralNetTorch_r155_BAG_L1,0.019401269724706398,0.019401269724706398,NeuralNetTorch
LightGBM_r179_BAG_L1,0.01934511195956109,0.01934511195956109,LightGBM
LightGBM_r137_BAG_L1,0.019261134753765678,0.019261134753765678,LightGBM
LightGBM_r190_BAG_L1,0.019128900706117197,0.019128900706117197,LightGBM
NeuralNetTorch_r188_BAG_L1,-0.01908171688131391,0.01908171688131391,NeuralNetTorch
LightGBM_r65_BAG_L1,0.01904490308898336,0.01904490308898336,LightGBM
NeuralNetTorch_r23_BAG_L1,-0.018869120312076635,0.018869120312076635,NeuralNetTorch
LightGBM_r200_BAG_L1,0.018842276017923033,0.018842276017923033,LightGBM
XGBoost_r15_BAG_L1,0.018571708068071558,0.018571708068071558,XGBoost
LightGBM_r128_BAG_L1,0.018474155761349267,0.018474155761349267,LightGBM
XGBoost_r18_BAG_L1,0.01840872944960504,0.01840872944960504,XGBoost
NeuralNetTorch_r183_BAG_L1,-0.018317319346711824,0.018317319346711824,NeuralNetTorch
LightGBM_r28_BAG_L1,0.01813046148267024,0.01813046148267024,LightGBM
XGBoost_r22_BAG_L1,0.018085740418777797,0.018085740418777797,XGBoost
NeuralNetTorch_r92_BAG_L1,-0.01792661422234153,0.01792661422234153,NeuralNetTorch
NeuralNetTorch_c2_BAG_L1,-0.01782518863375068,0.01782518863375068,NeuralNetTorch
NeuralNetTorch_r117_BAG_L1,0.017514882232569633,0.017514882232569633,NeuralNetTorch
XGBoost_r29_BAG_L1,0.017464723042447186,0.017464723042447186,XGBoost
NeuralNetTorch_r5_BAG_L1,-0.017342199186814098,0.017342199186814098,NeuralNetTorch
NeuralNetTorch_r144_BAG_L1,0.017307082951538565,0.017307082951538565,NeuralNetTorch
NeuralNetTorch_r179_BAG_L1,-0.01725551761230466,0.01725551761230466,NeuralNetTorch
LightGBM_r182_BAG_L1,0.01713195525274452,0.01713195525274452,LightGBM
NeuralNetTorch_r17_BAG_L1,-0.016984539085466585,0.016984539085466585,NeuralNetTorch
LightGBM_r1_BAG_L1,0.016967024855251745,0.016967024855251745,LightGBM
LightGBM_r22_BAG_L1,-0.016833206429102233,0.016833206429102233,LightGBM
NeuralNetTorch_r156_BAG_L1,-0.01674640531557178,0.01674640531557178,NeuralNetTorch
LightGBM_r73_BAG_L1,0.016471724334292163,0.016471724334292163,LightGBM
NeuralNetTorch_r79_BAG_L1,0.016420069143071335,0.016420069143071335,NeuralNetTorch
LightGBM_r163_BAG_L1,0.016287554356007792,0.016287554356007792,LightGBM
NeuralNetTorch_r100_BAG_L1,-0.016238686522246318,0.016238686522246318,NeuralNetTorch
NeuralNetTorch_r112_BAG_L1,-0.01609369935799282,0.01609369935799282,NeuralNetTorch
NeuralNetTorch_r33_BAG_L1,-0.015928648194503344,0.015928648194503344,NeuralNetTorch
NeuralNetTorch_r104_BAG_L1,0.015886850504259076,0.015886850504259076,NeuralNetTorch
LightGBM_r49_BAG_L1,0.015699874659523872,0.015699874659523872,LightGBM
NeuralNetTorch_r96_BAG_L1,-0.015664650383032455,0.015664650383032455,NeuralNetTorch
NeuralNetTorch_r54_BAG_L1,-0.015523369850766727,0.015523369850766727,NeuralNetTorch
NeuralNetTorch_r173_BAG_L1,-0.015461508121505662,0.015461508121505662,NeuralNetTorch
NeuralNetTorch_r78_BAG_L1,0.01542403649898356,0.01542403649898356,NeuralNetTorch
NeuralNetTorch_r58_BAG_L1,-0.015398197183175004,0.015398197183175004,NeuralNetTorch
NeuralNetTorch_r30_BAG_L1,0.015377838691593017,0.015377838691593017,NeuralNetTorch
LightGBM_r23_BAG_L1,0.015365200373016589,0.015365200373016589,LightGBM
NeuralNetTorch_r63_BAG_L1,-0.015275673538762632,0.015275673538762632,NeuralNetTorch
NeuralNetTorch_r41_BAG_L1,-0.015226650366124863,0.015226650366124863,NeuralNetTorch
LightGBM_r167_BAG_L1,0.01505515899394137,0.01505515899394137,LightGBM
LightGBM_r198_BAG_L1,0.015022993714408454,0.015022993714408454,LightGBM
LightGBM_r3_BAG_L1,0.014890440512564206,0.014890440512564206,LightGBM
LightGBM_r6_BAG_L1,-0.014868007458897247,0.014868007458897247,LightGBM
LightGBM_r97_BAG_L1,0.014847626084346189,0.014847626084346189,LightGBM
LightGBM_r187_BAG_L1,0.014810058400398736,0.014810058400398736,LightGBM
LightGBM_r152_BAG_L1,0.014727220139450579,0.014727220139450579,LightGBM
NeuralNetTorch_r147_BAG_L1,0.014369549913192708,0.014369549913192708,NeuralNetTorch
NeuralNetTorch_r26_BAG_L1,-0.014334207625815488,0.014334207625815488,NeuralNetTorch
NeuralNetTorch_r69_BAG_L1,0.01422775576967741,0.01422775576967741,NeuralNetTorch
NeuralNetTorch_r189_BAG_L1,-0.01413880735459773,0.01413880735459773,NeuralNetTorch
NeuralNetTorch_r123_BAG_L1,-0.014113769717110314,0.014113769717110314,NeuralNetTorch
NeuralNetTorch_r87_BAG_L1,0.01337639328468584,0.01337639328468584,NeuralNetTorch
LightGBM_r27_BAG_L1,0.013280011183082665,0.013280011183082665,LightGBM
NeuralNetTorch_c1_BAG_L1,0.013259217273074992,0.013259217273074992,NeuralNetTorch
LightGBM_r62_BAG_L1,0.01320953997827444,0.01320953997827444,LightGBM
LightGBM_r164_BAG_L1,0.01319030260782821,0.01319030260782821,LightGBM
NeuralNetTorch_r67_BAG_L1,0.012907021399135616,0.012907021399135616,NeuralNetTorch
NeuralNetTorch_r72_BAG_L1,-0.012892902035754761,0.012892902035754761,NeuralNetTorch
LightGBM_r171_BAG_L1,0.012889500267401231,0.012889500267401231,LightGBM
LightGBM_r34_BAG_L1,0.01278041698990341,0.01278041698990341,LightGBM
NeuralNetTorch_r80_BAG_L1,-0.01277876718675459,0.01277876718675459,NeuralNetTorch
NeuralNetTorch_r195_BAG_L1,0.012653676870868238,0.012653676870868238,NeuralNetTorch
NeuralNetTorch_r73_BAG_L1,0.01250226873532778,0.01250226873532778,NeuralNetTorch
LightGBM_r40_BAG_L1,0.012449258048912103,0.012449258048912103,LightGBM
LightGBM_r32_BAG_L1,0.012306951878070734,0.012306951878070734,LightGBM
NeuralNetTorch_r83_BAG_L1,0.011713573269327014,0.011713573269327014,NeuralNetTorch
NeuralNetTorch_r34_BAG_L1,-0.011587907933596169,0.011587907933596169,NeuralNetTorch
LightGBM_r42_BAG_L1,0.011297380185381794,0.011297380185381794,LightGBM
NeuralNetTorch_r130_BAG_L1,-0.011246638931221376,0.011246638931221376,NeuralNetTorch
LightGBM_r10_BAG_L1,0.011219968779303835,0.011219968779303835,LightGBM
NeuralNetTorch_r22_BAG_L1,0.011103212751965897,0.011103212751965897,NeuralNetTorch
LightGBM_r94_BAG_L1,0.011060584667364077,0.011060584667364077,LightGBM
NeuralNetTorch_r115_BAG_L1,0.011039228967991886,0.011039228967991886,NeuralNetTorch
NeuralNetTorch_r139_BAG_L1,0.011003786549642859,0.011003786549642859,NeuralNetTorch
NeuralNetTorch_r38_BAG_L1,0.010994746314181255,0.010994746314181255,NeuralNetTorch
NeuralNetTorch_r150_BAG_L1,-0.01093627955324029,0.01093627955324029,NeuralNetTorch
NeuralNetTorch_r125_BAG_L1,-0.010900333488510511,0.010900333488510511,NeuralNetTorch
NeuralNetTorch_r86_BAG_L1,0.01075256016286593,0.01075256016286593,NeuralNetTorch
NeuralNetTorch_r136_BAG_L1,-0.01064097778786782,0.01064097778786782,NeuralNetTorch
NeuralNetTorch_r12_BAG_L1,-0.010613564648104137,0.010613564648104137,NeuralNetTorch
NeuralNetTorch_r132_BAG_L1,0.010601496298696956,0.010601496298696956,NeuralNetTorch
LightGBM_r155_BAG_L1,0.010338139862622654,0.010338139862622654,LightGBM
NeuralNetTorch_r1_BAG_L1,-0.01022368219270343,0.01022368219270343,NeuralNetTorch
LightGBM_r174_BAG_L1,0.010164092763876097,0.010164092763876097,LightGBM
LightGBM_r142_BAG_L1,0.010110848558716266,0.010110848558716266,LightGBM
LightGBM_r86_BAG_L1,0.010100502351145329,0.010100502351145329,LightGBM
LightGBM_r68_BAG_L1,0.009910688033150062,0.009910688033150062,LightGBM
NeuralNetTorch_r149_BAG_L1,-0.009719431164832242,0.009719431164832242,NeuralNetTorch
NeuralNetTorch_r174_BAG_L1,0.009634721586415573,0.009634721586415573,NeuralNetTorch
NeuralNetTorch_r192_BAG_L1,0.009459990907838058,0.009459990907838058,NeuralNetTorch
NeuralNetTorch_r142_BAG_L1,0.009360663664979603,0.009360663664979603,NeuralNetTorch
NeuralNetTorch_r164_BAG_L1,-0.009355397827403227,0.009355397827403227,NeuralNetTorch
NeuralNetTorch_r39_BAG_L1,-0.009305797213948601,0.009305797213948601,NeuralNetTorch
NeuralNetTorch_r29_BAG_L1,0.009260703567690015,0.009260703567690015,NeuralNetTorch
LightGBM_r102_BAG_L1,-0.009070871489229724,0.009070871489229724,LightGBM
LightGBM_r13_BAG_L1,-0.008900305369834705,0.008900305369834705,LightGBM
NeuralNetTorch_r20_BAG_L1,-0.008851650843956633,0.008851650843956633,NeuralNetTorch
NeuralNetTorch_r47_BAG_L1,0.008750089497216096,0.008750089497216096,NeuralNetTorch
LightGBM_r144_BAG_L1,-0.008678142409659795,0.008678142409659795,LightGBM
NeuralNetTorch_r46_BAG_L1,-0.008475901302520485,0.008475901302520485,NeuralNetTorch
NeuralNetTorch_r36_BAG_L1,-0.008465494980810256,0.008465494980810256,NeuralNetTorch
NeuralNetTorch_r51_BAG_L1,0.00837320946965757,0.00837320946965757,NeuralNetTorch
LightGBM_r48_BAG_L1,0.0082877515276146,0.0082877515276146,LightGBM
LightGBM_r194_BAG_L1,-0.008265828758627471,0.008265828758627471,LightGBM
LightGBM_r76_BAG_L1,0.0081429026516694,0.0081429026516694,LightGBM
NeuralNetTorch_r49_BAG_L1,0.008114745173295001,0.008114745173295001,NeuralNetTorch
NeuralNetTorch_r161_BAG_L1,0.00803983557457747,0.00803983557457747,NeuralNetTorch
LightGBM_r189_BAG_L1,0.007940647120358567,0.007940647120358567,LightGBM
NeuralNetTorch_r116_BAG_L1,0.007800542558098331,0.007800542558098331,NeuralNetTorch
NeuralNetTorch_r60_BAG_L1,-0.007768347708085339,0.007768347708085339,NeuralNetTorch
NeuralNetTorch_r37_BAG_L1,-0.007661485726009239,0.007661485726009239,NeuralNetTorch
LightGBM_r99_BAG_L1,-0.007646363903491337,0.007646363903491337,LightGBM
NeuralNetTorch_r2_BAG_L1,0.007593814339391596,0.007593814339391596,NeuralNetTorch
NeuralNetTorch_r133_BAG_L1,-0.0075530822583233645,0.0075530822583233645,NeuralNetTorch
NeuralNetTorch_r8_BAG_L1,0.007540608358419092,0.007540608358419092,NeuralNetTorch
NeuralNetTorch_r6_BAG_L1,-0.00743951509273332,0.00743951509273332,NeuralNetTorch
NeuralNetTorch_r154_BAG_L1,0.0073768734309333315,0.0073768734309333315,NeuralNetTorch
NeuralNetTorch_r182_BAG_L1,-0.007319183891049777,0.007319183891049777,NeuralNetTorch
LightGBM_r180_BAG_L1,0.007218965182917449,0.007218965182917449,LightGBM
NeuralNetTorch_r97_BAG_L1,0.007205227519400362,0.007205227519400362,NeuralNetTorch
LightGBM_r147_BAG_L1,0.007193869453738344,0.007193869453738344,LightGBM
LightGBM_r14_BAG_L1,-0.0069206772218755345,0.0069206772218755345,LightGBM
LightGBM_r192_BAG_L1,0.006823347305743516,0.006823347305743516,LightGBM
LightGBM_r66_BAG_L1,0.006810575544369695,0.006810575544369695,LightGBM
NeuralNetTorch_r93_BAG_L1,0.006810284713881547,0.006810284713881547,NeuralNetTorch
LightGBM_r51_BAG_L1,-0.006730752283169354,0.006730752283169354,LightGBM
LightGBM_r129_BAG_L1,-0.006665466053057811,0.006665466053057811,LightGBM
LightGBM_r93_BAG_L1,0.006615453997799406,0.006615453997799406,LightGBM
LightGBM_r26_BAG_L1,-0.006151220286761573,0.006151220286761573,LightGBM
NeuralNetTorch_r81_BAG_L1,-0.0061453490788080534,0.0061453490788080534,NeuralNetTorch
LightGBM_r39_BAG_L1,0.006140283122631764,0.006140283122631764,LightGBM
NeuralNetTorch_r180_BAG_L1,-0.005993329304666687,0.005993329304666687,NeuralNetTorch
LightGBM_r162_BAG_L1,-0.0059048707923070615,0.0059048707923070615,LightGBM
NeuralNetTorch_r198_BAG_L1,-0.005850349987930013,0.005850349987930013,NeuralNetTorch
NeuralNetTorch_r185_BAG_L1,0.005455148148674691,0.005455148148674691,NeuralNetTorch
NeuralNetTorch_r158_BAG_L1,0.00527174799138354,0.00527174799138354,NeuralNetTorch
LightGBM_r130_BAG_L1,-0.005045623305351397,0.005045623305351397,LightGBM
NeuralNetTorch_r43_BAG_L1,-0.004935447162793075,0.004935447162793075,NeuralNetTorch
NeuralNetTorch_r170_BAG_L1,-0.0049169114358969725,0.0049169114358969725,NeuralNetTorch
LightGBM_r193_BAG_L1,-0.0048980013660361475,0.0048980013660361475,LightGBM
NeuralNetTorch_r106_BAG_L1,-0.004806317289664687,0.004806317289664687,NeuralNetTorch
NeuralNetTorch_r184_BAG_L1,-0.004409625945795138,0.004409625945795138,NeuralNetTorch
NeuralNetTorch_r31_BAG_L1,-0.004333742982839411,0.004333742982839411,NeuralNetTorch
NeuralNetTorch_r24_BAG_L1,0.004286907037738517,0.004286907037738517,NeuralNetTorch
NeuralNetTorch_r27_BAG_L1,0.00415809645806625,0.00415809645806625,NeuralNetTorch
NeuralNetTorch_r152_BAG_L1,0.004123549990652594,0.004123549990652594,NeuralNetTorch
NeuralNetTorch_r172_BAG_L1,0.0038203102660425313,0.0038203102660425313,NeuralNetTorch
NeuralNetTorch_r19_BAG_L1,-0.0035821318556406643,0.0035821318556406643,NeuralNetTorch
NeuralNetTorch_r16_BAG_L1,0.003525146555249208,0.003525146555249208,NeuralNetTorch
LightGBM_r96_BAG_L1,0.003518495141288108,0.003518495141288108,LightGBM
LightGBM_r173_BAG_L1,-0.003478498450178631,0.003478498450178631,LightGBM
LightGBM_r18_BAG_L1,0.003271432549617515,0.003271432549617515,LightGBM
LightGBM_r148_BAG_L1,-0.0031381507122815893,0.0031381507122815893,LightGBM
LightGBM_r138_BAG_L1,-0.003032653514839526,0.003032653514839526,LightGBM
LightGBM_r25_BAG_L1,-0.0028320717388893874,0.0028320717388893874,LightGBM
NeuralNetTorch_r64_BAG_L1,-0.0026555011152818997,0.0026555011152818997,NeuralNetTorch
NeuralNetTorch_r199_BAG_L1,-0.0026362667320727184,0.0026362667320727184,NeuralNetTorch
NeuralNetTorch_r82_BAG_L1,0.002634540576903203,0.002634540576903203,NeuralNetTorch
LightGBM_r157_BAG_L1,0.0025549589915673165,0.0025549589915673165,LightGBM
NeuralNetTorch_r143_BAG_L1,0.0025404922194146038,0.0025404922194146038,NeuralNetTorch
NeuralNetTorch_r138_BAG_L1,-0.0024829803984734375,0.0024829803984734375,NeuralNetTorch
NeuralNetTorch_r181_BAG_L1,-0.0023913027178838094,0.0023913027178838094,NeuralNetTorch
NeuralNetTorch_r109_BAG_L1,-0.002385791172201043,0.002385791172201043,NeuralNetTorch
NeuralNetTorch_r77_BAG_L1,-0.002376435770968385,0.002376435770968385,NeuralNetTorch
NeuralNetTorch_r157_BAG_L1,-0.0023167000041508187,0.0023167000041508187,NeuralNetTorch
NeuralNetTorch_r120_BAG_L1,-0.0022570267246480513,0.0022570267246480513,NeuralNetTorch
NeuralNetTorch_r145_BAG_L1,0.0022505555417769376,0.0022505555417769376,NeuralNetTorch
NeuralNetTorch_r70_BAG_L1,-0.0022384783008337072,0.0022384783008337072,NeuralNetTorch
LightGBM_r166_BAG_L1,0.002192789319481238,0.002192789319481238,LightGBM
LightGBM_r41_BAG_L1,-0.002179155296869416,0.002179155296869416,LightGBM
NeuralNetTorch_r153_BAG_L1,0.0020305155227252304,0.0020305155227252304,NeuralNetTorch
LightGBM_r83_BAG_L1,0.002030041786618157,0.002030041786618157,LightGBM
NeuralNetTorch_r102_BAG_L1,0.0020268943964327005,0.0020268943964327005,NeuralNetTorch
NeuralNetTorch_r76_BAG_L1,0.0019247804015456755,0.0019247804015456755,NeuralNetTorch
LightGBM_r36_BAG_L1,0.0018975460505317341,0.0018975460505317341,LightGBM
NeuralNetTorch_r44_BAG_L1,0.0018328318690847196,0.0018328318690847196,NeuralNetTorch
LightGBM_r78_BAG_L1,0.0017807521056226162,0.0017807521056226162,LightGBM
LightGBM_r57_BAG_L1,0.0017453094338815418,0.0017453094338815418,LightGBM
NeuralNetTorch_r175_BAG_L1,-0.0016779922345841023,0.0016779922345841023,NeuralNetTorch
NeuralNetTorch_r105_BAG_L1,0.0015993255238646972,0.0015993255238646972,NeuralNetTorch
LightGBM_r105_BAG_L1,0.001584353937724986,0.001584353937724986,LightGBM
NeuralNetTorch_r128_BAG_L1,-0.0015581019317702622,0.0015581019317702622,NeuralNetTorch
LightGBM_r153_BAG_L1,-0.0015032907619563572,0.0015032907619563572,LightGBM
LightGBM_r146_BAG_L1,-0.0014192884410194387,0.0014192884410194387,LightGBM
NeuralNetTorch_r28_BAG_L1,0.0014116728376170986,0.0014116728376170986,NeuralNetTorch
LightGBM_r158_BAG_L1,-0.0013183019980338362,0.0013183019980338362,LightGBM
NeuralNetTorch_r200_BAG_L1,-0.0011742522810515342,0.0011742522810515342,NeuralNetTorch
NeuralNetTorch_c3_BAG_L1,0.0010759654774016056,0.0010759654774016056,NeuralNetTorch
NeuralNetTorch_r178_BAG_L1,-0.001023192337141576,0.001023192337141576,NeuralNetTorch
NeuralNetTorch_r146_BAG_L1,-0.0009259427302336788,0.0009259427302336788,NeuralNetTorch
NeuralNetTorch_r71_BAG_L1,-0.0008216154949591137,0.0008216154949591137,NeuralNetTorch
LightGBM_r8_BAG_L1,0.0007630517496623962,0.0007630517496623962,LightGBM
LightGBM_r106_BAG_L1,-0.0006921122561736729,0.0006921122561736729,LightGBM
NeuralNetTorch_r3_BAG_L1,-0.0006458816328963653,0.0006458816328963653,NeuralNetTorch
NeuralNetTorch_r85_BAG_L1,0.0004779167852010318,0.0004779167852010318,NeuralNetTorch
LightGBM_r20_BAG_L1,-0.00027135551009818746,0.00027135551009818746,LightGBM
LightGBM_r132_BAG_L1,0.0002686583701118389,0.0002686583701118389,LightGBM
NeuralNetTorch_r101_BAG_L1,-0.0002670309337335133,0.0002670309337335133,NeuralNetTorch
NeuralNetTorch_r15_BAG_L1,0.00012304021835583454,0.00012304021835583454,NeuralNetTorch
